zipcode,density_type
24937,1
24103,1
23539,1
24534,1
25541,2
25746,2
25715,3
25712,3
25721,3
25727,3
25693,3
25709,2
25718,3
25709,3
25724,3
25791,3
25779,3
25786,3
25788,3
25794,3
25782,3
25774,3
25776,3
25799,3
25770,3
25792,3
25746,3
25785,3
25795,3
25797,3
25767,3
25704,3
25719,3
25704,2
25725,3
25729,3
25761,2
25764,3
25761,3
21502,2
21481,2
23879,2
23909,2
21493,2
21465,2
23919,3
23847,3
23628,3
23881,3
23883,3
21514,3
21493,3
21516,3
23899,3
21514,2
21521,2
21039,2
21521,3
21526,3
21529,2
21502,3
21483,3
21481,3
23909,3
23911,3
23911,2
23627,2
23627,3
21524,3
22946,3
22929,3
21527,3
22958,3
23898,3
23860,3
22959,3
23896,3
25840,3
25813,2
25821,3
25832,3
25980,2
25836,3
25870,3
25826,3
25881,3
25882,3
25997,3
25999,3
25992,3
25996,2
25885,3
25850,3
25855,3
25864,3
25884,3
25813,3
25869,3
25859,3
25863,3
25849,3
25938,3
25946,3
25938,2
25917,3
25927,3
25899,3
25923,3
25926,3
25924,3
25917,2
25899,2
25920,3
25860,3
25878,3
25845,3
25876,3
25856,3
25866,2
25873,3
25872,3
25889,3
25887,3
25853,3
25842,3
25852,3
25821,2
25862,3
25858,3
23623,3
23611,2
23715,3
23747,3
23701,2
23743,3
23749,3
23774,2
23746,3
23714,2
23730,2
23758,2
23626,2
23617,2
23701,3
23669,2
23683,2
23769,3
23758,3
23775,3
23777,3
23779,3
23738,3
23730,3
23717,3
23744,3
25355,2
25474,2
25335,1
25469,2
25474,3
27498,3
25421,2
25451,2
25462,2
22869,2
25436,2
22880,2
25336,2
25365,2
25337,2
25370,3
25335,3
25371,3
25337,3
25364,3
25355,3
25485,3
25373,3
25494,2
25495,2
25497,2
25499,3
25482,2
25489,3
25492,2
25491,3
25488,3
25436,3
24326,3
24620,2
24306,3
24306,2
24211,2
24223,2
24321,3
24327,3
24329,3
24257,3
23714,3
24321,2
24245,3
24220,3
24250,3
24211,3
24217,3
24235,2
24253,3
24235,3
24256,3
24232,3
24238,3
24226,2
24248,2
24232,2
24601,3
24625,3
24619,3
24637,3
24536,3
24161,2
24782,2
24340,2
24119,2
24768,2
24647,3
24239,3
24796,3
24242,3
24109,2
24107,2
24107,3
24259,3
24229,2
24214,3
24229,3
24244,3
24214,2
24251,2
24791,3
24787,2
24809,2
24806,3
24797,3
24799,3
24800,3
24805,3
24816,3
24819,3
24808,3
24813,2
24784,2
24793,3
24802,3
24589,2
24589,3
24622,3
24644,3
24631,3
24646,3
24790,3
24783,2
24790,2
24582,3
24582,2
24241,3
24358,3
24794,2
24811,3
24794,3
24361,3
24363,3
24367,3
24814,3
24340,3
24360,3
24398,3
24351,3
24357,3
24364,3
24354,3
24366,3
24369,3
24634,3
24613,3
25557,3
25575,3
24594,3
25585,3
25590,3
24634,2
24220,2
24247,2
24113,2
24247,3
24254,3
24376,2
24837,2
24960,2
24955,2
24983,3
24852,3
24992,3
24963,2
24997,3
24857,3
24866,2
24867,2
24857,2
24884,3
24878,3
24975,3
24991,3
24399,2
24376,3
24407,3
24989,3
24977,3
24960,3
24999,2
24885,3
24988,3
24891,3
24966,3
24986,3
24994,3
24969,3
24980,3
24401,3
24888,3
24405,3
24392,3
24897,3
24860,3
24873,3
24879,3
24882,3
24890,3
24893,3
24894,3
24881,3
24864,3
24996,3
24402,3
24395,3
24404,3
24972,3
24409,3
24855,3
24870,3
24876,3
24850,2
24850,3
24887,3
24896,3
24848,3
24861,3
24863,3
24869,3
24803,3
24872,3
24848,2
24817,3
24899,3
25879,3
24576,2
23795,2
25479,2
24558,2
24568,2
22846,1
23812,2
24616,3
24576,3
25563,2
24649,3
24623,3
24632,3
23824,3
24610,3
24638,3
24610,2
23845,2
23863,3
23866,2
23845,3
23867,3
25486,3
24628,3
24640,3
24568,3
24641,3
24629,2
24643,3
24558,3
23826,3
23816,3
23795,3
23829,3
24598,2
24635,3
24626,3
24598,3
23813,3
23815,3
23719,3
23827,3
23818,3
23820,3
23821,3
23823,3
25348,2
25524,2
25554,3
25548,3
25597,3
25524,3
25566,3
25587,3
25348,3
25376,3
25379,3
25358,3
25368,2
25377,3
25582,3
25569,3
25588,3
25551,2
25588,2
25591,3
25551,3
25578,3
25361,3
25560,3
25584,3
25596,3
25593,3
25594,3
25572,3
25573,3
25576,3
25554,2
25599,3
25579,3
25581,3
25563,3
25548,2
22926,2
23843,2
22941,2
22885,2
21509,2
22927,2
22113,2
21465,1
23858,2
22889,3
22949,1
23847,2
23843,3
22964,3
23869,3
22941,3
22965,3
22967,3
23619,3
23858,3
23619,2
22145,3
22955,2
22962,2
22956,3
22952,3
22946,2
22969,3
20038,1
38100,1
38226,2
38440,1
38518,2
38524,3
29378,3
38476,3
38556,3
38477,3
38557,3
38479,3
38554,3
38467,3
38465,3
38468,3
38470,3
38471,2
38473,3
38474,3
29386,3
29365,3
29367,3
38547,2
38550,2
38551,3
38553,2
38543,3
38542,3
38536,3
38539,3
38528,3
38527,3
38531,3
38179,2
38533,3
38530,2
29393,3
29396,3
29369,3
38559,3
29399,3
29392,3
38667,2
38704,3
38723,2
38700,3
38640,2
38678,2
38685,3
38154,2
38165,3
38364,2
38350,2
38368,3
38382,3
38384,3
38381,3
38387,3
38373,3
38375,3
38376,3
38378,3
38379,3
38459,3
38461,2
38462,3
38464,3
38458,2
37581,2
37194,3
37586,3
37181,3
37589,3
37191,3
37186,3
37176,3
37154,2
37170,3
37574,2
31234,3
31249,3
38268,2
31224,2
38159,2
38176,3
31241,2
38162,3
38300,2
38315,3
38271,3
38272,3
38274,3
38275,3
38277,3
38279,3
38312,3
38312,2
38173,3
38170,3
38321,3
38322,3
38324,3
38325,3
38329,3
38319,3
37139,3
37539,3
37431,2
37441,2
37120,2
37115,2
37133,3
37130,3
37083,1
34346,2
37412,2
37520,2
37124,2
34355,3
37445,3
37127,3
37434,3
37412,3
37197,3
37199,3
37136,3
30159,1
30890,2
31303,2
30938,2
30823,2
30989,2
30966,2
30916,2
30880,2
30853,2
31275,2
31535,3
30982,2
30952,2
30926,2
31319,2
31832,3
31311,2
30900,2
30974,2
31515,2
27211,2
49356,2
28816,2
27232,2
28857,2
27239,2
49419,3
28844,2
49448,3
49459,3
49448,2
49406,2
49457,3
49406,3
27330,3
27327,3
27305,3
27245,3
27259,3
49453,3
27257,3
27248,3
27251,3
27252,3
27246,3
27249,3
27254,3
31855,3
31848,3
31812,2
31863,3
31860,3
31785,2
31840,3
31020,3
31061,2
31191,3
31162,2
31167,2
31199,2
31008,2
31180,2
31177,2
31134,1
31188,3
31171,2
31157,2
31174,3
31185,3
31084,3
31195,3
31079,3
31036,3
31089,3
31028,3
31073,3
37603,2
37639,3
37640,3
37642,3
37643,3
37691,3
37699,3
37697,2
37619,3
37647,3
37620,3
37649,3
31868,3
37627,3
37633,3
37632,3
37635,3
31582,2
31547,3
31595,3
31623,2
31626,2
31622,3
31627,2
31636,3
31637,3
31634,3
31638,3
31603,3
31604,3
31600,3
31606,3
27333,3
27324,3
27318,3
31629,3
31632,3
31628,3
31633,3
31592,3
31609,3
31619,3
31618,3
31608,3
31621,3
31613,3
31749,3
31675,2
31683,2
31737,2
31655,2
31708,2
31707,2
31710,2
31711,3
31699,2
31700,3
31698,3
31702,3
31542,2
31559,2
31555,2
31714,3
31715,3
31712,3
31717,3
31718,3
31719,3
31691,2
31693,2
31688,2
31552,3
31867,3
31867,2
31552,2
31553,3
31558,3
31556,3
29303,2
29221,2
29328,3
29313,2
29323,2
29308,2
29348,3
29320,3
29356,3
29358,3
29364,3
29342,3
29353,2
29355,3
29351,3
29362,3
29331,2
29352,3
29336,2
29339,2
27472,2
27612,2
27619,2
27616,3
27628,3
27639,3
27607,3
21769,3
21770,3
21772,3
21755,3
21745,2
21756,3
21785,3
21782,3
21775,3
21763,3
21765,3
21787,3
21762,3
21762,2
21776,3
21789,3
21781,3
21244,2
21629,1
21224,2
21218,2
21435,2
21423,2
21436,2
21395,2
21271,2
21438,3
21272,3
21271,3
21439,3
21274,3
21279,3
21646,3
21647,3
21649,3
21227,3
21228,3
21266,2
21376,2
21376,3
21441,3
21442,3
21444,3
21445,3
21255,3
21256,3
21258,3
21259,3
21255,2
21261,3
29471,3
29475,3
29478,3
29491,3
29493,3
29472,3
29451,3
29473,3
29476,3
29456,3
29479,3
29481,3
29484,3
29490,3
29499,3
29468,3
29459,3
29482,3
29485,3
29487,3
29488,3
29439,2
29465,3
29494,3
29496,3
29497,3
29462,3
21365,2
21354,3
21335,1
19273,3
21385,3
21386,3
21388,3
21357,2
21357,3
21447,3
21358,3
21449,3
21360,2
21368,3
21369,3
21371,3
21394,3
21391,2
21406,3
21407,3
21409,3
21397,3
21398,3
21400,3
21401,3
21403,3
21380,3
21382,3
21379,3
21522,3
21522,2
28879,3
28865,2
27711,2
27721,2
28790,2
27726,3
27729,3
27729,2
27432,2
27442,3
27356,2
27383,2
27374,3
27386,3
27389,3
27432,3
27446,3
27404,3
27419,3
27419,2
27367,3
27412,3
27404,2
29646,3
29683,2
29633,2
29643,3
29640,2
29614,2
29649,3
29664,2
29693,3
29690,3
27336,3
29690,2
21614,2
21706,3
21635,2
21682,2
21641,3
21643,3
21644,3
21717,3
27449,3
21702,3
21698,3
21698,2
21684,3
21640,2
21739,3
21720,3
21720,2
21723,3
21730,3
21729,3
21732,3
21734,3
21737,3
21709,3
21710,3
21727,3
21712,3
21714,3
21726,3
29553,3
29525,2
29588,3
29590,3
29571,3
29597,3
29562,3
29578,3
29581,3
29556,3
29575,3
29549,2
29576,3
29574,3
29579,3
29582,3
29584,3
29585,3
29587,3
29591,3
29593,3
29599,3
29565,3
29389,3
29394,3
29594,3
29559,3
28832,2
27313,3
27308,3
27299,2
28870,3
28876,2
27283,2
27337,3
27321,3
27339,3
27749,1
26721,2
26105,1
49074,1
26382,2
26689,3
26160,2
26188,2
26180,2
26655,2
26215,3
26603,2
26579,3
26629,3
26532,3
26759,2
26632,3
26571,3
26736,3
26506,2
26548,2
26624,2
26639,3
26553,3
26529,3
26529,2
26524,2
26524,3
26676,2
26219,2
49692,3
49661,2
49685,2
49632,2
26169,3
49681,2
49688,3
49699,3
49624,2
49696,2
26683,3
48488,2
49744,3
49733,3
49740,2
49808,2
49716,2
26871,2
26899,3
48499,2
49767,3
26906,3
26892,2
26892,3
26909,3
26907,3
49832,3
49770,3
49774,3
49762,3
49762,2
49779,3
49844,3
49838,3
26897,3
26903,3
26904,3
49777,3
49751,3
49751,2
48480,3
48480,2
49757,3
26901,3
49757,2
26441,2
26452,3
26419,2
26434,3
26486,3
26345,2
26316,2
26340,2
48455,2
48529,2
49835,2
49824,2
49846,3
49824,3
49828,3
49828,2
48465,3
48465,2
49843,3
49847,3
49849,3
26757,3
26844,3
26789,2
26802,2
26842,2
26817,3
26670,3
26826,2
26810,2
26831,3
26835,3
26835,2
26847,3
26849,3
26845,3
27801,3
27777,2
26197,3
26209,2
27798,2
26203,2
27793,2
27243,3
27243,2
49152,2
49186,2
49196,2
49214,2
49191,2
49143,3
49163,3
49565,3
49201,2
49124,2
49170,2
49205,2
49176,3
49324,2
49179,3
49134,2
49219,3
49635,3
49637,3
49638,3
49610,2
49594,3
49577,2
49593,2
49577,3
49596,3
49597,3
49626,3
49584,2
49586,3
49599,3
49456,3
49401,2
49413,2
49424,3
49451,2
49393,2
49434,3
49439,2
49377,2
49429,2
27804,3
26919,2
26969,3
26931,2
26349,3
27809,2
26954,2
26939,3
26935,3
26446,3
26465,3
26474,3
26409,3
26427,3
26427,2
26487,3
26556,3
26489,3
28195,1
27576,1
40213,1
47051,1
45121,1
47798,1
41061,1
45468,1
46045,1
42853,1
42651,1
42275,1
47551,2
46446,2
47608,2
47574,2
47661,3
47546,3
47647,2
47623,2
47533,2
47559,2
46459,3
47509,3
47638,2
47589,2
47669,2
47652,2
40699,2
42781,2
42579,2
40721,1
40764,1
40822,2
40789,2
40878,1
42551,2
42489,2
41539,2
41515,2
41363,2
41564,2
41352,2
40670,2
41460,1
41569,2
41379,2
47929,2
47906,2
41334,2
41372,2
41366,2
47918,2
41747,2
47877,2
46519,3
46535,1
46499,2
46569,2
47475,2
47441,1
47506,2
47495,2
46514,2
47665,2
46562,2
46483,2
46509,2
53111,1
50667,1
51373,1
52058,1
52477,2
52499,2
52249,2
52134,2
52156,3
52159,2
52152,3
52222,2
52146,2
52457,2
52349,1
52396,3
52393,3
52459,2
52428,2
52372,2
52379,2
52441,2
52399,2
52385,3
52382,2
52388,3
52445,3
52391,3
50181,2
50126,2
50321,2
50189,2
50374,2
50226,2
50354,2
50171,2
50259,2
50389,2
53902,3
53945,3
53949,3
53879,2
53940,3
53925,2
53894,2
53947,3
53937,3
53919,2
53909,3
41812,2
52538,3
52511,2
52525,2
41836,2
52531,2
52525,3
41849,2
41844,2
51702,2
51766,2
51643,2
42499,2
51789,2
51709,2
51597,3
51588,2
42477,2
51580,3
51545,2
51674,2
51688,2
51465,1
51399,2
51515,2
42799,1
51519,2
51491,2
51503,2
42929,2
53347,2
53604,2
53332,2
53783,2
53773,2
53639,2
53797,2
53340,2
53804,3
53819,2
53859,2
53359,2
53809,3
53757,1
53721,1
53913,2
53840,1
53343,2
51570,2
46236,1
45879,1
48143,1
48683,2
46395,1
46325,2
48712,2
48599,2
48619,2
46359,2
46419,2
48739,3
46348,2
48734,3
46414,2
48624,3
48703,2
46354,3
46342,2
48691,2
59387,3
48727,2
48653,2
48249,2
48329,2
59348,2
59394,3
48301,2
59399,2
48720,3
48308,2
44575,1
45711,2
46284,2
45964,1
45721,2
45699,1
45772,1
45739,2
45657,1
45731,2
48341,2
48282,2
48268,2
48477,2
48496,3
48612,3
49477,2
49549,3
48366,2
49525,2
49536,3
49504,2
48629,2
49497,2
48485,2
48356,2
48607,2
49509,2
48431,2
48369,2
48565,2
49545,3
49492,2
48493,2
59227,2
59269,2
48361,3
48317,3
59320,3
48351,2
59302,2
48346,2
48336,2
48324,2
48291,2
59329,3
48231,2
33602,1
33829,3
33330,1
33790,2
33428,2
33442,2
33449,2
33378,2
33397,3
33758,2
33803,2
33415,2
33775,2
33824,2
32257,2
32130,2
32052,2
32120,2
32278,2
32584,2
32289,3
32139,2
32602,2
33014,2
37688,2
34434,3
33034,2
37671,2
37696,3
33039,3
32839,2
34414,3
34439,3
32832,2
32105,2
32683,3
32825,2
32756,2
32694,3
32699,3
32805,2
32689,3
32791,2
32657,2
33818,2
32676,3
33813,2
32816,3
33189,2
32545,2
32339,2
32479,3
32609,2
32312,2
32423,2
32469,3
32457,2
32361,3
32369,3
32351,3
33184,2
33175,2
33178,2
33142,3
33129,3
33161,2
33165,3
33104,1
33154,3
33181,3
44787,1
44135,1
58095,1
59065,1
44623,1
58339,2
58256,2
58285,2
45525,1
58313,2
58332,2
45549,2
58300,2
58452,1
59759,2
59909,2
59929,2
59889,3
59969,3
34431,3
59964,3
59872,2
59939,2
57392,3
59846,2
59955,3
58762,2
58802,2
58553,2
58675,2
58849,3
58636,1
58566,2
58507,1
58540,2
58706,2
58769,2
58809,2
58840,2
58579,2
58791,2
57439,2
57489,2
57413,2
57399,3
57368,2
57462,2
57482,3
57319,3
57299,3
57339,3
57258,2
57271,2
57223,2
57334,3
57250,2
57290,2
57072,1
57234,2
59609,2
59505,2
59469,2
59597,2
59590,2
59510,3
59555,2
59519,3
59602,3
59494,2
59581,2
59514,3
59457,2
58739,2
59192,2
59199,2
58730,2
59439,2
59174,2
44532,1
58239,2
59379,2
59423,1
59368,2
64283,1
60311,1
63065,1
65183,1
69518,3
64625,2
68647,2
69488,2
68642,2
64683,2
64658,2
69517,2
64689,3
68649,3
64646,2
69434,3
68623,2
64686,2
64678,2
64653,2
69509,2
69239,2
64668,2
68519,2
69483,3
64673,2
64665,2
64832,2
64404,2
64807,2
64859,2
64390,2
64405,3
64347,2
64401,3
64823,2
64846,2
64409,3
64397,3
64367,2
64839,2
64372,2
64853,3
64319,2
64354,2
64380,2
64850,2
64342,2
64331,2
64584,2
65474,2
64572,2
64579,2
65462,1
64521,2
65451,2
64546,2
64569,2
65479,1
64560,2
65428,1
64589,2
65468,3
61343,2
61381,2
61479,3
61279,3
61462,2
61476,2
61267,2
61440,1
61389,2
61449,1
61250,2
61273,2
61276,3
63619,2
63628,2
63599,3
63633,3
63636,3
63486,2
63526,2
63639,3
63579,2
63571,2
63538,2
63584,2
63546,3
63450,1
63594,2
63637,3
63505,2
63589,2
63477,2
63543,2
61130,2
61138,2
63517,2
63549,3
36381,2
61137,2
36391,3
36396,3
63607,2
65812,2
65817,2
65760,2
65439,1
65795,2
65239,2
65719,1
65779,2
65830,1
65835,2
65824,2
65843,2
64732,2
64395,3
64747,2
64753,3
64711,2
64407,3
64739,2
64750,3
64720,2
64756,3
64385,3
64760,3
63128,2
63303,2
63329,2
63512,2
63150,2
63225,2
63533,2
63165,2
63263,2
63179,2
63110,2
63322,2
63500,2
65326,2
65307,2
65343,2
65366,2
65321,3
65329,3
65510,3
65510,2
65399,2
65391,2
65527,2
65375,2
65385,2
65388,3
65232,2
65529,3
65396,2
63674,2
61231,2
61118,2
63654,3
35510,2
61209,2
61197,3
61169,2
63688,3
63695,3
63697,3
61184,2
63699,3
63694,2
35516,3
63667,2
61194,2
61239,2
63683,3
63691,3
61203,2
35519,2
61191,2
61200,2
61206,2
35469,3
35444,2
35418,2
35463,3
35390,1
35305,2
35452,2
35410,3
35428,2
35321,3
35423,2
35440,2
35457,2
35415,2
35466,3
35447,3
35460,2
35435,2
35614,2
35649,3
35619,2
35767,3
35716,2
35683,2
35759,3
35630,2
35713,2
35753,3
35708,2
35745,2
35644,3
35625,2
35633,2
35638,3
35756,2
35641,3
35768,3
35764,2
35606,2
35647,2
35578,2
65614,2
65611,2
65520,2
65599,3
65627,3
65604,2
65589,2
65597,3
65549,2
35792,2
35794,3
35799,3
65594,3
65618,2
65606,3
65620,3
35781,2
35789,3
35796,3
35287,3
35719,2
35080,3
35216,2
35236,3
35091,3
35232,3
35085,3
35112,3
35075,2
35274,2
35094,3
35102,3
35037,2
35117,3
35279,2
35282,3
35260,2
35239,3
35096,2
35083,3
35288,3
36304,2
36326,3
36325,3
36399,3
35329,3
36323,3
36355,3
36358,3
35315,3
36320,3
36341,2
36369,3
35325,3
36329,3
36110,3
63679,3
36318,3
35327,3
36367,3
34117,1
36364,3
36151,3
36160,3
36157,3
36115,3
36124,3
36132,3
36103,2
36037,2
36129,3
36137,3
36145,3
36154,3
36088,2
36148,3
36093,2
36119,3
36167,3
36100,2
36163,3
36169,3
36142,3
36211,3
36251,2
36179,2
36287,3
36219,3
36289,3
36282,2
36166,3
36266,3
36284,3
36275,3
36251,3
36214,3
36286,3
36272,3
36269,3
36217,3
36199,2
36277,3
36208,3
34292,2
34385,3
34225,2
34479,3
34379,3
34308,3
34314,3
34277,2
34233,2
34393,3
34317,3
34298,3
34369,2
34376,3
34260,2
34396,3
34253,2
34311,3
34329,3
34266,2
34359,2
34270,2
34320,3
34388,3
34246,2
34466,2
34289,3
34399,3
34582,3
34295,3
34587,2
34621,3
34560,2
34630,3
34281,2
34302,2
34576,2
34632,3
34593,3
34327,3
34323,3
34212,2
34326,3
34599,3
34626,3
34305,3
36280,3
34633,3
34637,3
34613,3
34639,3
34286,3
34590,3
34628,3
34596,3
35108,2
34454,2
34537,2
35088,3
35099,3
34519,3
34474,3
34549,3
35110,3
35066,2
35285,3
35114,3
35116,3
34497,2
35104,3
35119,3
34477,3
34516,3
34471,3
34513,3
34508,3
37242,2
37297,3
37269,2
37247,3
37293,3
37235,2
37276,3
37290,3
37249,3
37296,3
36205,3
37284,3
37281,3
37287,3
37299,3
37213,3
56068,1
53474,2
53424,2
53489,2
53501,2
53518,3
53533,3
53534,3
53520,3
53506,3
53505,3
53507,3
53508,3
53498,2
56656,3
53498,3
53426,3
56651,3
56659,3
56653,3
56746,3
56745,3
57567,3
57520,3
57562,2
56472,3
57586,3
57589,3
57539,2
57539,3
57537,2
57577,2
57589,2
57577,3
57555,2
51598,3
57572,3
57548,2
57587,3
57537,3
57581,3
57518,2
57580,3
57578,3
57629,3
57583,2
57584,2
57518,3
57610,2
57610,3
57632,3
57612,3
56593,3
57635,3
57614,2
56593,2
57612,2
57636,2
57641,3
57614,3
57638,3
57636,3
56594,2
55545,2
55585,3
55546,2
67824,3
55546,3
67826,3
55576,3
55595,3
55595,2
55452,3
55585,2
55596,3
55593,2
55758,3
55608,3
55606,3
55606,2
55619,2
55618,3
55629,3
55568,3
55569,3
67827,3
55592,3
67829,3
55566,3
55621,3
67823,3
67744,3
55627,3
55590,3
55571,2
55568,2
55566,2
55559,2
55442,3
55444,3
55452,2
55450,2
55743,2
55774,3
55776,3
55777,3
55779,3
55767,3
55765,2
54422,3
55765,3
55768,3
55624,3
55626,3
55743,3
55756,3
55483,3
56814,3
56820,3
56812,3
56821,3
56818,3
56290,3
56254,3
56829,3
56253,3
56754,3
56761,3
56759,3
56828,3
56766,3
56825,3
56823,3
56826,3
56864,3
56859,3
56858,3
56865,3
56867,2
56862,3
56856,3
56626,2
56727,2
56170,2
56630,2
56642,2
56645,2
56637,2
56648,2
56751,3
56294,3
56295,3
56753,3
56299,3
56751,2
56729,3
56736,2
56727,3
56745,2
56743,2
56179,2
56182,2
56191,2
56220,3
56220,2
56218,2
56575,2
56332,3
56321,2
56332,2
56330,2
56283,3
56322,2
56323,3
56333,2
56564,2
53567,2
53577,3
53578,2
53557,2
56598,2
56599,2
56269,3
56276,3
56271,2
56271,3
53547,2
53547,3
53545,2
53562,2
53560,2
56307,3
56305,3
56307,2
56316,3
56317,3
57639,3
53572,2
53579,2
53619,2
56584,3
56579,3
56589,3
56581,2
56579,2
56581,3
56587,2
56588,3
56154,2
56288,3
56288,2
56869,3
55491,3
55487,3
55481,3
55490,3
56850,3
55469,3
55496,3
55494,3
55471,3
55497,3
55471,2
56291,3
55499,3
55469,2
55432,3
56281,2
56283,2
56281,3
56291,2
55430,3
56329,3
56112,2
65624,2
65582,2
65626,2
56379,3
65558,3
65558,2
65582,3
56370,3
56357,3
56355,3
56357,2
56355,2
56348,3
56340,3
56341,2
56349,3
56348,2
56346,3
56340,2
65391,3
56338,2
56130,2
56132,3
56133,2
56132,2
56377,3
56337,2
56368,3
65623,2
65623,3
65629,2
56470,2
57648,3
56472,2
57647,2
57648,2
57642,3
57627,3
57629,2
57627,2
57644,3
57645,2
56206,2
56204,2
56203,2
56412,3
56410,2
56335,2
56337,3
56237,3
56237,2
56235,2
56479,3
56479,2
56477,3
56242,3
56244,3
56249,3
56414,3
56414,2
56459,3
56459,2
57647,3
56457,2
56462,2
56424,2
56428,2
56244,2
56427,2
56422,2
54290,1
54516,2
54497,3
54470,2
54472,3
54492,3
54518,3
54483,3
54484,2
54486,2
54347,3
54498,3
54539,3
54487,3
54426,3
54424,3
54411,3
54533,3
54523,3
54531,3
54534,3
54524,3
54528,3
54526,3
54538,3
56843,3
54516,3
54536,3
56861,3
56841,3
54634,2
54687,3
54649,3
54689,3
54619,3
54597,3
54617,3
54673,3
54668,3
54636,3
54675,3
54669,3
54646,3
54668,2
54666,3
54310,3
54298,3
54608,3
54610,3
54614,3
54595,3
54612,3
54616,3
54664,3
54662,3
54529,3
54657,3
54634,3
54647,3
54655,3
54570,3
54552,3
54558,3
54550,2
56769,3
53539,3
56767,3
54578,3
54587,3
54576,3
54585,3
54584,3
54568,2
54579,3
54574,3
54611,3
54589,3
54586,3
54413,3
54421,3
54441,2
54329,2
54453,2
54331,3
54456,3
54332,2
54441,3
54459,3
54316,3
54317,3
54317,2
54318,2
54320,2
54340,3
54341,3
54343,3
54344,2
54338,3
54340,2
54346,3
54338,2
54349,3
54298,2
54306,3
54308,2
54309,3
54311,3
54313,3
54314,3
54439,3
54450,3
54429,3
54451,3
54427,3
54439,2
54455,3
54457,3
67227,1
67657,1
76829,2
67059,1
55116,1
67433,2
66953,2
67346,2
67547,2
66482,2
55232,2
55234,3
55234,2
55237,3
55239,2
67294,3
67577,3
67575,2
67578,2
67580,2
67582,3
67592,3
67591,3
67591,2
67590,3
55599,2
55599,3
55597,2
55288,3
55232,3
55578,3
55291,2
55286,2
55288,2
67595,3
67593,2
67596,3
67598,2
67599,2
67574,2
67593,3
67098,2
67269,2
67454,2
67146,2
67147,2
67149,2
67150,2
67152,2
67273,2
67167,2
67251,2
67169,2
67256,3
67471,3
67472,3
67468,2
67466,2
67473,2
67468,3
67475,3
67158,2
67159,2
67161,2
67157,2
67317,2
67271,2
67281,2
67278,2
67316,2
67246,2
67280,3
67229,2
67310,2
67271,3
67283,2
67311,3
67319,2
67304,2
67305,3
67308,3
67816,3
67307,2
67808,3
67294,2
67295,3
67814,3
67292,2
67819,3
67297,3
67725,3
67724,3
67817,3
67727,3
67728,3
67729,3
67681,3
67722,3
67821,3
67806,3
67811,3
67822,3
67813,3
67759,3
76726,2
76744,2
76756,2
76879,3
67378,2
76768,3
76767,2
76776,3
76779,3
76770,2
76751,2
76777,3
76764,2
76872,3
76870,2
76744,3
67361,3
67360,2
67363,2
67365,3
67366,2
67368,2
76771,2
76773,2
76774,3
76761,2
66892,2
66894,3
66894,2
67677,2
67693,3
67691,3
67678,3
67680,3
66882,3
66879,2
66879,3
66877,2
67685,3
67686,2
67688,2
67685,2
67737,3
67699,3
67732,2
67734,2
67735,2
67700,3
67731,2
67697,2
67701,3
67734,3
66851,3
66862,3
67706,3
66849,2
67705,3
67707,3
67742,3
67753,3
67754,3
66887,3
67745,3
67756,3
67757,3
67746,3
67749,3
67752,3
67748,3
66903,3
66904,3
66916,3
66907,3
66903,2
66909,3
66901,2
66914,2
66871,3
66885,2
66869,2
66887,2
66869,3
66871,2
66885,3
76857,2
76857,3
76855,2
76887,2
76889,3
76887,3
76889,2
67482,3
76835,3
67480,2
67483,2
76835,2
67377,3
67483,3
76863,2
76863,3
76865,3
76831,3
76831,2
76833,2
76833,3
76829,3
67489,2
67487,2
76879,2
76877,2
67240,2
67459,2
67117,2
67112,2
67105,2
67125,2
67126,2
67127,2
67134,2
67136,2
67133,2
67259,2
67258,2
67245,2
67373,2
67374,3
67376,3
67354,2
67122,2
67141,2
67166,2
67165,2
55411,2
55257,2
55218,2
55422,3
55413,3
55424,2
55413,2
55425,3
55294,2
55296,2
55299,2
55437,3
55270,3
55435,2
55270,2
55268,2
55271,2
55278,3
55276,2
67583,2
55278,2
67586,3
55283,2
67587,3
67585,3
55459,3
55457,2
55459,2
55457,3
55576,2
76891,3
66994,3
66996,3
76848,3
76846,3
66999,3
66957,3
66969,2
66957,2
66504,3
66978,3
66981,3
66976,2
67715,3
67716,3
66919,3
66989,3
67718,3
67714,3
66484,2
66484,3
66497,2
66503,2
66501,3
66500,3
66987,3
66917,3
66506,3
66507,3
66509,2
70173,1
71032,1
71229,2
71106,2
71272,2
71277,2
71101,2
71063,1
71263,2
71093,2
71287,2
71134,2
71120,2
71139,2
71116,2
75392,3
71083,2
71154,2
71155,2
71157,2
71088,2
71149,2
71126,2
71159,3
71131,2
71144,2
71111,2
73770,1
73728,1
73765,2
73249,2
73773,2
70794,2
70771,2
73760,1
72631,2
73265,2
73230,2
73274,2
73268,2
73277,2
73252,2
72655,3
72657,2
72658,2
72666,2
72654,2
72667,2
72660,2
72664,3
72639,2
72636,2
72663,2
72622,2
72644,2
72669,2
72649,2
73776,2
73779,2
73207,2
73666,2
73269,3
73669,2
73262,2
73266,2
73271,2
73272,3
73275,2
73235,2
73257,2
73240,2
89558,3
73342,2
73326,2
73061,2
73278,2
73054,1
73113,3
73084,1
73337,3
73312,2
73329,2
73033,1
73114,3
73116,2
73117,2
73072,2
73333,2
73079,1
73111,3
73345,3
73344,3
73347,3
73349,3
73099,3
73102,2
73104,2
73098,2
73101,2
73087,2
73105,2
73108,2
73110,2
73119,2
73095,2
73066,2
73107,2
73092,2
71679,1
71254,2
70839,2
71723,2
70806,2
71638,1
71706,2
71696,1
71720,2
74343,2
70825,2
71686,2
74354,2
74392,3
74376,2
74394,2
74369,2
74395,2
74399,2
71732,2
74379,2
74321,2
74357,2
74391,2
74366,2
74385,2
71691,2
71563,2
71726,2
71729,2
71672,2
71282,2
71701,2
71711,2
71735,3
71739,3
74372,2
71665,2
73553,3
70734,1
71404,1
71540,2
73635,2
71332,1
73663,2
73630,2
71384,2
71394,1
71573,2
71566,3
71549,2
71522,2
71576,2
71737,2
71570,3
71554,2
71546,2
73655,2
73660,2
73614,2
73650,2
71577,3
71579,3
71560,3
73667,3
73642,2
71397,2
71409,2
71364,2
74072,1
74206,2
74831,2
74211,2
74861,3
71543,3
74177,2
74229,2
74254,2
74906,2
74912,3
74936,3
74336,2
74389,3
75031,3
75050,2
74930,3
74223,2
74388,2
74348,2
74382,3
74226,2
74249,3
74219,2
74255,3
74259,3
74235,2
74172,2
74257,2
74196,2
74239,3
74243,3
74363,2
74397,2
74374,2
74245,3
74182,2
74232,2
71717,2
74360,2
74199,2
74252,2
74193,2
74246,3
74248,2
74251,2
74189,2
74626,2
74214,3
74635,3
74632,3
74638,3
74677,3
74238,3
74673,3
74653,2
74670,3
74676,2
74679,2
74613,2
74629,2
74639,3
74572,3
74535,3
74575,3
74542,3
74547,3
74564,2
74589,3
74586,3
74597,3
74594,3
74579,3
74582,3
74595,3
74532,3
74541,3
74549,3
74427,3
74405,2
74420,3
74429,3
74424,2
74426,3
74423,2
74592,3
74585,3
74599,3
74544,3
74545,3
74523,2
74538,3
97993,3
97896,3
97900,3
97996,3
97990,3
97877,2
97922,2
97959,3
97980,2
97999,2
97944,3
74744,3
97947,3
97957,3
97950,3
97953,3
97941,2
97956,3
89561,3
89547,2
89542,2
89551,3
89555,2
89537,2
89568,3
89522,2
89564,3
89168,3
89567,2
73453,3
74417,3
73547,2
73450,3
73447,2
73457,3
73460,2
73430,2
73441,2
73467,3
73469,3
73486,3
73488,3
73479,2
73489,3
73491,3
73494,3
73499,3
73492,3
73466,3
73463,3
73569,3
73571,2
73574,2
73575,2
73579,3
73566,3
73560,2
73540,2
73572,3
73563,2
73525,2
73550,2
73568,2
73557,2
73577,3
73565,2
73527,3
73495,3
73497,3
73485,3
76530,2
76133,1
76275,2
76316,2
76359,3
76684,2
76698,2
75045,2
76356,2
76307,2
76703,3
76327,2
76344,2
76351,2
68753,2
76287,2
76297,2
76337,2
76709,2
76669,2
75015,2
75053,2
76646,2
76694,2
76707,2
76689,2
76676,2
76706,3
75057,3
75038,2
76661,2
68794,2
75056,3
75059,3
77830,2
76596,3
76571,2
76476,2
76456,2
77815,2
77833,2
76474,2
76467,2
76448,2
76477,3
76593,2
76597,3
76599,2
76473,2
76461,2
76470,2
76437,2
76479,3
77839,3
77836,3
76549,2
76547,2
69117,1
68159,1
74722,2
69427,3
74736,3
74746,3
74731,2
74855,2
74928,3
74858,3
74867,2
74869,2
74864,3
74838,3
74821,2
74865,2
74847,2
74834,3
74862,3
69437,3
69439,3
69429,3
74706,3
74749,3
74747,3
74842,3
74850,3
74740,3
74743,3
68782,2
69221,2
69214,2
68542,2
68549,2
68775,2
68526,2
69181,2
69226,2
68723,2
69207,2
69198,2
69190,2
69469,2
68789,2
68535,2
69493,2
69412,2
69436,3
74927,3
69256,2
74909,2
74937,3
74931,3
69502,2
69514,2
68804,2
68766,2
68809,2
68799,2
69245,2
69251,2
69151,2
69257,2
69254,2
69242,2
69231,2
69253,3
69250,3
69259,3
74889,2
74939,2
74918,2
74925,3
74924,3
74933,3
74934,3
74915,3
74921,3
69234,2
69168,2
75175,1
75328,2
72218,2
72213,3
72227,3
72226,3
75382,2
75391,2
75395,3
75397,2
75335,3
76332,3
75378,2
75399,3
75387,3
75389,3
75385,3
75394,3
75365,2
72224,2
72221,3
72202,2
72229,2
75337,3
75339,2
75323,2
75217,2
75428,2
75228,2
75438,2
75223,2
75210,2
75196,2
75334,2
71292,2
71296,2
71297,2
75446,2
71299,2
75449,3
75239,2
75236,2
75203,2
75433,3
75447,3
75417,2
75443,2
75331,3
75305,2
75249,2
75245,2
75248,2
75242,2
75233,3
72275,3
72270,3
72290,3
72280,2
72293,3
72296,3
72178,3
72250,2
72297,3
77776,3
72186,3
72184,3
72160,3
72294,3
72285,3
72299,3
79098,1
79853,3
79395,2
79235,3
79189,2
79258,2
79206,2
79241,3
79291,3
79256,3
79199,2
79254,3
79252,2
79283,2
79238,2
79194,2
79282,2
79427,2
79423,2
79280,2
79289,3
79249,2
79294,2
79299,2
79874,3
79856,3
79268,2
79356,3
79288,3
79877,3
79843,3
79224,2
79232,2
79424,2
79410,2
79426,2
79379,2
79295,2
79286,3
79274,3
79271,3
79285,2
79292,2
79227,2
79868,3
79859,3
79219,2
79244,3
79871,3
79822,2
79211,2
79276,2
79279,2
79215,3
79215,2
79297,2
79312,2
79364,3
79350,2
79331,2
79348,3
79336,2
79341,2
79367,3
79365,3
79353,3
79346,2
79362,2
79359,3
79361,3
79369,3
79261,2
79263,3
79183,2
77767,2
77948,2
78132,3
77694,2
77731,3
77743,2
77866,3
77855,2
77886,2
77880,2
77887,2
77955,2
77972,2
77975,2
77977,3
77966,3
77791,2
77723,2
77797,2
77716,2
77716,3
77796,3
77790,2
77793,3
77756,3
77876,2
77883,3
77889,3
77971,2
77933,2
77740,3
77728,3
77794,2
77704,2
77871,2
77770,2
77749,2
77652,2
77799,2
77746,2
77978,3
77960,2
77974,3
77963,3
77709,2
77709,3
77781,3
77787,3
77784,3
77736,2
72175,3
78655,3
78664,3
78736,3
78727,2
78737,2
78661,3
78628,2
78669,3
78658,2
78652,2
77773,3
77761,3
78733,3
78739,3
78730,3
78713,2
72172,3
72189,3
78662,2
78667,2
78073,2
78176,2
78126,3
78112,2
78147,3
78199,3
78166,2
78183,2
78120,2
78148,3
78141,3
78136,2
78098,2
78083,3
78087,3
78078,3
78609,3
78089,3
78050,2
78086,2
78580,3
88637,3
78567,3
78597,3
78600,3
78570,3
78603,3
78585,3
78586,3
78592,3
78559,3
78598,3
78564,3
78187,3
78194,3
78554,2
78582,2
78583,3
78588,2
78589,2
78665,3
78595,3
78601,3
78549,2
78591,3
78594,3
78607,3
78647,2
78579,3
78532,2
78573,2
78606,3
78604,3
78576,3
78247,3
78315,2
78250,3
78267,3
78234,2
78259,3
78266,2
78262,2
78244,2
78343,2
78345,2
78337,2
78476,2
78462,1
78479,2
78224,2
78256,3
78269,3
78239,2
78253,3
78357,3
78333,2
78355,3
78351,3
78359,3
79588,2
79585,2
79674,3
79576,1
79639,2
79692,3
79400,3
79429,3
79594,2
79539,1
79618,2
79739,3
79415,3
79418,3
79677,3
79694,3
79695,3
79686,2
79688,2
79689,2
79650,2
79589,2
79591,2
79592,3
79595,2
79597,2
79599,2
79669,3
79685,3
79774,3
79733,3
79771,3
79725,2
79780,3
79664,2
79848,3
79879,3
79802,3
79798,2
79807,3
79801,2
79790,2
79865,3
79777,3
79737,3
79730,2
79736,3
79713,2
79872,3
79875,3
79837,3
79862,3
79682,3
79804,2
79787,2
79809,3
79761,2
79793,2
79805,3
72581,2
72800,2
72793,2
72764,1
72818,3
72827,2
72820,3
72805,2
72813,3
72829,3
72531,3
72661,2
72555,2
72585,2
72532,3
72537,3
72525,2
72124,2
72141,2
72582,3
72584,2
72574,2
72587,3
72534,3
72539,3
88529,3
72525,3
72135,2
72138,2
72127,2
72070,1
72119,2
72144,2
72810,2
72147,2
72411,2
72116,2
72131,2
72145,3
72108,2
72149,3
72181,3
72393,3
72401,3
72348,3
72475,3
72458,2
72336,2
72351,2
72406,2
72415,3
72379,2
72417,3
72414,3
72469,3
72362,3
72364,3
72356,3
72358,3
72359,3
72361,3
72365,3
72355,3
72367,3
72369,3
72479,2
72474,2
89073,1
89155,2
89601,3
89134,2
89604,3
89605,3
89180,3
89143,2
89165,2
89186,2
88481,3
89179,3
89160,3
89198,3
89584,2
89608,3
89610,3
89614,3
89185,3
89194,3
89171,2
89195,3
89150,2
89188,3
89191,3
72589,3
72535,3
89174,3
89176,3
89177,3
89182,3
89183,3
89129,2
89189,3
89129,3
89192,3
89197,3
73340,3
89173,3
88499,3
89607,3
89613,3
89597,3
89584,3
89597,2
89611,3
89616,3
89617,3
89619,3
88433,3
88422,3
88348,3
88427,2
88456,3
88448,3
88400,2
88436,3
88454,3
88437,3
88441,2
88444,2
88447,2
88450,3
88451,3
88453,3
88486,3
88457,3
88480,2
88483,2
88471,2
88487,2
88416,2
88416,3
88484,3
88525,3
88521,3
88515,3
88499,2
88527,2
88524,3
88430,3
88459,3
88477,3
88489,3
88074,2
88097,2
88079,2
88085,2
88045,2
88090,2
88697,3
88677,2
88094,3
88693,3
88718,2
88709,2
88719,2
88690,2
88699,3
88633,3
88682,2
88099,3
88069,2
88696,3
78354,3
88662,2
88326,2
88410,3
88316,2
88353,2
88260,3
88361,3
88370,3
88373,3
88379,3
88374,3
88376,3
88377,3
88371,3
88339,2
88368,3
88285,3
88287,3
88281,3
88289,3
88317,3
88319,3
88299,2
88255,2
88276,2
88212,2
88250,2
88267,3
88364,3
88147,3
88279,3
88239,2
88271,3
88263,3
88284,3
88273,2
88356,3
72501,2
72513,3
72419,2
72519,3
88367,3
88512,2
72516,3
88605,3
88636,3
88630,2
88639,3
88634,3
88518,3
88348,2
88631,3
72511,3
72514,3
72505,3
72488,2
72517,3
72477,3
72510,3
85047,1
80313,1
83013,1
84503,2
84489,2
84508,2
84518,2
84533,3
84524,2
84568,3
84576,3
84513,2
84577,3
84543,2
84547,2
84561,2
84550,3
84553,3
84558,3
84567,3
84571,3
84556,3
84579,2
83404,2
83454,3
83435,2
83457,2
83471,2
83483,2
83395,2
83410,2
83487,3
83451,2
83486,3
83416,3
83458,3
83315,3
83670,3
83646,2
83623,3
82544,3
82547,3
83674,2
82538,2
82057,2
83676,3
82549,3
83661,2
82541,3
82515,2
83671,2
83673,2
82431,3
82444,3
83677,2
83679,3
85250,3
85232,3
85221,2
85253,2
85778,3
85241,3
85757,2
85229,2
85235,3
85238,3
85244,3
85247,3
85254,3
86567,3
85256,3
85258,3
85646,3
85560,2
85661,3
85567,2
85664,3
85614,2
85570,2
85587,2
85652,2
85586,2
85643,3
85604,2
85617,3
83553,3
83550,3
85625,3
85567,3
85658,3
85665,3
85667,3
93336,3
92339,2
85114,2
85095,3
91795,3
85072,2
85080,2
85098,2
85120,2
85122,3
85125,3
85110,3
85092,2
85101,2
91804,3
85134,3
85135,3
91809,3
85139,2
85131,3
85132,3
85137,3
85113,3
85117,2
85111,3
85116,3
85128,3
93349,3
85129,3
85104,3
85461,3
84405,2
85435,2
85464,2
85659,3
85447,3
84424,3
84435,3
85452,3
84427,3
84416,2
85656,3
85669,3
85469,3
85457,3
85462,3
85445,3
85467,3
85570,3
84432,3
84416,3
84434,3
84439,3
85459,3
85465,3
85456,3
84072,3
85386,2
84104,3
85777,3
85350,2
85399,2
85411,3
85414,3
85402,3
85416,2
85417,2
85368,2
85405,3
85371,2
85391,3
85307,3
85408,3
85413,3
85419,3
85368,3
85395,3
85410,2
85406,3
82239,3
82281,3
82223,2
82275,2
82256,2
82110,2
82194,2
82216,2
82272,3
82140,2
82178,2
82299,3
82276,3
82278,3
82285,3
82287,3
82290,3
82291,3
82293,3
82294,3
82284,3
82288,3
82296,3
82433,3
82490,2
82456,2
82491,2
82494,3
82481,2
82418,2
82487,2
82496,3
82449,3
82499,3
82435,3
82442,3
82488,3
82497,3
82438,3
82439,3
82441,3
82445,3
82418,3
82447,3
86920,3
86911,2
86492,3
82269,3
86916,2
86886,2
86929,3
86919,3
86947,3
86925,3
86944,3
86857,3
86859,3
86836,2
86931,3
86937,3
86928,3
86940,3
86932,3
86974,3
86981,3
86946,3
86934,3
86935,3
86943,3
82279,3
86926,3
86938,3
86922,3
86923,3
86949,3
83707,2
83735,3
83730,3
83703,2
83734,2
83607,2
83737,3
83708,2
83714,2
83624,2
83700,2
83727,2
83684,2
83626,3
83666,3
83627,3
83629,3
84539,2
84544,3
84428,3
83527,2
84562,2
84453,2
84419,3
84478,2
84431,3
83536,3
83567,3
83527,3
84437,3
84555,3
84559,2
84574,3
84546,3
84494,3
84564,3
84573,3
84539,3
84565,3
84570,3
84513,3
83558,3
83562,3
85609,2
82065,2
85649,3
85622,2
85748,2
82166,2
85630,2
82031,2
85540,2
85635,2
85662,1
85737,2
85551,2
82061,2
82035,2
85764,2
85521,2
85653,3
82152,2
82049,2
85640,2
82054,2
82069,2
82064,2
82024,2
85579,2
85774,2
82008,2
85716,2
86561,3
86666,3
86676,3
86668,3
85123,3
86633,2
86697,3
86643,3
86529,2
86669,3
86706,3
86673,3
86701,3
86562,3
86564,3
86565,3
86571,3
86579,3
85107,2
85302,3
86558,3
85305,3
85077,2
85126,3
85276,2
85293,3
85296,3
85298,2
85301,3
85088,2
85283,2
85119,3
85290,2
85304,2
85309,3
85084,3
83123,3
83229,3
83547,3
83043,2
83233,2
83098,2
83052,2
83533,2
83125,3
83549,3
83093,2
83075,3
83620,2
83126,2
83112,3
83556,3
83109,2
83135,3
83088,2
83059,2
83115,2
83131,3
83080,3
83209,2
83134,3
83064,2
83083,3
83253,2
83101,3
83122,3
83139,3
83564,3
83071,2
83104,3
83569,3
83512,2
83254,3
83256,3
83257,3
83128,3
83129,3
83137,3
83561,3
83543,3
83539,3
83544,3
82335,2
82346,3
82340,2
82131,2
82205,2
82211,2
82266,2
82142,2
82229,2
82341,2
82319,2
82327,2
82234,2
82237,2
83352,2
83339,3
84549,3
83413,3
83355,3
83219,2
83334,3
83417,3
83365,3
83349,3
83367,3
83242,3
83324,3
83259,3
83530,3
83358,3
83313,3
83362,3
83342,3
84529,3
83294,2
83278,2
83308,2
83236,3
83243,3
83346,2
83377,2
83250,2
83224,2
83361,3
83119,3
83132,3
83373,3
83329,3
83379,3
82347,3
82383,3
82396,3
82380,2
86971,2
82377,2
82398,3
82399,3
86956,2
82362,2
82405,3
82407,2
86972,2
86978,2
86980,3
86986,3
86987,3
86975,3
86977,3
82387,3
82392,3
82395,3
82404,3
82390,3
82436,3
82386,3
82389,3
82401,3
82393,3
82402,3
86984,3
86989,3
82409,3
84026,1
94030,2
94315,2
94527,3
94530,3
94505,3
94469,2
94539,3
94491,2
94547,3
94550,3
94526,2
94557,2
94560,2
94486,2
94447,2
94569,3
94577,3
94541,3
94551,3
94571,3
94562,3
94563,3
94574,3
94533,3
94554,3
94532,3
94508,3
94078,3
94475,3
94143,3
94145,3
94545,3
94118,3
94151,3
94089,3
94160,3
94133,3
94163,3
94568,3
94556,3
94518,3
94065,3
94536,3
94548,3
94572,3
94513,3
94146,3
94158,3
94169,3
94579,3
94142,3
94157,3
93326,2
93077,2
93309,2
84048,2
93333,2
93351,3
93339,3
93352,3
93343,3
93346,2
93342,2
93356,3
93345,3
84097,3
84085,3
93354,3
93348,3
93358,3
93359,3
84089,3
84091,3
84094,3
84106,3
84166,3
84032,2
84155,3
84172,3
84174,3
84030,2
84051,3
84144,2
84098,3
84036,2
84088,3
84100,2
84076,3
84056,2
84184,3
84137,2
84186,3
84079,3
84092,3
84061,2
84095,3
84101,3
84107,3
84103,3
84187,3
84109,2
84168,3
84175,3
84178,3
84169,3
84171,3
84181,3
84149,3
84189,3
94529,3
94501,3
94072,3
94139,3
94124,3
94535,3
94538,3
94081,3
94086,3
94542,3
94051,3
94544,3
94116,3
94148,3
94149,3
94127,3
94152,2
94154,3
94130,3
94496,3
94060,2
94161,3
94099,3
94121,2
94164,3
94167,3
94136,3
94113,3
94107,3
94474,2
94110,3
94575,3
94104,3
94094,3
93471,3
94252,3
94253,3
94249,3
94255,3
94256,3
94258,3
94244,3
94259,3
94261,3
94262,3
94264,3
94227,3
94265,3
94267,3
94209,2
94269,3
94234,2
94227,2
94250,3
94239,3
94424,3
84378,3
84307,2
84385,3
84140,3
84332,3
84381,3
84387,3
84375,3
84335,3
84347,2
84389,3
94439,3
84337,3
84359,2
84371,3
84339,3
84384,3
84329,3
84367,3
84326,3
84333,3
84552,3
84323,3
94137,3
84364,3
94140,3
94166,3
94327,2
94351,3
94333,3
94353,3
94356,3
94357,3
84082,3
94339,3
84066,3
94363,3
94365,3
94371,3
94379,3
94377,3
94344,3
94359,3
94372,3
94375,3
94347,3
94350,3
94354,3
94360,3
94336,3
94362,3
94345,3
94348,3
94368,3
94369,3
94553,3
94559,3
94366,3
94374,3
94330,3
94342,3
84130,2
94428,3
84160,2
94405,2
84180,3
84163,3
84152,3
84164,3
84183,3
94431,3
94417,3
94436,3
94522,2
84177,3
94437,3
92224,2
93019,1
92637,2
92260,3
91275,2
92263,3
92265,3
92266,3
92271,3
92272,3
92242,3
92277,3
92280,3
92245,2
92284,2
92286,3
92287,3
92253,3
92237,2
92289,3
92249,3
92274,3
92256,3
92275,3
92281,3
92268,3
92259,3
91249,3
92262,3
92278,3
93473,3
93474,3
93476,3
93413,2
93466,3
93458,3
93437,2
93479,3
93480,3
93444,3
93462,3
93468,3
93453,3
93482,3
93485,3
93426,2
92444,3
93486,3
93488,3
93489,3
93455,3
93494,3
93449,3
93497,3
93499,3
93470,3
93464,3
93492,3
93483,3
93491,3
93477,3
93495,3
93189,3
93194,3
93199,3
93192,3
93167,3
93185,3
93191,3
92334,3
92348,3
92363,3
92364,3
92345,3
92342,3
92366,3
92283,3
92331,2
92360,3
92305,2
92353,2
90602,3
92358,3
92355,3
92361,3
92367,3
92369,2
92665,2
92693,3
92685,3
92696,3
92655,3
92706,3
92708,3
92709,3
92660,2
92648,3
92726,3
92727,3
92670,3
92665,3
92711,3
92715,3
92721,2
92637,3
92724,3
92690,3
92720,3
92694,3
92702,3
92729,3
91281,3
95519,3
92676,3
95514,3
92699,3
92712,2
92718,2
92705,3
92723,3
92697,3
92714,3
93092,2
93176,3
93170,3
93095,3
93155,2
93096,2
93138,2
93098,3
93073,2
93152,2
93083,2
93080,2
93186,3
93102,3
93128,2
84069,2
93161,2
93105,2
93107,3
93173,2
93109,3
93197,2
93182,3
93183,3
93164,3
93180,2
93188,3
93195,3
93177,3
93090,3
93093,2
93179,3
93086,3
93087,2
93101,3
93089,3
93099,3
93104,3
92439,3
92436,2
93133,2
92269,3
93142,2
92431,2
93149,2
92533,3
92526,3
92546,3
92421,2
93158,2
92545,3
92552,3
92559,3
92540,3
92543,3
92507,3
92548,3
92521,2
92551,3
92536,3
92555,3
92539,3
92549,3
92557,3
92542,3
92445,3
92447,3
92554,3
92449,2
92442,2
95671,3
92677,3
95688,3
95689,3
95505,3
95692,3
95508,3
95695,3
95698,3
95703,3
95643,2
95679,2
95652,3
95666,3
95666,2
95701,3
95506,3
95478,3
95682,3
95683,3
95700,3
95704,3
92703,3
92717,3
95685,3
95676,3
96031,1
95410,1
96450,2
95015,2
96146,2
96120,1
96149,2
96155,2
96158,3
96163,2
96103,2
91332,3
96114,2
96164,2
96123,3
96117,2
96173,2
96175,3
96178,3
96179,2
96110,3
96135,2
96129,2
96191,2
96194,2
96199,2
96132,3
96148,3
96161,3
96169,3
96182,3
96167,3
96187,3
96196,3
96154,3
96157,3
96138,3
96185,3
96170,3
95491,3
95460,3
95463,2
95493,3
95488,2
95686,3
95480,3
95497,3
95500,2
95694,3
91257,2
91278,3
95469,3
91344,3
95485,3
91347,3
96142,3
95515,3
95496,3
95490,3
95494,3
95503,2
95511,2
95517,3
95466,3
95473,3
91289,3
91282,3
91287,3
96482,2
96487,2
96237,2
96269,3
96274,3
96486,2
96484,3
96465,2
96476,3
96472,2
96145,3
96242,2
96253,3
96279,2
96479,2
96271,3
96489,3
91330,3
91349,3
91301,2
91327,3
91352,3
91353,2
91336,2
91338,2
91094,2
91077,2
91286,3
91362,3
91346,3
91320,3
91364,3
91358,3
91361,3
91369,2
91356,3
91359,3
91365,3
91090,2
91099,2
91077,3
91322,2
91355,3
91367,2
95138,3
95180,3
95182,2
95179,3
95233,3
95189,3
95176,3
95213,2
95119,2
95145,2
95194,3
95111,2
95120,2
95131,3
95152,3
95236,3
95239,3
95188,3
95192,3
95183,3
95185,3
95191,3
95197,3
95234,3
95237,3
96317,2
96328,2
96337,3
96365,3
96332,3
96361,3
96349,3
96342,3
96355,3
96364,3
96346,3
96369,3
96352,3
96358,3
96367,3
96268,3
96277,3
95502,3
95311,2
95336,2
95509,3
95512,3
95339,3
95353,3
95349,3
95365,3
95346,3
95356,3
95352,3
95358,3
95362,3
95364,3
95369,3
95359,3
96197,3
95499,3
95361,3
95367,3
96264,2
96224,2
96250,3
96215,2
96247,2
96231,2
96260,3
96257,3
96272,3
96275,2
95659,3
95153,3
95168,3
95615,2
95195,3
95173,3
95100,2
95163,3
95632,2
95186,3
95707,3
95199,3
95691,3
95706,3
95680,3
95697,3
95709,3
91522,2
91051,1
90744,1
90403,1
91126,2
91722,3
91589,3
91572,3
91595,3
91598,3
90599,3
91550,2
91602,3
91555,2
91604,3
91560,2
91567,3
91731,3
91611,3
91578,3
91586,3
91732,3
91564,2
91617,3
91580,3
91541,2
91623,3
91625,3
91626,3
91717,3
91575,3
91587,3
91607,2
91608,3
91610,3
91616,3
91620,3
91628,3
91635,3
91592,3
91583,3
91601,3
91631,3
91637,3
91590,3
91622,3
91629,3
91737,3
91746,3
91596,3
91599,3
91632,3
91614,3
91744,3
91634,3
91725,3
91726,3
91740,3
91743,3
91749,3
91734,3
91639,3
91325,2
91083,2
91088,2
90542,2
91334,2
90562,2
91074,2
91315,2
91096,2
91341,2
96193,3
91085,3
91350,2
91475,3
96172,3
91487,3
91086,2
91097,3
91054,2
91080,2
91080,1
91091,2
91093,2
90614,3
90556,2
90613,3
90579,2
90522,1
90617,3
90574,2
90547,2
91452,3
90513,1
90587,2
90587,3
90518,2
90559,2
90537,2
91217,2
91241,3
91207,2
91227,3
91284,3
91233,2
91242,2
91224,3
91244,2
90552,2
90607,2
91220,2
90571,2
90592,2
91245,3
90610,3
91235,3
91247,3
91236,3
91230,3
91238,3
91239,2
91438,2
96152,3
91463,3
91448,3
91472,3
91459,3
91413,2
91619,3
91474,3
91477,3
91480,3
91483,3
91443,3
91484,3
91465,3
97258,3
91478,3
97215,3
97215,2
91469,3
91489,3
91460,3
91456,2
91468,3
91481,3
91462,3
91466,3
91486,3
91593,3
91605,3
91471,3
91613,3
90616,3
90619,3
91183,3
90580,2
91186,2
91166,2
91171,3
91180,3
91161,2
91126,3
90596,2
91187,3
91189,3
91154,2
91174,3
91177,3
90530,2
91735,3
91710,2
91799,3
91788,3
91785,3
91805,3
91807,3
91757,2
91781,2
91720,3
91729,3
91738,3
91741,3
91793,3
91723,3
91801,3
91802,3
91792,3
91796,3
91798,3
91790,3
91728,3
91719,3
91747,3
63701,1
97420,1
97070,1
63755,2
63856,3
63791,2
63826,3
63864,2
63773,2
63762,2
63808,2
63768,2
63867,3
63796,2
63801,2
63846,2
63814,2
63776,2
63860,3
63877,2
63811,2
63857,3
63879,3
63869,3
63871,3
63872,3
63875,3
63874,3
63825,2
63828,3
63829,2
63825,3
63831,3
97708,3
97769,2
97688,2
97705,3
97762,3
97786,3
97702,3
97720,2
97723,3
97714,3
97797,3
97772,3
97799,3
97779,3
97789,3
97792,3
97795,3
97725,3
97727,3
97717,3
97729,3
97711,3
97517,3
97616,2
97653,3
97631,3
97656,3
97657,3
97654,3
97640,3
97638,3
97633,3
97528,3
97618,2
97618,3
97659,3
97724,3
97650,3
97647,3
97645,3
97483,2
97437,2
97514,3
97478,3
97486,3
96126,3
96181,3
97522,3
96190,3
97475,3
96151,3
97500,2
96166,3
96188,3
96106,3
96176,3
96184,3
97491,3
97494,3
97496,3
97461,3
97519,3
97503,2
97531,3
97539,3
97337,3
96160,3
97318,2
97350,3
97357,3
97359,3
97355,3
97353,3
97320,3
97346,3
97348,3
97320,2
97318,3
97340,2
97342,3
97340,3
97334,3
97332,2
63916,3
97903,3
97904,3
63928,3
63820,2
63906,2
63863,3
97906,2
63920,2
63868,2
63931,3
63911,2
63849,3
63897,2
63853,3
63843,2
63785,2
63936,3
63834,2
63937,3
63939,2
63927,2
63930,3
63924,2
63925,3
63924,3
63840,3
63839,2
63933,3
63934,3
97901,3
97909,2
97450,3
97776,3
97833,3
97737,2
97753,2
97855,3
97816,2
97828,2
97794,3
97907,2
97892,2
97852,3
97834,3
97836,3
97837,3
97839,3
97840,2
97842,3
97849,3
97851,3
97857,3
97773,3
97775,3
97778,3
97785,3
97791,3
97780,3
97782,3
97783,3
97788,3
97845,3
97848,3
97854,3
97267,3
97282,3
97289,3
97225,2
97843,3
97846,3
97859,3
97493,2
97456,3
97502,3
97505,2
97469,2
97506,2
97508,3
97509,3
97464,2
97490,3
97520,2
97451,2
97525,3
97526,2
97488,3
97532,3
97534,3
97535,3
97440,3
97497,3
97499,3
97447,3
97447,2
97511,3
97513,3
97516,3
97529,3
97523,3
97537,3
97249,2
97253,3
97218,2
97261,3
97262,3
97204,2
97271,3
97273,3
97277,3
97199,2
97236,2
97234,3
97222,2
97228,2
97288,3
97291,2
97274,3
97294,3
97209,2
97295,2
97297,2
97299,2
97239,3
97255,3
97241,3
97246,2
97252,2
97286,2
97230,2
97247,3
97279,3
97244,3
97232,3
97264,3
97292,3
97280,3
97256,3
97268,3
97270,2
97237,3
97250,3
97276,2
97243,3
97283,3
97285,3
97259,3
97265,2
86150,1
87600,2
87435,1
87700,2
86444,3
86551,2
86316,2
86568,3
86570,3
86438,2
86504,2
86508,3
86510,3
86447,3
86574,3
86556,3
86576,3
86559,3
86453,3
86495,3
86573,3
86577,3
86415,2
86511,3
82297,3
86554,3
86674,3
86477,3
86450,3
86482,2
86485,2
86399,2
86420,2
86424,3
86850,3
86456,2
86368,2
86497,3
86343,2
86500,3
86462,2
86405,2
86356,2
86830,2
86391,2
86672,3
86517,2
86441,3
86695,3
86678,3
86679,3
86707,2
86695,2
86486,3
86494,3
86465,3
86459,3
86514,3
86863,3
86866,3
86868,3
86872,3
86877,3
86845,2
86507,3
86507,2
86856,2
86853,3
86657,3
86647,3
89407,2
89415,2
89431,2
89423,2
89437,3
89441,3
89429,3
89428,3
89447,3
89426,3
89446,3
89434,3
89420,2
89440,3
89435,3
89443,3
86637,3
86502,3
86637,2
89344,3
89353,3
89438,3
86513,2
89346,3
89331,2
89349,3
89312,2
89343,3
89358,3
86381,2
89340,2
86476,3
89355,3
89362,3
89364,3
89350,3
89356,3
89361,3
89365,3
89368,3
89347,2
89359,3
89352,3
89335,2
89367,2
86480,3
86488,3
86489,3
86491,3
86519,3
86483,3
86505,3
86470,2
86479,3
86473,3
89287,2
89257,2
89278,2
89210,1
89270,2
89297,3
89250,2
89269,2
89264,2
89291,3
89284,3
89281,3
89293,3
89296,3
89290,3
89294,3
89299,3
88131,2
88178,2
88161,2
88149,2
88145,3
88175,3
88142,2
88171,2
88138,3
88167,3
88179,3
87629,2
87656,2
86983,3
87616,2
87665,2
87484,3
87459,2
87671,3
87645,2
87642,3
86807,2
86860,3
86862,3
86875,3
87660,3
87666,2
87668,2
87662,3
86869,3
87677,3
87679,3
87648,3
87640,3
87651,3
87674,3
87650,3
87653,3
87654,3
87634,3
87496,3
87657,3
87647,3
87637,3
87659,3
87663,3
87494,3
87616,3
87669,3
87672,3
87675,3
86825,2
87740,2
86833,3
87733,3
86865,3
87719,2
87776,3
86874,3
87736,3
87749,3
87724,2
87727,2
87743,3
87755,3
87770,3
87785,3
86498,3
87739,3
87769,3
87772,3
87775,3
87745,3
87757,3
87737,3
87748,3
87751,3
87767,3
87773,3
87746,3
87761,3
87754,3
87784,3
86854,3
86842,2
86871,3
86879,3
87734,2
87752,3
87760,3
87766,2
87779,2
87781,3
87742,3
87778,3
87782,3
87758,3
87763,3
87764,3
87730,3
87787,3
87789,3
86663,3
86609,2
86742,3
86655,3
86687,3
86688,3
86690,3
86753,3
86720,2
86698,3
86641,2
86660,3
86747,3
86748,3
86757,2
86736,3
86741,3
86744,2
86750,3
86754,3
86732,2
86733,3
86735,3
86738,3
86739,2
86745,3
86751,3
86756,3
86759,3
86681,3
86685,3
86700,3
86650,3
86709,3
86675,3
86653,3
86703,3
86704,3
86682,3
86684,3
86692,3
86694,3
87452,3
87488,3
87544,2
87474,3
87545,2
87463,3
87471,1
87490,3
87541,3
87509,2
87493,3
87466,3
87534,3
87561,2
87549,3
87527,2
87477,3
87448,3
87497,3
87487,3
87499,3
87538,3
87527,3
87547,3
87480,3
66111,1
66299,2
66352,2
66265,2
66271,2
66346,2
66287,2
66292,2
66280,2
66333,2
66701,2
66679,3
66663,2
66693,3
66706,2
66687,3
66709,2
66571,2
66557,2
66589,2
66538,2
66564,2
66578,2
66583,2
66763,2
66822,2
66809,2
66780,2
66740,2
66793,2
66839,2
66773,2
66802,2
66787,2
66798,2
66359,2
66806,2
66450,2
66440,3
66453,3
66424,2
66459,3
66399,3
66386,2
66629,3
66646,2
66640,2
66625,3
66620,3
66649,2
66606,2
66636,3
10178,1
14770,2
3046,1
15230,1
14469,1
16356,2
16321,2
16225,2
16341,2
16244,3
16348,3
16356,3
16359,3
16230,3
16321,3
16247,3
16248,3
15741,2
15732,2
15754,3
15926,3
15711,2
15907,2
15913,3
15749,3
12529,2
15745,2
15738,2
15746,3
15757,3
15748,3
15755,3
15868,3
15910,3
15938,3
3253,3
4910,2
3238,2
4916,2
4932,3
4916,3
3249,3
4924,3
4895,3
4931,3
4938,3
3238,3
3246,3
4934,3
4928,3
4936,3
14656,2
14624,2
14612,2
14669,3
14715,3
14641,2
14727,2
14712,2
14621,3
14662,3
14641,3
14728,3
16845,3
15345,2
16259,2
15370,2
15366,2
15324,3
15374,3
15562,2
15306,3
15344,2
16269,3
16259,3
15328,3
15326,3
15236,3
15377,3
15345,3
15320,3
16547,2
16798,3
16548,2
16761,2
16540,2
16766,3
16767,2
16559,3
16775,3
16567,2
16727,3
16515,2
16727,2
16792,2
3205,2
1983,2
1979,2
3222,2
1998,3
1987,3
1968,2
3226,3
3229,3
3205,3
3103,3
1945,3
1990,3
15848,2
15890,2
15537,2
15848,3
15517,2
15537,3
15566,2
15859,2
15569,2
15295,3
15890,3
15898,3
15518,3
15526,3
15864,3
15518,2
15299,3
15528,3
16833,3
16909,3
16866,2
16816,2
16831,3
16909,2
16868,3
16835,3
16818,3
14547,3
14806,2
14550,3
14532,2
14797,3
14552,2
14558,2
14548,2
14554,3
14513,2
14929,3
14542,2
14827,3
14778,2
14778,3
14798,3
14822,3
14823,3
14806,3
14789,3
14789,2
14793,3
14828,3
16928,3
16866,3
19357,3
19348,2
19339,3
16928,2
19322,2
19336,3
19322,3
19309,3
16945,3
19348,3
16949,3
3116,3
3149,2
3172,2
3099,3
3058,3
3172,3
3130,2
3119,3
3096,3
3159,3
3130,3
3149,3
3185,3
3197,3
15838,3
15837,3
15827,2
14979,2
14913,2
14943,2
14974,2
14913,3
14947,3
15834,2
14959,3
15806,3
15936,3
16278,2
17268,3
17279,3
17291,3
17291,2
17268,2
17337,3
16278,3
16303,2
17326,3
16306,3
16307,3
18055,1
19053,1
17159,3
17109,2
17258,3
17033,2
17235,2
17192,2
17111,3
17099,3
17098,3
17139,3
17139,2
17154,3
17214,3
17213,3
17209,3
17252,3
17255,3
17237,3
17039,3
17219,3
17217,3
17207,3
17248,3
17194,3
17192,3
17094,3
17349,3
17153,3
17091,3
17087,3
17089,3
17348,3
18209,2
18196,3
18181,3
18273,2
18236,3
18225,2
18233,3
18190,3
18239,3
17166,2
18211,3
18209,3
18246,3
18249,3
18246,2
18184,3
18184,2
17179,3
18276,3
18292,3
18279,3
18299,3
17166,3
17168,3
18230,3
18182,2
18182,3
18258,3
18195,3
18107,2
18198,2
18069,2
18059,3
18198,3
18609,3
18507,2
18337,3
18581,3
18546,2
18439,2
18516,3
18374,3
18445,3
18445,2
18356,2
18314,3
18356,3
18469,3
18317,3
18320,3
18528,2
18528,3
18574,3
18347,3
18375,3
18461,3
18513,3
18510,3
18519,3
18586,3
18442,3
18556,3
18551,3
18334,3
18465,3
18311,2
18573,3
18569,3
18565,3
23936,2
23999,3
23952,2
23996,3
23968,3
23972,3
19417,3
19205,3
23936,3
23968,2
23946,3
23948,3
23942,3
19069,3
19071,3
19209,3
23970,3
23974,3
23992,3
19217,3
23923,2
23923,3
17389,2
17489,2
17424,3
17309,2
17335,3
17373,2
17440,3
17438,2
17375,3
17367,3
17375,2
17379,3
17398,3
17392,3
17391,3
17129,3
17126,3
17498,3
17321,3
17322,3
17329,3
17328,3
17509,3
17121,3
17358,3
17358,2
17309,3
17449,3
17454,3
17429,3
17419,3
17459,3
17406,3
17506,3
17495,3
17390,3
19258,2
19230,2
19249,3
19288,2
19370,2
19258,3
19260,3
19303,3
19294,3
19386,3
19376,3
19399,3
19374,3
19300,3
19372,3
19230,3
19288,3
19077,3
19306,3
19306,2
19395,3
19412,3
19406,3
19073,3
19075,3
19073,2
19243,3
19246,3
19079,3
19089,3
19067,3
19065,3
19086,3
19065,2
9111,1
9439,2
9456,2
8280,2
8359,3
9474,3
9430,3
9427,2
8309,3
9423,2
9432,3
9518,3
8344,2
9394,2
9387,3
8349,3
9477,3
8315,2
8294,2
9496,3
9456,3
9221,2
9484,3
9376,2
9526,2
9514,3
8352,2
8289,2
8304,3
8340,2
9465,2
8328,3
9380,2
9488,3
9419,2
9429,3
9471,3
9392,2
9235,2
9390,2
9468,3
9385,2
9399,2
9481,3
9487,3
9548,3
9526,3
9366,2
9405,3
9405,2
8324,3
8321,2
8297,2
9437,3
9579,3
9573,3
9627,3
9618,2
9236,2
4720,2
9575,3
9306,3
9557,2
9669,2
9623,3
9599,2
9326,3
9618,3
9603,3
4720,3
9661,2
9633,3
4746,3
9232,2
4749,3
9648,3
4703,3
9244,3
9328,3
9619,3
9544,3
9577,3
9600,3
9569,3
9322,3
9629,3
9661,3
4741,3
4736,2
9217,2
9241,3
9249,2
9638,3
9648,2
8626,3
8209,2
8648,3
8645,3
8236,2
7985,3
8248,2
8485,3
8258,3
8262,3
8496,3
7952,3
8523,1
8543,3
8228,2
8539,3
8237,3
8538,3
8223,2
8223,3
8491,3
8491,2
8606,3
8606,2
8468,3
8468,2
8261,3
8541,3
8233,3
8239,3
9337,3
8427,2
9355,2
8371,2
8118,3
9337,2
8428,3
8134,3
8115,2
8132,2
8459,2
9353,2
8141,2
8412,2
8112,2
8056,2
8451,2
8393,3
8147,3
8107,2
8144,3
9212,2
9243,2
8393,2
9350,2
9356,3
8396,3
8373,3
1067,1
1477,3
2625,2
2994,3
1906,3
2733,3
1877,3
2692,3
2979,3
1920,3
2633,3
2694,3
1900,2
2627,3
2977,2
1917,2
2699,3
2991,2
2999,3
1904,2
1458,2
1454,2
2681,2
1936,3
2689,3
1454,3
2997,3
1877,2
1909,3
2692,2
1896,3
1896,2
1920,2
2943,3
2730,2
2826,1
2747,3
2739,2
2957,2
2794,2
2829,3
2763,3
2906,2
2791,2
2899,3
2782,2
2763,2
2953,2
2953,3
2748,3
2779,2
2779,3
2708,2
2708,3
2742,3
2796,3
2785,2
2797,3
2736,3
2894,3
2906,3
2956,3
2923,3
2929,3
2959,3
2957,3
2943,2
1640,2
1665,3
1561,3
1609,2
1558,2
1594,3
1623,3
1662,2
1468,3
1689,3
1683,3
1445,2
1471,3
1589,2
1616,3
1689,2
1619,3
1612,3
1609,3
1728,2
1744,2
1833,3
1705,2
1768,3
1809,2
1848,3
1731,3
1844,2
1734,3
1855,2
1723,3
1773,3
1776,3
1816,3
1819,3
1825,3
1814,3
1809,3
1824,3
1796,3
1847,3
1829,3
1796,2
1762,3
1774,3
1738,3
1737,3
4109,1
4828,2
4564,2
4552,2
4451,2
4821,2
4680,3
4654,3
4643,3
4668,2
4539,2
4463,2
4567,3
4808,3
4827,3
4416,2
4420,2
4575,3
4565,3
4571,2
4687,3
4808,2
4442,2
4651,3
4668,3
4683,2
4523,2
4849,2
4874,3
4758,3
4774,3
4509,2
4838,3
4838,2
4509,3
4862,3
4769,3
4758,2
4519,3
4435,2
4425,2
4779,3
4886,3
4880,3
4860,3
4860,2
6844,2
6108,1
39104,1
39619,3
39638,3
39624,3
38486,3
29410,2
38489,3
29413,3
29416,3
6385,2
6766,2
6366,2
6774,3
6386,3
6779,3
6792,3
6369,3
39261,2
6780,3
39179,2
39340,2
39167,3
39326,3
39646,3
39387,2
39171,3
39164,3
39326,2
39517,3
39345,3
39343,3
39359,3
39365,3
39393,3
39397,3
6729,3
6679,2
6686,3
6618,2
6682,3
6667,2
6712,2
6647,3
6648,3
6642,3
6628,3
6722,3
6712,3
6632,3
6667,3
6638,3
6636,3
6721,3
6618,3
6493,2
38889,2
6463,3
38820,2
6493,3
38838,3
38871,2
38871,3
38875,3
38835,3
6484,2
6502,2
38855,2
6484,3
38822,3
38829,3
6458,3
38828,3
39175,2
39288,2
39317,3
39307,2
39245,3
39319,3
39291,3
6542,3
6456,3
6295,2
6347,3
6333,2
6343,3
6526,2
6317,3
6536,3
6528,3
6537,3
6313,2
6308,2
6295,3
6311,2
6231,2
6246,3
6242,3
6184,3
6188,3
6237,3
6193,3
6217,2
6249,3
6268,2
6198,3
6258,3
6179,3
6268,3
6279,3
6449,2
39249,3
6406,2
39221,3
39240,2
39444,3
6420,3
6429,3
39218,2
6469,3
39418,2
39435,3
39448,3
6425,3
6449,3
39439,3
6408,3
39629,3
39539,3
39606,3
39576,2
39590,2
39596,3
39579,3
39615,3
39524,3
6925,3
6905,3
6869,3
6773,3
6917,3
6901,3
6785,3
6886,2
6895,3
99084,1
7545,1
7743,1
98527,2
99423,2
37308,2
37355,3
37327,2
37345,3
37351,3
37339,3
37318,3
37308,3
37327,3
37359,3
99755,3
99734,2
99759,3
99735,3
99768,2
99765,3
99752,3
36456,3
99830,3
36414,3
36404,3
99848,2
99834,3
99820,3
36448,2
36460,3
99837,3
99817,2
99826,3
99819,3
99831,3
36433,2
36419,3
99842,3
99846,2
36466,3
36452,3
36457,3
99947,2
99974,2
99996,3
99988,3
99991,3
99955,3
99947,3
99958,3
99986,3
99998,3
99994,3
6567,2
99713,3
99706,2
99707,3
6571,3
99718,3
6556,3
6577,3
98593,3
98559,3
98574,2
98587,2
98596,3
98544,2
98617,3
98631,3
98634,3
98590,3
98547,3
98530,3
98617,2
98639,3
98597,3
99894,3
99867,2
99891,3
99897,3
99880,2
99192,3
99880,3
99100,3
99869,3
99885,3
99887,3
99625,3
99610,2
99631,3
99628,3
99189,3
99638,3
99636,3
99634,3
99195,3
99610,3
99198,3
98673,3
98646,2
98667,3
98553,3
98669,3
98666,3
98630,3
98660,3
98646,3
98663,3
99310,2
99334,3
98693,2
99326,3
99330,3
98701,3
98716,3
98693,3
99338,3
99310,3
99510,2
99438,2
99444,3
99510,3
99428,3
99448,3
99102,3
99438,3
99441,3
99441,2
99518,3
99439,3
98724,3
96528,3
96515,2
96523,3
96524,3
98746,3
7422,2
7407,2
7318,2
7338,3
7407,3
7333,2
98743,3
7349,3
7330,3
98744,3
7429,3
7427,3
7426,3
7768,2
7613,3
7619,3
7646,3
7768,3
7751,3
7751,2
7629,2
7629,3
7774,3
7778,3
7778,2
7616,3
7607,2
7607,3
7639,2
7639,3
7927,3
7356,3
7381,2
7907,2
7926,3
7922,3
7343,3
7368,3
7929,3
7366,3
7907,3
7919,3
7924,3
7381,3
7389,3
7806,3
7819,3
7387,3
7806,2
7973,2
7580,3
7570,3
7586,3
7955,3
7987,3
7980,3
7554,3
7589,3
7557,3
7557,2
7570,2
7937,2
7950,3
7958,3
7957,3
4600,2
4613,3
4610,2
4617,3
4603,2
4603,3
4626,3
4639,3
4618,3
4626,2
