zipcode,urbanity
28891,2
28901,1
28902,1
28903,1
28904,1
28905,1
28906,1
28907,1
28909,1
28910,1
28911,1
28912,1
28913,1
28914,1
28915,1
28916,1
28917,1
28918,1
28919,1
28921,1
28922,1
28923,1
28924,1
28925,1
28931,1
28932,1
28933,1
28934,1
28935,1
28936,1
28937,1
28938,1
28939,2
28940,1
28941,1
28942,1
28943,1
28944,1
28945,1
28946,1
28947,1
28950,3
28970,2
28971,2
28976,3
28977,2
28978,2
37650,3
37656,3
37657,3
37658,3
37659,3
37660,3
37670,3
37671,3
37680,3
37682,3
37683,3
37684,3
03769,3
37690,3
44210,3
44211,3
44212,3
44213,3
44220,3
44221,3
44222,3
44223,3
44230,3
44231,3
44232,3
44233,3
04430,3
44300,3
04431,3
44310,3
44311,3
44313,3
44314,3
44315,3
44320,3
44330,3
44340,3
44350,3
44357,3
44358,3
44359,3
44360,3
44366,3
44367,3
44368,3
44369,3
44370,3
44380,3
44381,3
44382,3
44390,3
44391,3
44392,3
44393,3
44394,3
44395,3
44396,2
05213,3
05214,3
05215,3
05216,3
05217,3
05220,3
05229,3
05230,3
05239,3
05240,3
05250,3
05260,3
05267,3
05268,3
05270,3
05278,3
05279,3
05280,3
05289,3
05290,3
05291,3
05292,3
05294,3
05296,3
05298,3
05299,3
05300,3
05301,3
05309,3
05310,3
05320,3
05350,3
28979,3
28980,1
35214,1
35215,1
35216,2
35217,2
35218,1
35219,1
35220,1
35229,1
35240,2
35250,2
35259,2
35260,2
35269,2
35270,2
35280,1
35290,2
35299,2
03530,2
35300,2
35307,2
35308,2
35309,2
35310,2
35319,2
35320,2
35328,2
35329,2
35330,2
35333,2
35338,2
35339,2
35340,3
35349,3
35350,3
35360,3
35368,3
35369,3
03540,1
35400,2
35411,2
35412,2
35413,2
35414,2
35415,2
35416,2
35420,2
04860,2
04867,2
04868,3
04869,3
04870,3
04877,3
04878,3
04879,3
04880,3
04887,3
04888,3
04889,3
04890,3
04897,3
04898,3
04899,3
49001,1
49002,1
49003,1
49004,1
49005,1
49006,1
49007,1
49008,1
49009,1
49010,1
49011,1
49012,1
49013,1
49014,1
49015,1
49016,1
49017,1
49018,1
49019,1
49020,1
49021,1
49022,1
49023,1
49024,1
49025,1
49026,1
49027,1
49028,1
49029,1
49030,1
49031,1
05357,3
05358,3
05369,3
05370,3
05376,3
05380,3
05400,2
05410,3
05412,3
05413,3
05414,3
05415,3
05416,3
05417,3
05418,2
05420,3
31390,3
31391,3
31392,3
31393,3
31394,3
31395,3
31396,3
31397,3
31398,3
31400,3
31409,3
31410,3
31411,3
31412,3
31413,3
31414,3
31415,3
31416,3
31417,3
31418,3
31420,3
31421,3
31422,3
31430,3
31438,3
31439,3
31440,3
31448,3
31449,3
31450,3
31451,3
31452,3
31453,3
31454,3
31460,3
31470,2
31471,3
31472,3
31473,3
31480,3
31481,3
31482,3
31483,3
31484,3
31485,3
16260,3
16269,3
16270,3
16280,3
16290,3
16300,3
16311,3
16312,3
16313,3
16315,3
16316,3
16317,3
16318,3
16320,3
16321,3
16330,3
16336,3
29239,3
29240,3
29250,2
29260,2
29300,2
29310,3
29311,3
29312,3
29313,3
29314,2
29315,3
29320,2
29327,3
29328,3
29329,3
29330,3
29340,3
29350,3
29360,3
29370,3
29380,3
29391,3
29392,3
29394,2
29395,3
29400,2
29410,3
29420,3
29430,3
29440,3
29450,3
29451,3
29452,3
29460,3
29461,3
29462,3
29470,3
29471,3
29480,3
29490,3
29491,3
29492,3
29493,3
29494,3
29500,2
29510,2
29520,3
24199,3
02420,2
24200,3
24205,3
24206,3
24207,3
24208,3
24209,3
24210,3
24217,3
24218,3
24219,3
24220,3
24221,3
24222,3
24223,3
24224,3
24225,3
24226,3
24227,3
24228,3
24230,3
24231,3
24232,3
24233,3
24234,3
24235,3
24236,3
24237,3
24238,3
24239,3
24240,3
24248,3
24249,3
24250,3
24251,3
24252,3
24253,3
24257,3
24270,3
24271,3
24272,3
24273,3
24274,3
36142,3
36143,1
36150,1
36151,1
36152,1
36153,1
36154,1
36155,1
36156,1
36157,1
36158,1
36160,1
36161,1
36162,1
36163,2
36164,1
36190,3
36191,3
36192,3
36193,3
24275,3
24276,3
24277,3
24280,3
24281,3
24282,2
24283,3
24284,3
24285,3
24286,3
24287,3
24288,3
24290,3
24291,3
24292,3
24293,3
24294,3
02430,3
24300,2
24310,3
24311,3
24312,3
24313,3
24314,3
24315,3
24316,3
24317,3
24318,2
24319,2
24320,3
24323,3
24324,3
24325,3
24326,3
24327,3
24328,3
24329,3
24330,3
24339,3
02434,3
24340,3
24341,3
24342,3
24343,3
24344,3
24345,3
28751,3
28752,3
28753,3
28754,3
28755,3
28756,3
28760,2
28770,2
28791,2
28792,2
28793,2
28794,2
28801,1
28802,1
28803,1
28804,1
28805,1
28806,1
28807,1
28808,1
28810,2
28811,2
28812,3
28813,2
28814,2
28815,3
28816,2
28817,3
28818,3
28820,1
28821,1
28822,1
24649,3
24650,3
24660,3
24670,3
24680,3
24687,3
24688,3
24689,3
24690,3
24699,3
24700,2
24710,3
24711,3
24712,3
24713,3
24714,3
24715,3
24716,3
24717,3
24718,2
24719,3
24720,3
24721,3
24722,3
24723,3
24724,3
24730,3
24731,3
24732,3
24733,3
24734,3
24735,3
24736,3
24738,3
24740,3
24741,3
24742,3
24743,3
24744,3
24745,3
24746,3
24750,2
24760,3
24761,3
24762,3
29530,2
29531,3
29532,3
29533,3
29540,2
29550,3
29551,3
29552,2
29560,2
29566,3
29567,3
29569,2
29570,2
29580,2
29590,1
29591,1
29593,2
29600,2
29601,2
29602,2
29603,2
29604,2
29610,3
29611,3
29612,3
29620,1
29630,1
16111,3
16113,3
16114,3
16118,3
16120,3
16122,3
16123,3
16140,3
16141,3
16142,3
16143,3
16144,3
16145,3
16146,2
16150,3
16152,3
16160,3
16161,3
16162,3
16190,3
16191,3
16192,3
16193,2
16194,2
16195,3
16196,3
16200,2
16210,3
16211,3
16212,3
16214,3
16215,3
16216,3
16220,2
16230,3
16234,3
16235,3
16236,3
16237,3
16239,3
16240,3
16250,3
16251,3
29715,3
29716,3
29717,3
29718,3
29719,2
29720,2
29730,2
29738,2
29740,2
29749,2
29750,2
29751,2
29752,3
29753,3
29754,3
29755,3
29760,2
29770,2
29780,2
29787,2
29788,3
29789,3
29790,2
29791,2
29792,3
29793,2
30001,1
30002,1
30003,1
30004,1
30005,1
30006,1
30007,1
30008,1
30009,1
03001,1
30010,1
30011,1
30012,1
03002,1
03003,1
03004,1
03005,1
03006,1
03007,1
16337,3
16338,3
16339,3
16340,3
16350,3
16360,3
16370,3
16371,3
16372,3
16373,3
16390,3
16393,3
16400,2
16410,3
16411,3
16412,3
16413,3
16414,3
16415,3
16417,3
16420,3
16421,3
16422,3
16423,3
16430,3
16431,3
16432,3
16433,3
16434,3
16435,3
24346,3
24347,3
02435,3
24350,3
24356,3
24357,3
24358,3
24359,3
02436,3
24360,3
24367,3
24368,3
24369,3
02437,3
24370,3
24374,3
24375,3
24376,3
24377,3
24378,3
24379,3
24380,3
24384,3
24385,3
24386,3
24387,3
24388,3
24389,3
02439,3
24390,1
24391,3
24392,3
24393,3
24394,3
24395,3
24396,3
24397,3
24398,3
02440,3
24400,1
24401,1
24402,1
24403,1
24404,1
36459,3
36460,2
36470,2
36471,2
36472,2
36473,2
36474,2
36475,2
03649,2
36490,3
36491,3
36492,3
36493,3
36494,3
03650,2
24410,2
24411,1
24412,3
24413,3
24414,1
24415,1
24416,1
24420,3
24428,3
24429,3
24430,3
24433,3
24434,3
24435,3
24436,3
24437,3
24438,3
24439,3
24440,3
24441,3
24442,3
24443,3
24444,3
24445,3
24446,3
24447,3
24448,1
24450,3
24457,3
24458,3
24459,3
24460,3
24469,3
24470,3
24478,3
24479,3
02448,3
24480,3
24488,3
24489,3
02449,3
24490,1
24491,1
24492,3
24493,3
24494,3
24495,3
28981,1
28982,1
28983,1
28984,1
28990,2
28991,2
29000,1
29001,1
29002,1
29003,1
29004,1
29005,1
29006,1
29007,1
29008,1
29009,1
29010,1
29011,1
29012,1
29013,1
29014,1
29015,1
29016,1
29017,1
29018,1
29100,2
29108,3
29109,3
29110,3
29120,2
29130,2
03559,1
03560,1
35600,2
35610,2
35611,2
35612,2
35613,2
35620,3
35625,2
35626,2
35627,2
35628,2
35629,3
35630,2
35637,3
35638,2
35639,2
35640,2
35649,2
35650,2
35660,2
03569,3
03570,2
03578,3
03579,3
03580,2
03581,2
03590,2
03599,2
03600,1
36001,1
36002,1
36003,1
36004,1
36005,1
03610,1
36110,3
36116,3
36117,3
36118,3
36119,3
36120,3
36121,3
36130,3
36139,3
36140,3
36141,3
49168,3
49170,3
49171,3
49172,3
49173,3
49174,3
49176,3
49177,3
49178,3
49180,3
49181,3
49182,3
49183,3
49190,3
49191,3
49192,3
49200,3
49210,3
49211,3
49212,3
49213,3
49214,3
49215,3
49216,3
49220,3
49230,3
49231,3
49232,3
49240,3
49250,3
49251,3
49252,3
49253,3
49254,3
49255,3
49260,3
49270,3
49271,3
49272,3
49280,3
49281,3
49290,3
49300,3
49310,3
36194,3
36200,1
36201,1
36202,1
36203,1
36204,1
36205,1
36206,1
36207,1
36208,1
36209,1
36210,1
36211,1
36212,1
36213,1
36214,1
36215,1
36216,1
03630,2
36300,2
36307,2
36308,2
36309,3
36310,1
36312,1
36313,1
36314,1
36315,1
36316,2
36317,1
41100,2
41110,2
41111,2
41120,1
04113,2
41130,2
04114,2
41140,2
04115,2
41150,2
04116,2
04117,2
04118,2
04119,2
04120,1
41200,2
41209,2
41210,2
41218,2
41219,2
41220,2
41230,3
41240,3
41250,3
04130,1
41300,2
41309,2
04131,1
41310,2
41318,2
41319,2
41320,2
41330,2
41339,2
41340,2
41350,3
41359,3
41360,3
41370,3
41380,3
41388,3
41390,3
04140,2
41400,2
41409,3
41410,2
09219,2
09220,3
09226,3
09227,3
09228,3
09230,3
09233,3
09239,3
09240,2
09244,3
09245,3
09246,3
09247,3
09248,3
09249,3
09250,3
09251,3
28823,1
28830,1
28840,2
28850,1
28860,2
28861,2
28862,2
28863,2
28864,2
28880,2
28890,2
41420,2
41429,2
41430,3
41439,3
41440,2
41449,3
41450,2
41460,3
41470,3
41479,3
04149,2
04150,1
41500,1
04151,2
41510,2
41520,2
41530,2
41540,2
41550,3
41560,2
41563,2
41564,3
41565,3
41566,3
41567,2
41568,3
41569,3
41570,3
41580,3
41590,3
41599,3
04160,1
41600,2
41610,2
41620,2
41630,3
41640,2
41650,3
41657,2
41658,2
41659,3
41660,3
41661,3
41670,3
41700,1
41701,1
41702,1
47692,3
04770,2
04778,2
04779,2
47800,3
47810,3
47811,3
47812,3
47813,3
47814,3
47815,3
47816,3
47820,3
47830,3
47831,3
47832,3
47840,3
47850,3
47851,3
47860,3
47862,3
47870,3
47880,3
47881,3
47882,3
47883,3
04800,2
04810,3
04811,3
04812,2
04813,2
04814,2
29631,1
29639,1
29640,1
29649,2
29650,2
29651,2
29660,2
29670,2
29678,3
29679,3
29680,2
29688,2
29689,2
29690,3
29691,2
29692,2
29693,2
29700,2
29710,3
29711,3
29712,3
29713,3
29714,3
42230,3
42240,3
42248,3
42249,3
42250,3
42257,3
42258,3
42259,3
42260,3
42269,3
42290,2
42291,3
42292,3
42293,3
42294,3
42295,3
42296,3
04230,1
42300,3
42311,3
42312,3
42313,3
42314,3
42315,3
42316,3
42317,3
42318,3
42320,3
42328,3
42329,3
42330,3
42339,3
42340,3
42341,3
42342,3
42344,3
42345,3
42350,3
42351,3
42352,3
42353,3
42360,3
42365,3
42366,3
42367,3
42368,3
42369,3
42390,3
42391,3
49318,3
49319,3
49320,3
49321,3
49322,3
49323,3
49324,3
49325,3
49326,3
49327,3
49329,3
49330,3
49331,3
49332,3
49333,3
49334,3
03008,1
36318,1
36320,2
36330,1
36331,1
36340,2
36350,2
36360,2
36370,2
36373,2
36378,2
36379,2
03638,3
36380,2
36388,2
36389,2
03639,2
36390,1
36391,2
36392,2
36393,2
03640,2
36400,2
36410,2
36411,2
36412,2
36413,2
36414,2
36415,2
36416,2
36417,2
36418,2
36419,2
36420,3
36428,3
36429,3
36430,3
36435,3
36436,3
36437,3
36438,3
36440,3
36446,3
36447,3
36448,3
36449,3
36450,3
36455,3
36456,3
36457,3
36458,3
49393,3
49394,3
49395,3
49396,3
49400,3
49410,3
49419,3
49420,3
49430,3
49440,3
49450,3
49500,3
49510,3
49511,3
49512,3
49513,3
49514,3
49515,3
49516,3
49517,3
49518,3
49519,3
49520,3
49521,3
49522,3
49523,3
49524,3
49525,3
49530,3
49539,3
49540,3
49541,3
49542,3
49543,3
49550,3
49559,3
49560,3
49561,3
49562,3
49563,3
49570,3
49571,3
36500,2
36510,2
36511,3
36512,2
36514,2
36515,2
36516,3
36517,2
36518,3
36519,2
36520,3
36524,3
36525,3
36526,3
36527,3
36528,3
36529,3
36530,3
36537,3
36538,3
36539,3
36540,3
36542,3
36543,3
36544,3
36545,3
36546,3
36547,3
36548,3
36549,3
36550,3
36555,3
41703,1
41704,1
41710,2
41719,2
41720,2
41727,2
41728,1
41730,2
41731,2
41740,2
41749,2
41750,3
41760,3
41770,2
41780,3
41800,2
41804,2
41805,2
41806,2
41807,2
41808,2
41809,2
41810,3
41820,3
41830,3
41840,2
41849,3
41850,3
41860,2
41870,2
41880,3
41888,3
41889,3
41890,3
41897,3
41898,3
41899,3
41900,1
41907,2
41908,2
41909,2
41910,1
41920,1
41927,1
41928,1
09493,3
09500,3
09510,3
09511,3
09512,3
09513,3
09514,3
09515,3
09520,3
09530,3
09540,3
09549,3
09550,3
29140,1
29150,3
29160,3
29169,1
29170,3
29180,3
29190,1
29191,1
29193,1
29194,3
29195,3
29196,1
29197,1
29200,2
29210,3
29220,3
29230,2
41930,1
41940,1
41950,1
41960,1
41970,2
41980,2
41989,2
04200,3
42000,3
42001,2
42002,2
42003,2
42004,2
42005,2
04210,3
42100,3
42107,3
42108,3
04211,3
42110,3
42111,3
42112,3
42113,3
42114,3
04212,3
42120,3
42125,3
42126,3
42127,3
42128,3
42129,3
04213,3
42130,3
42131,3
42132,3
42134,3
42137,3
42138,3
42140,3
42141,3
42142,3
42143,3
42145,3
42146,3
42148,3
42149,3
42150,3
49120,3
49121,3
49122,3
49123,3
49124,3
49125,3
49126,3
49127,3
49128,3
49129,3
49130,3
49131,3
49132,3
49133,3
49134,3
49135,3
49136,3
49137,3
49140,3
49141,3
49142,3
49143,3
49144,3
49145,3
49146,3
49147,3
49148,3
49317,3
09110,3
09118,3
09119,3
09120,3
09121,3
09123,3
09124,3
09125,3
09126,3
09127,3
09128,3
09129,3
09130,3
09131,3
09133,3
09135,3
09136,3
09140,3
09141,3
09142,3
09143,3
09144,3
09145,3
09146,3
09150,3
09159,3
09191,1
09192,3
09193,3
09194,3
09195,3
09196,3
09197,3
09198,3
09199,3
09200,2
09210,3
09211,3
09212,3
09213,3
09214,3
09215,3
09216,3
09217,3
09218,2
09252,3
09253,3
09257,3
09258,3
09259,3
09260,3
09267,3
09268,3
09269,3
09270,3
09271,3
09272,3
09280,3
09290,3
09292,3
09293,3
09294,3
09300,3
09310,3
09311,3
09312,3
09313,3
09314,3
09315,3
09316,3
09317,3
09318,3
09319,3
04815,3
04820,2
04825,3
04826,2
04827,2
04828,2
04829,2
04830,3
04838,3
04839,3
04850,3
04857,3
04858,3
04859,3
49335,3
49336,3
49337,3
49340,3
49341,3
49342,3
49343,3
49344,3
49345,3
49346,3
49347,3
49348,3
49349,3
49350,3
49352,3
49357,3
49358,3
49359,3
49360,3
49361,3
49362,3
49390,3
49391,3
49392,3
11471,1
11480,1
11574,1
14070,1
14071,1
14080,1
18070,1
18071,1
18080,1
15573,1
21070,1
21071,1
21080,1
23070,1
23071,1
29070,1
29071,1
29080,1
29393,3
41070,1
41071,1
41080,1
41389,3
22070,1
22071,1
22080,1
22391,3
22536,3
44070,2
44071,2
44080,2
44470,3
50070,1
50071,1
50080,1
50176,3
50198,3
50596,3
33070,1
33071,1
33080,1
33200,1
39070,1
39071,1
39080,1
39681,3
51070,1
51071,1
51080,1
05070,2
05071,2
05080,2
09070,1
09071,1
09080,1
49572,3
49573,3
49574,3
49580,3
49582,3
49583,3
49590,3
49591,3
49592,3
49593,3
09320,3
09338,3
09339,3
09340,3
09341,3
09342,3
09343,3
09344,3
09345,3
09346,3
09347,3
09348,3
09349,3
09350,3
09351,3
09352,3
09353,3
09354,3
09370,3
09390,3
09391,3
09400,2
09410,3
09430,3
09440,3
09441,3
09442,3
09443,3
09450,2
09451,3
09453,3
09454,3
09460,3
09461,3
09462,3
09463,3
09471,3
09490,2
09491,3
09551,3
09552,3
09553,3
09554,3
09555,3
09556,3
09557,3
09558,3
09559,3
09560,3
09566,3
09567,3
09568,3
09569,3
09570,3
09571,3
09572,3
09573,3
09574,3
09580,3
09585,3
09586,3
09587,3
09588,3
09589,3
09591,3
09592,3
09593,3
09594,3
09610,3
09611,3
09612,3
09613,3
09614,3
09615,3
49149,3
49150,3
49151,3
49152,3
49153,3
49154,3
49155,3
49156,3
49157,3
49158,3
49159,3
49160,3
49161,3
49162,3
49163,3
49164,3
49165,3
49166,3
49167,3
10667,3
10670,3
10671,3
10672,3
10680,3
10690,2
10691,3
10692,3
10693,3
10694,3
10695,3
10188,3
10189,3
10190,3
10191,3
10192,3
10193,3
10194,3
10195,1
10198,3
10199,1
10200,2
10210,3
10220,2
10230,3
10240,3
10250,3
10251,3
10252,3
10260,3
10261,3
49032,1
49100,3
49110,3
08753,2
08754,2
08755,2
08756,2
08757,2
08758,2
08759,2
08760,2
08769,3
08770,2
08773,3
08775,3
08776,3
08777,3
08779,3
08780,2
08781,2
08782,2
08783,2
08784,2
08785,2
08786,2
08787,3
08788,1
08789,3
08790,2
08791,3
08792,3
08793,3
08794,3
08795,3
08796,3
08797,3
08798,3
08799,3
08800,1
08805,1
08810,2
08811,3
08812,2
08818,2
08820,1
08830,1
08840,1
10529,3
10530,3
10540,3
10550,3
10560,3
10570,3
10580,3
10590,3
10591,3
10592,3
10600,2
10610,3
10611,3
10612,3
10613,3
10614,3
10615,3
10616,3
10617,3
10620,3
10623,3
10624,3
10625,3
10626,3
10627,3
10628,3
10629,3
10630,3
10638,3
10639,3
10640,3
10649,3
10650,3
10660,3
10661,3
10662,3
10663,3
10664,3
10665,3
10666,3
18812,3
18813,3
18814,3
18815,3
18816,3
18817,3
18818,3
18820,3
18830,2
18840,3
18850,3
18858,3
18859,3
18860,2
18870,3
18880,2
18890,3
18891,3
19001,1
19002,1
19003,1
19004,1
19005,1
19080,1
19100,3
19110,3
19111,3
19112,3
19113,3
19114,3
19115,3
19116,3
19117,3
19118,3
19119,3
19120,3
19125,3
10696,3
10697,3
10700,3
10710,3
10711,3
10712,3
10720,3
10728,3
10729,3
10730,3
10739,3
10740,3
10748,3
10749,3
10750,3
10759,3
10800,2
10810,2
10811,3
10812,3
10813,3
10814,3
10815,3
10816,3
10817,3
10818,3
10820,3
10828,3
10829,3
10830,3
10839,3
10840,2
10848,3
10849,3
10850,3
10857,3
10858,3
10859,3
10860,3
10864,3
10865,3
18191,3
18192,3
18193,1
18194,1
18195,2
18196,1
18197,1
18198,1
18199,1
18200,1
18210,2
18211,2
18212,3
18213,1
18214,2
18220,2
18230,2
18240,2
18247,3
18248,3
18249,3
18250,3
18260,3
18270,3
18280,3
18290,2
18291,2
18293,3
18295,3
18300,2
18310,3
18311,2
18312,2
18313,2
18314,2
18320,2
18327,3
18328,2
18329,3
18330,2
18339,2
18340,2
02612,3
26120,3
26121,3
26122,3
26123,3
26124,3
26125,3
26126,3
26127,3
10262,3
10263,3
10269,3
10270,3
10271,3
10272,3
10280,3
10290,2
10291,2
10292,3
10300,2
10310,2
10317,3
10318,2
10319,3
10320,3
10328,3
10329,3
10330,3
10331,3
10332,3
18350,3
18360,2
18369,3
18370,3
18380,3
18381,3
18400,3
18410,3
18411,3
18412,3
18413,3
18414,3
18415,3
18416,3
18417,3
18418,3
18420,3
18430,3
18438,3
18439,3
18440,3
18448,3
18449,3
18450,3
18451,3
18452,3
18460,3
18470,3
18480,3
18490,3
18491,3
18492,3
18494,3
18500,2
18510,3
18511,3
18512,3
18513,3
18514,3
18515,3
18516,3
18517,3
18518,3
18519,2
18520,3
18530,3
18538,3
18539,3
18540,3
18550,2
18560,3
18561,3
18562,3
18563,3
25540,3
25548,3
25549,3
25550,3
25551,3
25552,3
25553,3
25554,3
25555,3
25556,3
25560,3
25566,3
25567,3
25568,3
25569,3
25570,3
25571,3
11405,1
11406,1
11407,1
11408,1
11500,1
11510,2
11518,2
11519,2
11520,2
11530,2
11687,3
11688,3
11689,3
11690,2
11691,3
11692,3
11693,3
12001,1
12002,1
12003,1
12004,1
12005,1
12006,1
12100,1
01211,3
12110,2
12118,3
12119,3
12120,3
12121,2
12122,3
12123,3
12124,3
12125,3
12126,3
12127,3
12130,3
12131,3
12132,3
12133,3
12134,3
12135,3
10866,3
10867,3
10868,3
10869,3
10870,3
10879,3
10880,3
10881,3
10882,3
10883,3
10890,3
10891,3
10892,3
10893,3
10894,3
10895,3
10896,3
10900,2
10910,3
10930,3
10940,3
10950,3
10960,3
10970,3
10980,3
10990,3
10991,3
11001,1
11002,1
11003,1
11004,1
11005,1
11006,1
11007,1
11008,1
11009,1
11010,1
11011,1
11012,1
11100,1
11130,1
11138,2
19240,3
19242,3
19243,3
19244,3
19245,3
19246,3
11139,1
11140,2
11149,2
11150,2
11158,2
11159,2
11160,2
11170,2
11178,2
11179,2
01118,3
11180,3
11190,2
11200,1
11201,1
11202,1
11203,1
11204,1
11205,1
11206,1
11207,1
11300,1
11310,2
11311,2
11312,2
11313,2
11314,2
11315,1
11320,3
11330,3
11339,3
11340,3
11350,3
11351,3
11360,2
11368,2
11369,2
11370,2
11379,2
11380,2
11390,2
11391,2
11392,2
11393,2
11400,1
11401,1
11402,1
11403,1
11404,1
18564,3
18565,3
18566,3
18567,3
18568,3
18569,2
18570,3
18600,2
18610,2
18611,3
18612,3
18613,2
18614,3
18615,3
18616,3
19126,3
19127,3
19128,3
19129,3
19130,3
19132,3
19133,3
19134,3
19135,3
19139,3
19140,3
19141,3
19142,3
19143,3
19144,3
25726,3
25727,3
25730,3
25735,3
25736,3
25737,3
25738,3
25739,3
25740,3
25746,3
25747,3
25748,3
25749,3
25750,3
25751,3
25752,3
25753,3
25788,3
25790,3
25791,3
25792,3
25793,3
25794,3
25795,3
25796,3
25797,3
25798,3
25799,3
02600,2
26001,1
26002,1
26003,1
26004,1
26005,1
26006,1
26007,1
26008,1
26009,1
02610,3
26100,3
02611,3
26110,3
26111,3
32786,3
32787,3
32788,3
32789,3
32790,3
32791,3
32792,3
32793,3
32794,3
32800,3
32810,3
32811,3
32812,3
32813,3
32814,3
32815,3
32816,3
32817,3
32820,3
32821,3
32822,3
32823,3
32824,3
32825,3
32826,3
32827,3
32828,3
32829,3
32830,3
32838,3
32839,3
32840,3
32845,3
32846,3
26130,3
26131,3
26132,3
26133,3
26134,3
26135,3
02614,3
26140,2
26141,3
26142,2
26143,3
26144,3
26145,3
26146,3
26147,3
26148,3
26150,3
26151,3
26160,3
26190,3
26191,3
02620,3
26200,2
26210,3
26211,3
26212,3
26213,3
26214,3
26215,3
26216,3
26220,3
26221,3
26222,3
26223,3
26224,3
26230,3
26240,3
26241,3
26250,2
26256,3
26257,3
32524,3
32525,3
32526,3
32530,3
32534,2
32535,3
32536,3
32537,3
32538,3
32539,3
32540,3
32545,3
32546,3
32547,3
32548,3
32549,3
32550,3
32551,3
32552,3
32554,3
32555,3
32556,3
32557,3
32558,3
32559,3
32560,3
32561,3
32562,3
32563,3
32570,3
32572,3
32573,3
32574,3
32575,3
32577,3
32578,3
32579,3
32593,1
32600,2
32610,3
32611,3
32612,3
32613,3
32614,3
37780,3
37781,3
37785,3
37786,3
37787,3
37788,3
37789,3
25572,3
25573,3
25574,3
25575,3
25576,3
25577,3
25580,3
25583,2
25586,3
25587,3
25588,3
25589,3
25590,3
25591,3
25592,3
25593,3
25594,3
25595,3
25596,3
25597,3
25598,3
25599,3
25600,2
25610,3
32615,2
32616,3
32617,3
32618,3
32619,2
32620,3
32621,3
32622,3
32624,3
32625,3
32626,3
32627,2
32630,2
32631,3
32632,3
32633,3
32634,3
32635,2
32636,2
32637,2
32638,3
32640,2
32641,3
32642,3
32643,3
32644,3
32645,3
32646,3
32648,3
32650,3
32651,3
32652,3
32653,3
32654,3
32655,3
32660,3
32664,3
32665,3
32666,3
32667,3
32668,3
32669,3
32670,3
32678,3
32679,3
32680,3
32688,3
32689,3
32690,3
32691,3
32692,3
37439,3
37440,3
37446,3
37447,3
37448,3
37449,3
37450,3
37451,3
37452,3
37453,3
37454,3
37455,3
37456,3
37460,3
37465,3
37466,3
10333,3
10334,3
10335,3
10340,3
10341,3
10350,3
10359,3
10360,3
10370,3
10371,3
10372,3
10373,3
10374,3
10380,3
10390,3
10391,3
10392,3
10393,3
10394,3
10400,2
10410,3
10411,3
10412,3
10413,3
10414,3
10420,3
10430,3
10440,3
10450,3
10459,3
10460,3
10470,3
10480,3
10490,3
10491,3
10492,3
10493,3
11540,1
11549,1
11550,2
11560,2
11570,1
11579,1
11580,3
11590,1
11591,1
11592,1
11593,1
11594,1
11595,1
11596,1
11600,2
11610,3
11611,3
11612,3
11620,2
11630,2
11638,2
11639,3
11640,2
11648,3
11649,2
11650,2
11659,2
11660,2
11670,3
11679,3
11680,3
12140,3
12150,3
12159,3
12160,3
12161,3
12162,3
12163,3
12164,3
12165,3
12166,3
12170,3
12179,3
12180,3
12181,3
12182,3
12183,3
12184,3
19145,3
19150,1
19151,3
19152,3
19153,3
19160,3
19161,3
19162,3
19163,1
19170,2
19171,2
19174,3
19180,2
19182,3
19184,3
19185,2
19186,3
19187,3
19188,3
19190,3
19192,3
19193,1
19196,3
19197,3
19198,3
19200,2
19208,2
19209,2
19210,2
19219,3
19220,3
19222,3
19223,3
19224,3
19225,3
19226,3
19227,3
19229,3
19230,3
19237,3
19238,3
19239,3
19247,3
19248,3
19250,3
19260,3
19261,3
19262,3
19263,3
19264,3
19265,3
19266,3
19267,3
19268,3
19269,3
19270,3
19274,3
19275,3
19276,3
19277,3
19278,3
19280,3
19281,3
19283,3
19285,3
19286,3
19287,3
19290,2
19292,3
19294,3
19295,3
19300,3
19310,3
19311,3
19312,3
19313,3
19314,3
19315,3
19320,3
19323,3
19324,3
19325,3
19326,3
19327,3
19328,3
19332,3
19333,3
26258,3
26259,3
26260,3
26261,3
26270,3
26280,3
26288,3
26289,3
26290,3
26291,3
26292,3
02630,2
26300,2
26310,3
26311,3
26312,3
26313,3
26314,3
26315,3
26320,3
26321,3
26322,3
26323,3
26324,3
26325,3
26326,3
26327,3
26328,3
26329,3
26330,3
26338,3
26339,3
26340,3
26350,3
26359,3
02636,3
26360,3
02637,3
26370,3
26371,3
26372,3
26373,3
26374,3
18620,2
18630,2
18640,2
18650,2
18656,3
18657,3
18658,3
18659,3
18660,3
18670,3
18680,2
18690,2
18697,2
18698,3
18699,3
18700,3
18708,3
18710,3
18711,3
18713,3
18720,3
18730,2
18740,3
18750,3
18760,3
18770,3
18800,2
18810,3
18811,3
26375,3
26376,3
02638,3
02639,2
02640,2
02650,3
26500,2
26509,3
02651,3
26510,3
26511,3
26512,3
26513,3
02652,3
26520,3
26525,3
26526,3
26527,3
26528,3
26529,3
02653,3
26530,3
26531,3
26532,3
26533,3
26550,3
26559,3
26560,3
26570,3
26580,2
26584,3
26585,3
26586,3
26587,3
26588,3
26589,3
02660,2
02690,3
02691,3
02692,3
02693,3
02694,3
02695,3
02696,3
27001,1
27002,1
27003,1
27004,1
27100,3
27110,3
27111,3
32693,3
32694,3
32695,3
32696,3
32697,2
32698,2
32699,2
32700,3
32701,3
32702,3
32703,3
32704,3
32705,3
32847,3
32848,3
32849,3
32850,3
32857,3
32858,3
32859,3
32860,3
32868,3
32869,3
32870,3
32879,3
32880,3
32890,1
32891,3
32892,3
32893,3
32894,3
03770,2
37700,2
37710,3
37711,3
37712,3
37713,3
37714,3
37716,3
37717,2
37718,3
37720,3
37724,3
37727,3
37730,3
37740,3
37748,3
37749,3
37750,3
37751,3
37752,3
37753,3
37754,3
37755,3
37756,3
37759,3
37760,3
37762,3
37763,3
37764,3
37765,3
37766,3
37767,3
37768,3
37770,3
37773,3
37774,3
37775,3
37776,3
37777,3
37778,3
37779,3
03778,3
03779,2
37790,3
37791,3
37792,3
37793,2
37794,3
37795,3
37796,3
37797,3
37798,3
37799,3
03780,2
37800,3
37810,3
37820,3
37830,3
37840,3
37850,3
03786,3
37860,3
37861,3
37862,3
37863,3
37864,3
37865,3
37870,3
37871,3
37874,3
03788,3
37880,3
37881,3
37882,3
03789,2
37890,3
37891,3
37892,3
37893,3
37894,3
03790,3
37900,1
03791,3
03792,3
44558,3
44559,3
44560,3
44561,3
44562,3
44563,3
44564,3
44565,3
44566,3
44570,3
44579,3
04458,3
44580,3
44586,3
44587,3
44588,3
44589,3
04459,3
44590,3
44591,3
44592,3
44593,3
44594,3
44595,3
44596,3
44597,3
04460,3
44600,2
44610,3
44620,3
44621,3
44622,3
44623,3
44624,3
44630,3
44640,3
44641,3
44642,3
44643,3
44650,3
44651,3
44652,3
44653,3
44660,2
37468,3
37469,3
37470,3
37478,3
37480,3
37481,3
37488,3
03749,2
37490,3
37491,3
37493,3
37494,3
37495,3
37497,3
03750,2
37500,2
37510,3
37515,3
37516,3
37520,3
37521,3
37522,3
37523,3
37524,3
37530,3
37531,3
44661,2
04470,3
44700,3
44706,3
44707,3
44708,3
44709,3
44710,3
44711,3
44712,3
44720,3
44721,3
44730,3
44740,3
44741,3
44742,3
44750,3
44760,3
44769,3
44770,3
44779,3
44780,3
04479,3
44790,3
44791,3
44792,3
44793,3
04480,3
04500,3
45001,1
45002,1
45003,1
45004,1
45005,1
45006,1
45007,1
45008,1
45080,1
04510,3
45100,2
45109,3
45110,3
45111,2
45112,2
45113,3
45114,3
45119,3
45120,3
45121,3
45122,2
45123,3
05131,3
05132,3
05133,3
05134,3
05140,3
05141,3
05143,3
05145,3
05146,3
05147,3
05148,3
05149,3
05150,3
05151,3
10500,3
10510,3
10511,3
10512,3
10513,3
10514,3
10515,3
10516,3
10519,3
10520,3
10521,3
10528,3
17746,3
17747,3
17750,3
17751,3
17752,3
17753,3
17754,3
17755,3
17760,3
17761,3
17762,3
17763,3
17770,3
17771,3
17772,3
17773,3
17780,3
17781,3
17800,2
17810,2
17811,3
17812,2
17813,3
17820,2
17830,3
17831,3
17832,3
17833,3
17834,2
17840,1
17843,3
17844,2
17845,2
17846,2
17850,3
17851,3
17852,3
17853,3
17854,3
17855,3
17856,3
17857,3
25611,3
25612,3
25613,3
25614,3
25615,3
25616,3
25617,3
25620,2
25630,2
25631,3
25632,3
25633,2
25634,2
25635,2
25636,2
25637,2
25638,3
25639,3
25650,3
25651,3
25652,3
25653,3
25654,2
25655,3
25656,3
25657,3
25658,3
25660,3
25670,3
25680,3
25690,3
25691,3
25692,3
25693,3
25700,2
25710,2
12185,3
12186,3
12190,3
12191,3
12192,3
12193,3
12194,3
12200,2
12210,3
12220,2
12221,3
12222,3
12223,3
12224,3
12225,3
12230,3
12231,3
12232,3
12300,3
12310,3
12311,3
12312,3
12313,3
12314,3
12315,3
12316,3
12317,3
12318,3
12319,3
12320,3
12330,3
12340,3
12350,3
12360,3
12370,3
12400,2
12410,3
12412,2
12413,3
12414,3
12415,3
12420,3
12428,3
12429,3
12430,3
32706,3
32707,3
32708,3
32710,3
32711,3
32720,3
32730,3
32740,3
32747,3
32748,3
32749,3
32750,3
32751,3
32760,3
32764,3
32765,3
32766,3
32767,3
32768,3
32769,3
32770,3
32774,3
32778,3
32779,3
32780,3
32781,3
32782,3
32784,3
32785,3
05152,3
05153,3
05154,3
05160,2
05162,3
05163,3
05164,3
05165,3
05166,3
05190,3
05191,3
05192,3
05193,3
05194,2
05195,3
05196,3
05197,3
05198,3
05200,2
52001,1
52002,1
52003,1
52004,1
52005,1
52006,1
05210,3
05211,3
05212,3
25711,3
25712,3
25713,3
25714,3
25715,3
25716,3
25717,3
25718,3
25719,3
25720,3
25721,3
25722,3
25723,3
25724,3
25725,3
32226,3
32227,3
32228,3
32229,3
32230,3
32231,3
32232,3
32235,3
32236,3
32300,2
32310,3
32311,3
32312,3
32313,2
32314,2
32315,2
32316,3
32317,2
32318,2
32320,3
32329,3
32330,3
32334,3
32335,3
32336,3
32337,3
32338,3
32339,3
32340,3
32348,3
32349,3
32350,3
32356,3
32357,3
32358,3
32360,3
32365,3
32366,3
32367,3
37532,3
37540,3
37541,3
37542,3
37550,3
37551,3
37552,3
37553,3
37554,3
37555,3
37589,3
03759,3
37590,3
37591,2
37592,3
37593,2
37594,2
03760,2
37600,3
37606,3
37607,3
37608,3
37609,3
37610,3
37617,3
37618,3
37619,3
37620,3
37621,3
37624,3
37630,3
37638,3
37639,3
37640,3
22772,3
22773,3
22790,3
22791,3
22792,3
22800,3
22806,3
27773,3
27774,3
27775,3
27776,3
27777,3
27778,3
27779,3
27780,2
27785,2
27786,2
27787,2
27788,2
27789,2
27790,3
27791,3
27792,3
27793,3
27794,3
27795,2
27796,2
27797,2
27798,3
27800,3
27810,3
27811,3
27812,3
27813,3
27814,3
27815,3
27816,3
27817,3
27818,3
27820,3
27821,3
27822,3
27823,3
27824,3
27825,3
27826,3
27830,3
27832,3
27833,3
27834,3
27835,3
27836,3
27837,3
27840,3
27841,3
27842,3
27843,3
34340,3
34347,3
34349,3
34350,3
03440,2
34400,3
34405,3
34406,3
34407,3
34408,3
34409,3
34410,3
34411,3
34419,3
34420,3
34429,3
34430,3
34439,3
34440,3
34447,3
34449,3
34450,3
34460,3
34465,3
34466,3
34467,3
34468,3
34469,3
34470,3
34473,3
34475,3
34477,3
34478,3
34479,3
34480,3
14014,1
14015,1
14016,1
14017,1
14029,1
14100,2
14110,3
14111,2
14112,2
14113,2
14115,2
14120,2
14129,3
14130,3
14140,3
14150,3
14190,1
14191,2
14192,1
14193,1
14200,2
14206,3
14207,3
14208,3
14209,3
14210,3
14220,3
14230,3
14240,3
14248,3
14249,3
14250,3
14260,3
01427,3
14270,2
14280,3
14290,3
14297,3
14298,3
14299,3
14300,3
14310,3
14320,3
14330,1
21860,3
21870,2
21880,3
21890,3
21891,3
02200,3
22001,1
22002,1
22003,1
22004,1
22005,1
22006,1
02210,3
22100,3
02211,3
22110,3
22111,3
22112,3
22113,3
02212,3
22120,3
22121,3
22122,3
22123,3
22124,3
22125,3
22126,3
02213,3
22130,3
22131,3
22132,3
22133,3
22134,3
22135,3
02214,3
22140,3
22141,3
22142,3
22143,3
22144,3
22145,3
22146,3
22147,3
22148,3
22149,3
02215,3
27688,3
01240,3
01250,3
01260,3
01300,3
01306,3
01307,3
01308,3
01309,3
01320,3
01321,3
01322,3
01330,3
01340,3
01400,2
01408,3
01409,3
01420,3
01423,3
01426,3
03820,2
38201,1
38202,1
38203,1
38204,1
38205,1
38206,2
38207,1
38208,1
38240,2
38250,1
38260,2
03827,3
38270,2
03828,3
38280,2
03829,2
38290,2
38291,2
38292,2
38293,2
38294,1
38295,1
38296,1
38297,1
03830,2
38300,1
38310,2
38311,2
38312,2
38313,2
38314,2
38315,2
38320,1
38329,1
38330,1
38340,2
38350,2
38355,2
38356,2
38357,2
38358,2
38359,2
38360,2
03837,3
38370,2
38379,2
45124,3
45125,3
45126,3
45127,3
45128,3
45130,3
45138,3
45139,3
45140,3
45150,3
45159,3
45160,3
45161,3
45162,3
45163,3
45164,3
45165,3
45170,3
45179,3
45180,3
45181,3
45182,3
45183,3
45190,3
45191,3
04520,3
45200,2
45210,2
45211,3
45212,3
45213,3
45214,3
45215,3
45216,2
45217,2
45220,2
45221,2
45222,3
45223,2
34483,3
34485,3
34486,3
34487,3
39765,3
39766,3
39770,2
39776,3
39777,2
39778,3
39780,3
39786,3
39787,3
39788,3
39789,3
39790,3
39791,3
39792,2
39793,3
39794,3
39795,3
39797,3
39798,2
39800,3
39805,3
39806,3
39807,3
39808,3
39809,3
39810,3
39811,3
39812,3
39813,3
39815,3
39820,3
39840,3
39849,3
39850,3
39860,3
39869,3
39880,3
40000,3
40001,2
40002,2
40003,2
40004,2
40005,2
40006,2
04001,1
04002,1
04003,1
04004,1
04005,1
04006,1
04007,1
04008,1
04009,1
40100,3
47182,3
47183,3
47184,3
47185,3
47186,3
47190,3
47191,3
47192,3
47193,2
47194,3
47195,1
47196,3
04720,2
47200,3
47209,3
04721,2
47210,3
47219,3
47220,3
47230,3
47231,3
47232,3
47237,3
47238,3
47239,3
47240,3
47250,3
47260,3
04727,1
47270,2
04728,3
47280,3
47281,3
47282,3
27689,3
27690,2
27691,3
27692,3
27693,3
27694,3
27695,3
27696,3
27697,3
27698,3
27699,3
27700,2
27710,2
27711,2
27712,2
27713,2
27714,2
27715,2
27720,3
27721,3
27722,3
27723,3
27724,3
27725,3
27726,3
27727,3
27728,3
27729,3
27730,3
27737,3
27738,3
27739,3
27740,3
27742,3
27743,3
27744,3
27747,3
27748,3
27749,3
27750,3
27751,3
27752,3
27760,3
27765,3
27766,3
27767,3
27768,3
27770,3
33686,2
33687,2
33688,2
03369,2
33690,3
33691,1
33692,2
33693,2
33694,2
33695,2
33696,3
33697,1
03370,2
33700,3
33707,3
33708,3
33710,3
33716,3
33717,3
33718,3
33719,3
33720,3
33721,3
33724,3
33725,3
33726,3
33727,3
33728,3
33729,3
33730,3
33731,3
33732,3
33733,3
33734,3
33735,3
33736,3
33737,3
33738,3
33739,3
33740,3
33746,3
33747,3
33748,3
33749,3
33750,3
33756,3
21540,3
21545,3
02155,1
21550,3
21559,3
02156,3
21560,3
21570,3
21580,3
21590,3
21591,3
21592,3
21593,3
21594,3
21595,3
02160,3
21600,2
21609,3
02161,3
21610,2
02162,3
21620,2
21630,3
21639,3
21640,3
21647,3
21649,3
21650,3
21660,3
21668,3
21669,3
21670,3
21700,2
21710,2
21720,2
21730,2
21740,3
21750,2
21760,2
21800,2
21810,2
21819,2
21820,3
21830,2
21840,3
21850,3
27247,3
27248,3
27250,3
27256,3
27257,3
27258,3
27259,3
27260,3
27266,3
27267,3
27268,3
27269,3
45224,2
45230,2
45240,3
45250,2
45260,3
06389,2
06390,3
06391,3
06392,3
06393,3
06394,3
06400,2
06410,2
06411,3
06412,2
06413,3
06415,3
06420,2
06427,3
06428,3
06429,3
06430,3
06439,3
06440,3
06441,3
06442,3
06443,3
06444,3
06445,3
06446,3
06450,3
06458,3
06459,3
06460,3
06468,3
06469,3
06470,2
06473,3
06474,3
06475,3
06476,3
06477,3
06478,3
06479,3
06480,2
06486,3
06487,3
06488,3
06489,2
06490,2
06498,3
48140,3
48141,3
48142,3
48143,3
48144,3
48145,3
48150,2
48160,3
48170,2
48180,3
48190,3
48191,3
48192,3
48194,3
48195,1
48196,2
48200,3
48210,3
48211,2
48212,3
48213,2
48215,2
48220,2
48230,2
48240,2
48249,2
48250,2
48260,2
48269,2
48270,3
48276,3
48277,3
48278,3
48280,2
48287,3
48288,3
20130,2
48289,3
15239,3
15240,3
15250,3
15256,3
15258,3
15259,3
15270,2
15280,3
15281,3
15282,3
15285,3
15286,3
15287,3
15288,3
15289,3
15290,3
15291,3
15292,3
15293,3
15295,3
15296,3
15297,3
15298,2
15299,2
15300,2
15310,3
15313,3
15314,3
15315,3
15316,3
15317,3
15318,3
15319,2
15320,2
15324,2
15325,2
15326,2
15327,2
15328,2
15329,2
15330,3
15332,3
15337,3
15338,3
15339,3
15340,3
15347,3
15349,3
15350,3
15357,3
15358,3
15359,3
15360,3
23539,3
23540,3
47283,3
04729,3
47290,3
47300,3
47310,3
08281,3
08282,3
08283,3
08289,3
08290,1
08291,1
08292,2
08293,3
08294,3
08295,2
08296,3
08297,2
08298,3
08299,3
08300,1
08301,1
08302,1
08303,1
08304,1
08310,2
08317,3
08318,3
08319,3
08320,1
08328,1
08329,1
08330,1
08338,1
08339,1
08340,1
08348,1
08349,2
08350,2
08358,2
08359,3
08360,2
08370,2
08380,2
08389,2
08390,1
08391,1
08392,2
08393,2
08394,2
08395,2
08396,2
08397,2
08398,2
08400,1
08401,1
08402,1
08403,1
08404,2
33757,3
33758,3
39682,3
39683,3
39685,3
39686,3
39687,3
39688,3
39689,3
39690,3
39691,3
39692,3
39693,3
39694,2
39696,3
39697,3
39698,3
39699,3
39700,2
39706,2
39707,2
39708,2
39709,2
39710,2
39715,3
39716,3
39717,3
39718,3
39719,3
39720,3
39722,3
39723,3
39724,2
39725,3
39727,3
39728,3
39730,3
39737,3
39738,3
39739,3
39740,2
39749,2
39750,2
39760,3
39761,3
39762,3
39763,3
39764,3
46355,2
46356,2
46357,2
46360,2
46367,3
46368,3
46369,3
46370,2
04638,2
46380,2
46388,3
46389,2
04639,3
46390,2
46391,2
46392,3
46393,2
46394,2
04640,2
46400,2
46408,2
46409,2
46410,2
46417,2
46418,3
46419,2
46420,2
46430,3
46439,3
46440,2
46450,2
46460,2
46469,2
04647,2
46470,1
04648,2
04649,2
04650,3
46500,1
46501,3
46510,2
46511,2
46512,2
46513,1
46514,3
27270,3
27271,3
27272,3
27273,3
27274,3
27275,3
27276,3
27277,3
27278,3
27279,3
27280,3
27282,3
27283,3
27285,3
27286,3
27287,3
27289,1
27290,1
27291,1
27292,1
27293,1
27294,1
27295,1
27296,1
27297,1
27298,1
27299,3
27300,3
27305,3
27306,3
27307,3
27308,3
27309,3
27310,3
27317,3
27318,3
33586,3
33587,3
33588,3
33589,3
33590,3
33591,3
33592,3
33593,3
33594,3
33595,3
33596,3
33597,3
33598,3
33599,3
03360,2
33600,2
33610,2
33611,2
33612,2
33613,2
33614,2
33615,2
33616,2
33617,2
33618,2
33619,2
33620,2
33627,2
33628,2
33629,2
33630,2
33637,2
33638,2
33639,2
33640,2
33650,2
33660,3
33669,1
33670,2
33673,2
33675,2
33676,2
33677,2
33678,2
33679,2
33680,2
33681,2
33682,2
33683,2
33684,2
33685,2
38685,2
38686,2
38687,2
38688,2
38689,2
38690,2
03870,2
38700,2
38710,2
15841,3
15845,3
15846,3
15847,3
15848,3
15850,3
15851,3
15855,3
15856,3
15857,3
15858,3
15859,3
15860,3
15861,3
15862,3
15863,3
15864,2
15865,3
15866,2
15870,2
15871,3
15872,3
15873,3
48291,3
48300,3
48309,3
48310,3
48311,3
48312,3
48313,3
48314,3
23550,3
23560,2
23568,2
23569,2
23590,3
23591,3
02360,3
23600,2
23610,3
23611,3
23612,3
23613,2
23614,2
23615,2
23616,3
23620,2
23628,3
23630,3
23638,3
23639,1
23640,2
23649,2
23650,2
23657,3
23658,2
23659,3
23660,2
23669,2
23670,3
23680,2
23684,2
23685,2
23686,2
23687,2
23688,2
23689,2
23690,3
23691,2
28360,3
28370,3
28380,3
28390,3
28391,3
28400,1
28410,2
28411,2
28412,2
28413,2
28420,2
28430,2
28440,2
28450,2
28459,2
28460,2
28470,2
28479,2
28490,2
28491,3
28492,2
28500,1
28510,2
28511,3
28512,2
28514,2
28515,3
28521,1
28522,1
28523,1
28529,1
28530,2
28540,3
28550,3
28560,3
28570,3
28580,3
28590,2
28594,3
28595,3
28596,3
28597,3
28598,3
28600,2
28607,2
28609,3
28610,3
28615,3
28620,3
28630,2
28640,3
46515,2
46520,1
46529,1
46530,2
08213,2
08214,1
08221,1
08222,1
08223,1
08224,1
08225,1
08226,1
08227,1
08228,1
08230,2
08231,3
08232,3
08233,2
08240,1
08241,1
08242,1
08243,1
08250,1
08251,3
08253,3
08254,3
08255,3
08256,3
08259,3
08260,2
08261,3
08262,3
08263,3
08269,3
08270,2
08271,2
08272,2
08273,3
08274,3
09600,3
08275,3
08278,3
08279,3
08280,3
38711,2
38712,2
38713,2
38714,3
38715,3
38720,3
38726,3
38727,3
38728,3
38729,3
38730,3
38738,3
38739,3
38740,3
38749,3
38750,2
38758,2
38759,2
38760,2
38767,2
38768,2
38769,2
38770,2
38779,2
38780,3
38787,3
38788,3
38789,3
38800,2
38801,2
38810,3
38811,2
38812,3
38813,3
38820,3
46192,2
46193,3
46194,3
46195,2
46196,2
46197,2
46198,3
46199,3
04620,2
46200,1
04621,2
46210,1
46220,2
46230,2
46240,2
46250,2
46260,2
46266,3
46267,3
46268,2
46269,3
46270,2
04628,3
04629,3
46290,2
46291,2
46292,3
46293,3
46294,3
46295,3
04630,2
46300,2
46310,3
46311,3
46312,2
46313,2
46314,3
46315,3
46317,3
46320,3
46321,2
46330,3
46339,3
46340,2
46350,3
46351,2
46352,2
46353,2
46354,2
07012,1
07013,1
07014,1
07015,1
07100,2
07101,2
07108,2
07109,3
15874,3
15880,3
15881,3
15882,3
15883,2
15884,1
15885,3
15886,2
15887,3
15888,3
15890,1
15891,1
15892,1
15893,1
15894,1
15895,2
15896,1
15897,1
15898,1
15899,1
15900,3
15910,2
15911,3
15912,3
15913,3
15914,2
15915,2
15916,3
15917,2
15920,2
15928,2
15930,2
15937,2
15938,2
15939,2
15940,2
15948,2
15949,2
15950,2
15959,2
15960,2
15961,2
15965,2
15966,2
15967,2
15968,2
15969,2
15970,3
15978,3
15979,3
15980,2
15981,3
15982,3
15983,2
15984,2
15985,2
15990,2
15991,2
15992,2
15993,2
15994,3
15995,3
15996,3
15998,3
15999,3
16001,2
16002,2
16003,2
16004,2
16100,3
23692,2
23693,3
23700,1
38530,2
38540,2
38550,2
38560,2
38570,3
38579,3
38580,3
38588,3
38589,3
38590,2
38591,2
38592,3
38593,3
38594,2
38595,2
03860,3
38600,2
38610,2
38611,2
38612,2
05692,3
05693,3
05694,3
05695,3
05696,3
05697,3
06001,1
06002,1
06003,1
06004,1
06005,1
06006,1
06007,1
06008,1
06009,1
06010,3
06011,1
06050,1
06100,2
06105,3
06106,2
06107,2
06108,2
06109,2
06110,3
06120,2
06129,3
06130,3
06131,3
06132,3
06133,3
06134,3
06140,2
06150,3
06160,3
06170,1
06171,3
06172,3
06173,3
06174,3
06175,3
06176,3
06177,3
06178,3
06180,1
06181,1
06182,1
06183,1
06184,3
31693,3
31694,3
31695,3
31696,3
31697,3
31698,3
31699,3
31700,3
31710,3
31711,3
31712,3
31713,3
31714,3
31715,3
31720,3
31730,3
31740,3
31744,3
31745,3
31746,3
31747,3
31748,3
31749,3
31750,3
31751,3
31752,3
31753,3
31754,3
31760,3
31770,3
31780,3
31789,3
31790,3
31791,3
31792,3
31793,3
31794,3
31795,3
31796,3
31797,3
31798,3
31799,3
31800,2
31809,3
31810,3
15008,1
15009,1
15010,1
15011,1
15100,3
15102,2
15105,2
15106,2
15107,2
15108,2
15109,2
15110,3
15111,3
15112,3
15113,3
15114,3
15115,3
15116,3
15117,3
15118,3
15119,3
15121,3
15122,3
15123,3
15124,3
14719,1
14720,2
14729,2
14730,2
14739,2
14740,3
14749,3
14800,2
14810,3
14811,2
14812,3
14813,3
14814,2
14815,2
14816,2
14817,2
14820,1
14830,3
14840,2
14850,2
14857,3
14858,2
14859,2
14860,3
14870,3
14880,3
14900,2
14910,3
14911,2
07110,3
07120,1
07121,1
07140,3
07141,2
07142,3
07143,3
07144,3
07150,2
07157,2
07159,2
07160,2
07170,3
07179,3
07180,2
07181,2
07183,2
07184,2
07190,3
07191,3
07192,3
07193,3
07194,3
07195,3
07196,2
07198,1
07199,1
07200,2
07208,2
07209,2
07210,3
07220,3
07230,3
07240,3
07250,3
07260,2
07300,2
07310,3
07311,3
07312,3
38613,3
38614,3
38615,3
38616,2
38617,2
38618,2
38619,2
38620,2
38626,2
38627,2
38628,2
38629,2
38630,2
38631,2
38632,2
38639,2
38640,2
38649,2
38650,2
38652,2
38660,2
38670,2
38677,2
38678,2
38679,2
38680,2
38683,2
38684,2
45525,3
45526,3
45529,2
45530,3
45531,3
45532,3
45533,3
45534,3
45540,3
45541,3
45542,3
45543,3
45544,3
45550,3
45553,3
45554,3
45555,3
45560,3
45567,3
45568,3
45569,3
45570,3
45571,3
45572,3
45573,3
45574,3
45575,3
45576,3
45577,3
45578,3
04558,3
45580,3
45588,3
45589,3
04559,3
45590,2
45591,3
45592,3
45593,2
45594,3
04560,3
45600,1
45610,3
45611,3
45612,3
06740,3
06750,3
06760,3
06770,3
06800,1
06810,2
06820,3
06830,3
06840,3
06850,3
06860,3
06870,3
06880,1
06890,3
06891,3
06892,3
06893,3
31820,3
31829,3
15125,3
15126,3
15127,3
15128,3
15129,3
15130,2
15137,2
15138,2
15139,1
15140,1
15141,2
15142,2
15143,2
15144,2
15145,3
15146,3
15147,3
15148,3
15149,3
15150,3
15151,3
15152,3
15153,3
23214,3
23215,3
23220,3
23230,3
23239,3
23240,3
23250,3
02326,3
23260,3
23264,3
23265,3
23266,3
23267,3
23268,3
23269,3
02327,3
23270,3
02328,1
23280,3
23289,3
02329,3
23290,3
23291,3
23292,3
23293,3
23294,3
23295,3
23296,3
23297,3
23298,3
23300,2
23310,2
23311,3
23312,2
23313,2
23314,2
23315,2
23320,2
23330,2
23338,3
28024,1
28025,1
28026,1
28027,1
28028,1
28029,1
28030,1
28031,1
28032,1
28033,1
28034,1
28035,1
28036,1
28037,1
28038,1
28039,1
28040,1
28041,1
28042,1
28043,1
28044,1
28045,1
28046,1
28047,1
28048,1
28049,1
28050,1
28051,1
28052,1
28053,1
14912,3
14913,3
14914,3
14915,3
14920,2
14930,3
14940,2
14950,2
14960,2
14970,3
14978,3
14979,3
15000,3
15001,1
15002,1
15003,1
15004,1
15005,1
15006,1
15007,1
22312,3
22313,3
22314,3
22315,2
22320,3
22330,3
22336,3
22337,3
22338,3
22339,3
22340,3
22347,3
22348,3
22349,3
22350,3
22351,3
22360,3
22361,3
22362,3
22363,3
22364,3
22365,3
22366,3
22367,3
22370,3
22371,3
22372,3
22373,3
22374,3
22375,3
22376,3
22377,3
22378,3
22390,3
22392,3
22393,3
22394,3
22395,3
02240,3
22400,2
22410,3
22411,3
22412,3
22413,3
22414,2
22415,3
27844,3
27845,3
27849,3
27850,2
27860,3
27861,3
27863,2
27864,2
27865,3
27866,2
27867,3
27868,3
27869,2
27870,3
27876,3
27877,3
27878,3
27879,3
27880,2
27888,3
27889,3
27890,3
27891,3
27892,2
27893,2
28000,1
28001,1
28002,1
13005,1
13100,3
13107,3
13108,3
13109,3
13110,3
13113,3
13114,3
13115,3
13116,3
13117,3
13118,3
13120,3
13128,3
13129,3
13130,3
13140,3
13150,3
13160,3
13170,2
13179,3
13180,3
13189,2
13190,3
13191,3
13192,3
13193,3
13194,3
13195,3
13196,3
13197,1
13200,2
13210,3
13220,3
13230,2
13240,2
06894,3
06900,3
06906,3
06907,3
06908,3
06909,3
06910,3
06919,3
06920,2
06927,3
06928,3
06929,2
06930,3
06939,3
06940,3
06950,3
06960,3
06970,3
06980,3
07000,2
07001,1
07002,1
07003,1
07004,1
07005,1
07006,1
07007,1
07008,1
07009,1
07010,2
07011,1
48880,3
48890,3
48891,3
48895,3
48900,1
48901,1
48902,1
48903,1
48910,1
48920,1
48930,1
48940,3
48950,1
48960,2
48970,1
48980,1
48990,1
48991,1
48992,1
48993,1
48998,1
20001,1
20002,1
20003,1
20004,1
20005,1
20006,1
20007,1
20008,1
20009,1
20010,1
20011,1
20012,1
20013,1
20014,1
20015,1
20016,1
20017,1
20018,1
20070,1
20071,1
20080,2
20100,1
20110,1
20115,2
20120,2
20128,2
15679,1
15680,2
15683,3
15684,3
15685,3
15686,3
15687,3
15688,3
15689,2
15690,2
15700,3
15701,1
15702,1
15703,1
15704,1
15705,1
15706,1
15707,1
15800,2
15805,2
15806,3
15807,3
15808,3
15809,2
15810,3
15813,3
15814,3
15815,3
15816,3
15817,3
15818,3
15819,3
15820,1
15821,3
15822,3
15823,3
15824,3
15825,3
15826,3
15828,3
15830,3
15837,3
23339,2
23340,3
23350,3
23359,3
23360,3
23369,3
23370,3
23379,3
23380,3
23389,3
23390,3
23391,3
23392,3
23393,3
02340,3
23400,2
23410,3
23411,2
23412,3
23413,2
23420,3
23430,3
23440,3
23450,3
23460,2
23468,2
23469,2
23470,2
23476,3
23477,3
23478,3
23479,3
23480,3
23485,3
23486,3
28054,1
28055,1
28100,1
28108,1
28109,1
28110,2
28130,3
28140,2
28150,3
28160,3
28170,3
28180,3
28189,3
28190,3
28191,3
28192,3
28193,3
28194,3
28195,3
28196,3
28200,2
28210,2
28211,2
28212,3
35011,1
35012,1
35013,1
35014,1
35015,1
35016,1
35017,1
35018,1
35019,1
03502,1
03503,1
03509,3
03510,2
35100,2
35106,2
35107,2
35108,2
35109,2
35110,1
35118,2
35119,1
35120,2
35128,2
35129,2
35130,2
35138,2
35139,2
35140,2
35149,2
03516,3
03517,3
03518,3
03520,2
35200,1
35210,1
35211,1
35212,1
35213,1
40185,3
40190,3
40191,3
40192,3
40193,2
40194,2
40195,2
40196,2
40197,2
40200,3
40210,2
40211,2
40212,3
40213,3
40214,3
40215,2
40216,3
40217,3
40218,3
40219,3
40220,3
40230,2
40231,2
40232,2
40233,3
40234,3
28003,1
28004,1
28005,1
28006,1
28007,1
28008,1
28009,1
28010,1
28011,1
28012,1
28013,1
28014,1
28015,1
28016,1
28017,1
28018,1
28019,1
28020,1
28021,1
28022,1
28023,1
33836,3
33837,3
33838,3
33839,3
33840,3
33841,3
33842,3
33843,3
33844,3
33845,3
33846,3
33847,3
33850,3
33857,3
33858,3
33859,3
33860,3
33865,3
33866,3
33867,3
33868,3
33869,3
33870,3
33873,3
33874,3
33875,3
33876,3
33877,3
33878,3
33879,3
33880,3
33885,3
33886,3
33887,3
33888,3
33889,3
33890,3
33891,3
33892,2
03390,2
33900,2
33909,2
33910,1
33912,2
33919,1
33920,2
33929,2
33930,2
33934,2
40109,3
40120,3
40121,3
40122,3
40123,3
40130,3
40133,3
40134,3
40135,3
40136,3
40140,3
40141,3
40142,3
40144,3
40145,3
40146,3
40150,3
40151,3
40152,3
40153,2
40154,2
40160,3
40161,3
13247,3
13248,3
13249,3
13250,2
13260,2
13270,2
13279,3
13300,2
13310,2
22150,3
22160,3
22161,3
22162,3
22190,3
22191,3
22192,3
22193,3
22194,1
22195,1
22196,3
22197,1
02220,1
22200,3
22210,3
22212,3
22213,3
22214,3
22215,3
22216,3
22220,3
22221,3
22222,3
22223,3
22230,3
22231,3
22232,3
22233,3
22234,3
22240,3
22250,3
22251,3
22252,3
22253,3
22254,3
22255,3
22260,3
22268,3
22269,3
22270,3
22280,3
22281,3
22282,3
22283,3
02230,3
22300,3
22310,3
22311,3
27392,2
27400,2
27410,2
27411,2
27412,2
27413,2
27414,2
27415,2
27416,2
27417,2
27418,2
27419,3
27420,2
27421,3
27422,3
27423,3
27424,3
27425,3
27430,3
27437,3
27438,3
27439,3
27440,3
27450,3
27460,3
27466,3
27468,3
27469,3
27470,3
27500,3
27510,3
27511,3
27512,3
27513,3
27514,3
23487,3
23488,3
23489,3
02462,3
23490,3
23499,3
02350,3
23500,2
23509,2
23510,3
23519,3
23520,3
23526,2
23528,3
23529,2
23530,3
23537,3
23538,3
45270,2
45280,3
45290,3
45291,3
45292,3
04530,3
45300,2
04531,3
45310,3
45311,3
40235,3
40236,3
40237,3
40238,3
40239,3
40240,3
40241,2
40242,2
40250,3
40260,3
40270,3
40280,3
40290,3
40291,3
40292,3
40293,3
40294,3
40295,3
40296,3
40297,3
40298,3
40300,3
40310,3
40311,3
40312,3
40313,3
40314,3
40162,3
40163,3
40164,3
40165,3
40170,3
40171,3
40172,3
40173,3
40174,3
40175,3
40176,3
40180,3
40181,3
40182,3
40183,3
40184,3
46710,2
46711,2
46712,2
46713,2
46714,2
46715,2
46716,2
46717,2
46720,3
46721,2
46722,2
46723,1
46724,3
46725,3
46726,3
46727,1
46728,1
46729,3
46730,1
46740,2
46749,2
46750,3
46758,3
46759,3
46760,2
46770,2
46780,2
46790,2
46791,3
46792,2
46800,2
46810,3
46811,3
46812,3
46813,2
46814,2
46815,3
46816,3
46817,3
46818,3
46819,2
46820,3
46821,3
46822,3
46823,3
46824,3
46825,3
46830,2
46837,3
46838,3
46839,3
46840,3
46841,3
46842,3
08410,2
08415,2
23080,1
08416,2
08420,1
08430,2
08440,2
08445,1
08450,2
08455,3
08456,2
08458,2
08459,2
08460,2
08461,2
08469,3
08470,2
08471,3
08472,3
08474,3
27515,3
27516,3
27517,3
27518,3
27519,3
27520,3
27527,3
27528,3
27529,3
27530,3
27531,3
27532,3
33759,3
33760,3
33768,3
33769,3
33770,3
33774,3
33775,3
33776,3
33777,3
33778,3
33779,3
33780,3
33782,3
33783,3
33784,3
33785,3
33786,3
33787,3
33788,3
33789,3
33790,3
33791,3
33792,3
33793,3
33794,3
33795,3
33796,3
33798,3
33799,3
03380,3
33800,2
33810,3
33811,2
33812,3
33813,2
33814,2
33815,2
33816,2
33817,2
33818,2
33819,2
33820,2
33825,2
33826,2
33827,2
33828,3
33829,2
33830,3
39193,3
39194,3
39195,3
39196,3
39197,3
39200,2
39210,3
39212,2
39213,2
39220,3
39230,3
39232,3
39250,3
39290,3
39291,3
39292,3
39293,3
39294,3
39300,2
39310,2
39311,2
39312,2
39313,2
39314,3
39315,2
39316,2
39317,2
39318,2
39320,3
39329,3
39330,3
39340,2
27320,3
27324,3
27325,3
27328,3
27329,3
27330,3
27331,3
27333,3
27334,3
27335,3
27336,3
27338,3
27339,3
27340,3
27341,3
27342,3
27343,3
27344,3
27345,3
27346,3
27347,3
27348,3
27349,3
27350,3
27359,3
27360,3
27362,3
27363,3
27364,3
27366,3
27367,3
27368,3
27369,3
27370,3
27371,3
27372,3
27373,3
27374,3
27375,3
27376,3
27377,3
27378,3
27379,3
27380,3
27388,3
27389,3
45312,3
45313,2
45314,3
04532,3
04533,3
45340,3
45350,3
45360,3
45370,3
04540,3
45400,2
45410,3
45420,3
45430,3
45440,3
45450,3
45460,3
45470,2
45479,3
45480,3
45489,3
04549,3
04550,3
45500,2
45510,2
45511,3
45512,2
45513,3
45514,3
45515,3
45516,2
45517,3
45518,2
45519,3
45520,2
45521,3
45522,3
45523,3
45524,3
05427,3
05428,3
05429,3
05430,3
05440,3
05450,3
05460,3
05461,3
05470,3
05480,3
05489,3
05490,3
05491,3
05492,3
05500,3
05510,3
05512,3
05514,3
05515,3
05516,3
05520,3
05530,3
05540,3
05550,3
05560,3
05571,3
05580,3
05590,3
05591,3
05592,3
05593,3
05600,3
05610,3
05619,3
05620,3
05621,3
05630,3
05631,3
05633,3
05634,3
05635,3
05690,3
05691,3
48315,3
48320,3
48330,3
48340,2
48350,3
48360,3
48370,2
48380,3
15365,3
15366,3
15367,3
15368,3
15369,3
15379,3
15380,3
15386,3
15387,3
15388,3
15389,3
15390,3
15391,3
15400,1
15401,1
15402,1
15403,1
15404,1
15405,1
15406,1
15407,1
15500,2
15509,2
15510,2
15520,2
15528,2
15530,3
15540,1
15541,1
15542,3
15543,3
15550,3
15551,3
15552,3
15553,3
15554,3
15555,3
15560,3
15561,3
15562,3
15563,3
15564,3
15565,3
22807,3
22808,3
22809,3
22810,3
22811,3
22820,3
22821,3
22822,3
22830,3
22860,3
22870,3
22880,3
22888,3
22889,3
02300,3
23001,1
23002,1
23003,1
23004,1
23005,1
23006,1
23007,1
23008,1
23009,1
02310,3
23100,2
02311,3
23110,3
02312,3
23120,3
02313,3
23130,3
02314,3
23140,3
02315,3
23150,3
23159,3
02316,3
23160,2
23170,3
23180,3
23190,3
23191,3
08476,2
08479,3
08480,2
08490,2
08495,3
08500,2
08503,3
08504,3
08505,3
08506,2
08507,3
08508,2
08509,3
08510,2
08511,3
08512,2
08513,3
08514,3
39350,2
39360,3
39400,2
39407,3
39408,2
39409,2
39410,3
39416,3
39417,3
39418,3
39419,3
39420,3
39430,3
39438,3
46540,2
46550,2
46560,2
46590,3
46591,3
46592,3
46593,3
46594,3
46595,3
04660,3
46600,2
04661,3
46610,2
46611,3
46612,3
46613,3
46614,3
04662,2
46620,3
46621,3
46622,3
46623,3
46624,3
46625,3
46630,3
46635,3
46640,3
46650,2
46659,2
46660,3
46666,3
46667,3
46668,3
46669,3
46670,3
46680,2
46687,2
46688,2
46689,2
46690,2
46691,3
46692,3
46700,1
46701,1
46702,1
46703,1
07650,3
07659,3
07660,3
07669,2
07670,2
07680,2
07687,2
07688,2
07689,2
07690,3
07691,3
07700,2
07701,2
07702,2
07703,2
07710,3
07711,3
07712,2
07713,3
07714,2
07720,2
07730,2
07740,3
07748,3
07749,3
07750,3
07760,2
07769,2
00779,3
07800,1
07810,3
27390,3
27391,3
33196,1
33199,2
03320,1
33201,1
33202,1
33203,1
33204,1
33205,1
33206,1
33207,1
33208,1
33209,1
03321,2
33210,1
33211,1
33212,1
33213,1
03322,2
03325,2
33290,1
33299,1
03330,2
33300,3
33310,3
33311,3
33312,3
33313,3
33314,3
33315,3
33316,3
33317,3
33318,3
33320,3
33324,3
33325,3
33326,3
33327,3
33328,3
33329,3
33330,3
33340,3
33341,3
33342,3
33343,3
33344,3
33345,3
33346,3
33347,3
38829,3
38830,3
38840,3
38849,3
38850,3
38852,3
38869,3
38870,3
38879,3
38890,3
38891,3
38892,3
38900,3
38910,3
38911,3
38912,3
38913,3
38914,3
38915,3
38916,3
38917,3
39000,3
39001,1
39002,1
39003,1
39004,1
39005,1
39006,1
39007,1
39008,1
39009,1
39010,1
39011,1
39012,1
39100,2
39108,2
39109,2
39110,2
39120,2
39130,3
39140,3
39150,3
39160,3
23710,2
23711,3
23712,3
23713,3
23720,3
23730,3
23740,2
23746,3
23747,2
48381,3
48382,3
48383,3
48390,2
48391,3
48392,3
48393,2
48394,3
48395,3
48410,3
48419,3
48450,1
48460,3
48480,2
48490,3
48498,2
48499,3
48500,2
48508,3
48510,1
48520,1
48530,1
48550,2
48600,2
48610,2
48620,3
48630,2
48640,1
48650,2
48700,2
48710,3
48800,2
48810,3
48820,3
48830,3
48840,3
48850,2
48860,2
48869,2
48870,3
48879,3
23192,3
23193,3
23194,1
23196,1
02320,3
23200,2
23210,2
23211,3
23212,2
23213,3
28648,3
28649,3
28650,3
28660,2
28668,2
28669,2
28670,2
28680,2
28690,2
28691,2
28692,2
28693,3
28694,3
28695,3
28696,3
28700,1
28701,1
28702,1
28703,1
28706,1
28707,1
28708,1
28709,1
28710,2
28720,3
28721,3
28722,3
28723,2
28729,3
28730,3
28737,3
28739,3
28740,3
28742,3
28743,3
28749,3
28750,2
34490,3
34491,3
34492,3
03450,2
03460,3
03469,3
34800,2
34810,2
34811,2
34813,3
34815,3
34820,3
34828,3
34829,3
34830,3
34839,3
34840,3
34842,3
34843,3
34844,3
34846,3
34847,3
34848,3
34849,3
34850,3
34858,3
34859,3
34869,3
34870,3
34878,3
34879,3
34880,2
34882,3
34886,3
34887,3
34888,3
34889,3
03500,1
07811,3
07812,3
07813,2
07814,2
07815,3
07816,2
07817,3
07818,3
07819,2
07820,2
07828,2
07829,3
07830,3
07839,3
07840,2
39170,3
39180,3
39190,3
39191,3
39192,3
45683,3
45684,3
45685,3
45686,3
45687,3
04569,3
45690,3
45691,3
45692,3
45693,3
45694,1
45695,3
45700,2
45710,2
45720,3
45730,3
45740,3
45749,3
45750,3
45760,3
45770,3
45780,3
45789,3
45790,3
45800,2
45810,3
45820,3
45830,3
45840,3
45850,3
45860,2
45870,3
45880,2
45890,3
45900,3
45908,3
45909,3
45910,3
45917,3
45918,3
45919,3
45920,3
45930,3
45940,3
07313,3
07314,3
07315,3
07316,3
07320,2
07330,3
07340,3
07349,3
07350,2
07360,2
07369,3
07400,2
07420,2
07430,3
07440,2
07450,2
07458,2
07459,2
07460,2
07469,2
07470,2
07500,2
07509,2
07510,3
07511,3
07518,3
07519,3
07520,3
07529,3
07530,3
07540,3
07550,2
07559,2
07560,3
07570,2
07579,2
07580,2
07589,2
07590,2
07600,1
07609,2
07610,1
23748,2
23749,2
23750,3
23760,2
23770,2
23780,3
23790,2
02400,2
24001,1
24002,1
24003,1
24004,1
24005,1
24006,1
24007,1
24008,1
24009,1
24010,1
24012,2
02409,2
02410,3
24100,2
24110,2
24111,2
24112,2
24113,2
24114,2
24120,3
24121,2
24122,3
24123,3
24124,3
24125,3
24126,3
24127,3
24130,3
24131,3
24132,3
24133,3
24134,3
24135,3
24136,3
24137,3
24138,2
24139,2
24140,2
24141,3
24142,3
24143,3
24144,3
24145,3
24146,3
24148,3
24149,3
24150,3
24151,3
24152,3
24153,3
24154,3
24155,3
24156,3
24160,3
24161,3
24162,3
24163,3
24164,3
24165,3
24166,3
24170,3
24171,3
24172,3
24174,3
24175,3
24190,1
24191,1
24192,1
24193,2
24194,3
24195,3
24196,2
24197,2
24198,2
45613,1
45614,1
45620,3
45621,3
45622,3
45630,3
45631,3
35001,1
35002,1
35003,1
35004,1
35005,1
35006,1
35007,1
35008,1
35009,1
03501,1
35010,1
31830,3
31839,3
31840,3
31849,3
31850,3
31860,3
31866,3
31867,3
31868,3
31869,3
31870,3
31876,3
31877,3
31878,3
31879,3
31880,3
31890,3
31891,3
31892,3
48001,1
48002,1
48003,1
48004,1
48005,1
48006,1
48007,1
48008,1
48009,1
48010,1
48011,1
48012,1
48013,1
48014,1
48015,1
48070,1
48071,1
48080,1
48100,2
48110,3
48111,3
48112,3
48113,3
48114,3
48115,3
48116,3
48120,3
48130,3
15154,3
15155,3
15160,2
15165,3
15166,3
15167,3
15168,2
15169,2
15170,1
15171,2
15172,2
15173,2
15174,1
15175,3
15176,2
15177,2
15178,2
15179,2
15180,1
15181,1
15182,3
15183,3
15184,3
15185,3
15186,3
15187,3
15188,3
15189,1
15190,1
15191,1
15192,1
15198,1
15199,1
15200,2
15210,2
15211,2
15212,3
15213,2
15214,3
15215,3
15216,3
15218,2
15220,2
15228,2
15229,2
15230,3
15236,3
15237,3
15238,3
22511,3
22512,3
22513,3
22514,3
02252,3
22520,2
22528,3
22529,2
02253,3
22530,3
22531,3
13580,2
13590,3
13591,3
13592,3
13593,3
13594,3
13595,3
13596,2
13597,2
13598,2
13600,2
13610,2
13619,3
13620,2
13630,2
13640,2
13650,3
13660,3
13670,2
13679,3
13680,3
13690,2
13700,2
13710,2
13720,2
13730,3
13739,3
13740,3
13750,3
13760,3
13768,3
13770,3
13779,3
14000,1
14001,1
14002,1
14003,1
14004,1
14005,1
14006,1
14007,1
14008,1
14009,1
14010,1
22416,3
22417,3
22420,3
22421,3
22422,3
22423,3
22424,3
22430,3
22435,3
22436,3
22437,3
22438,3
22439,3
22440,3
22449,3
07620,2
07629,3
07630,2
07638,3
07639,2
07640,3
20567,2
20568,2
20569,2
20570,2
20577,3
20578,2
20579,2
20580,2
20590,3
20600,2
20690,3
20700,2
20709,3
20710,2
20720,2
20730,2
20737,3
20738,2
20739,3
20740,3
20749,3
20750,2
20759,2
20800,2
20808,3
20809,3
20810,3
20820,3
20829,3
20830,3
20850,3
20860,2
20870,2
01001,1
01002,1
01003,1
01004,1
01005,1
01006,1
01007,1
01008,1
01009,1
01010,1
01012,1
01013,1
01015,1
01071,1
45632,3
45633,3
45634,3
45635,3
45636,3
45637,3
45638,3
45640,3
45641,3
45642,3
45643,3
45644,3
45645,3
45646,3
45650,3
45651,3
45652,3
45653,3
45654,3
45660,3
45661,3
45662,3
45663,3
45664,3
04567,3
45670,3
45671,3
45672,3
45673,3
45674,3
45675,3
45676,3
45677,3
45678,3
04568,3
45680,3
45681,3
45682,3
06185,3
06186,3
06187,3
06190,3
06191,3
06192,3
06193,1
06194,1
06195,1
06196,3
06197,3
06200,2
06207,2
06208,3
06209,3
06210,3
06220,2
06225,3
06226,3
06227,3
06228,3
06229,3
06230,2
06240,3
06249,3
06250,3
06260,3
06270,3
06280,3
06290,3
06291,3
06292,3
06293,3
06300,2
06310,3
06320,3
06329,3
06330,3
06340,3
06350,3
06360,2
06370,3
06378,3
06380,2
20140,2
20150,2
20159,3
20160,2
20170,2
22532,3
22533,3
22534,3
22535,3
22540,3
22549,3
22550,3
22558,3
22559,3
22560,3
22569,3
22570,3
22571,3
22572,3
22580,3
22583,3
22584,3
22585,3
22586,3
22587,3
22588,3
22589,3
22590,3
22591,3
22592,3
02260,3
22600,2
22609,2
22610,3
22611,3
22612,2
22613,2
22620,2
22621,2
22622,2
22623,2
28213,3
28214,3
28219,2
28220,1
28221,1
28222,1
28223,1
28224,1
28229,2
28230,1
28231,1
28232,1
28240,2
28248,2
28250,2
28260,2
28270,2
28279,2
28280,2
28290,1
28292,2
28293,3
28294,3
28295,3
28296,3
28297,3
28300,1
28310,1
28311,1
28312,1
28320,1
28330,2
28339,2
28340,1
28341,1
28342,1
28343,1
28350,2
28359,3
34113,3
34114,3
34115,3
34116,3
34117,3
34118,3
34120,3
34126,3
34127,3
34128,3
34129,3
34131,3
34132,3
34133,3
22450,3
22451,3
22452,3
02246,3
22460,3
22461,3
22462,3
22463,3
22464,3
22465,3
22466,3
22467,3
22468,3
22469,3
02247,3
22470,3
22471,3
22472,3
22473,3
22474,3
02248,3
22480,3
22481,3
22482,3
22483,3
22484,3
22485,3
22486,3
22487,3
02249,3
02250,3
22500,2
02251,3
22510,3
27630,3
27631,3
27632,3
27633,3
27634,3
27635,3
27636,3
27637,2
27638,3
27639,3
27640,3
27646,3
27647,3
27648,3
27649,3
27650,3
27651,3
27652,3
27653,3
27654,3
27655,3
27656,3
27657,3
27658,3
27659,3
27660,3
27661,3
27662,3
27663,3
27664,3
27665,3
27666,3
27667,3
27668,3
27670,3
27671,3
27673,3
27675,3
27676,3
27677,3
27678,3
27679,3
27680,3
27685,3
27686,3
27687,3
33935,2
33936,2
33937,2
33938,2
33939,2
33940,2
33945,2
33946,2
33947,2
33948,2
33949,2
33950,2
13320,3
13326,3
13327,3
13328,3
13329,3
13330,3
13331,3
13332,3
13333,3
13340,3
13341,3
13342,3
13343,3
13344,3
13345,3
13350,3
13360,3
13370,3
13379,3
13380,3
13390,3
13391,3
13400,2
13410,3
13411,3
13412,3
13413,3
13414,3
13415,2
13420,2
13427,3
13428,2
13429,2
13430,3
13431,3
13432,3
13433,3
13440,2
13450,3
13459,2
13460,1
13470,2
13473,2
13480,3
13490,3
13500,2
02129,3
21290,3
21291,3
21292,3
02130,3
21300,3
21309,3
21310,3
21319,3
21320,3
21330,3
21340,3
21342,3
21350,3
21359,3
02136,3
21360,3
02137,3
21380,3
21386,3
21387,3
21388,3
02139,3
20180,2
20200,2
20210,2
20211,3
20212,2
20213,3
20214,3
20215,3
20216,3
20217,3
20218,2
20220,3
20230,2
20240,2
20247,3
20248,2
20249,2
20250,2
20259,3
20260,3
20267,2
20268,3
20269,3
20270,2
20271,2
20280,1
20300,1
20301,1
20302,1
20303,1
20304,1
20305,1
20400,2
20490,3
20491,3
20492,3
20493,3
20494,3
20495,3
20496,3
20500,2
20530,2
20540,2
20550,2
20560,2
34159,3
34160,3
34170,3
34190,2
34191,3
34192,3
03420,2
34200,2
34208,2
34209,3
34210,3
34218,3
34219,3
34220,3
34230,3
34239,3
34240,3
34246,3
34247,3
34248,3
34249,3
34250,3
34257,3
34259,3
34260,3
34261,3
03430,2
34300,3
34304,3
34305,3
34306,3
34307,3
34309,3
34310,3
34320,3
34337,3
34338,3
40315,3
40317,3
40318,3
40320,3
40330,3
40331,3
40332,3
40340,3
40350,3
40351,3
40352,3
40353,3
40354,3
40355,3
40356,3
40357,3
40358,3
40359,3
40360,3
40370,3
40380,3
40389,3
40390,3
40391,3
40392,3
40393,3
40394,3
40395,3
40396,3
40397,3
40400,3
40406,3
40408,3
40410,3
40419,3
40420,3
40421,3
47010,1
47011,1
47012,1
47013,1
47014,1
47015,1
47016,1
47017,1
04710,2
47100,2
04711,2
47110,3
47111,3
47112,3
33957,2
33958,2
33959,2
33960,2
33969,2
33970,2
33979,2
33980,2
33986,2
33987,2
33988,2
33989,2
33990,3
33991,2
33992,2
33993,3
33994,3
33995,3
33996,3
33997,3
03400,2
34001,1
34002,1
34003,1
34004,1
34005,1
34006,1
03408,2
03409,2
03410,3
34100,3
34110,3
34111,3
34112,3
39570,3
39571,3
39572,3
39573,3
39574,3
39575,3
39577,3
39578,3
39579,3
39580,3
39582,3
39583,3
39584,3
39586,3
39587,3
39588,3
39590,2
39591,2
39592,3
39593,3
39594,3
39595,3
39600,2
39608,2
39609,2
39610,2
39611,2
39612,2
39613,2
39618,3
39619,2
39620,2
39626,2
39627,3
39628,3
39629,3
39630,3
39638,3
39639,3
39640,3
39649,3
39650,2
39660,3
39670,3
39679,3
39680,3
46843,3
46844,3
46850,2
46860,2
46868,3
46869,2
46870,2
46880,3
46890,3
46891,2
46892,3
21390,3
02140,1
21400,2
21409,2
02141,3
21410,2
02142,2
21420,2
21430,2
21431,2
21440,2
21449,2
21450,2
21459,2
02150,3
21500,2
02151,3
21510,3
02152,3
21520,3
02153,3
21530,3
02154,3
27533,3
27540,3
27543,3
27544,3
27545,3
27546,3
27547,3
27548,3
27549,3
27550,3
27554,3
27555,3
27556,3
27557,3
27558,3
27559,3
27560,3
27568,3
27569,3
27570,3
27576,3
27577,3
27578,3
27579,3
27590,2
27591,2
27592,2
27593,3
27594,3
27595,3
27596,3
27600,2
27610,2
27611,3
27612,2
27613,2
27614,2
27615,2
27616,2
27617,2
27618,2
27619,2
27620,3
27623,3
27624,3
27625,3
27626,3
27627,3
27628,3
33492,2
03350,2
33500,3
33507,3
33508,3
33509,3
33510,2
33518,2
33519,2
33520,3
33527,3
33528,3
33529,3
33530,3
33534,3
33535,3
33536,3
33537,3
33538,3
33539,3
33540,3
33546,3
33547,3
47113,2
47114,2
47115,3
47116,3
04712,2
47120,3
47129,3
04713,3
47130,3
47131,3
47132,2
47133,3
47134,3
47140,2
04715,2
47150,3
47151,3
47152,1
47153,2
47155,3
04716,2
47160,3
47161,2
47162,3
47164,3
47165,3
47166,3
47169,2
04717,2
47170,3
47171,3
47172,3
47173,3
47174,3
47175,3
47176,3
47177,3
47180,3
47181,3
46893,3
46894,3
04690,2
46900,1
46901,1
46909,1
04691,2
46910,1
04692,3
46920,1
04693,2
46930,1
04694,2
46940,1
46950,1
46960,1
46970,1
46980,1
46988,1
46989,1
04700,2
47001,1
47002,1
47003,1
47004,1
47005,1
47006,1
47007,1
47008,1
47009,3
08042,1
08100,1
08104,1
08105,1
08106,3
08107,1
08110,1
08120,2
08130,2
08140,2
08146,3
08148,3
08150,1
08160,2
08170,2
08172,1
08173,1
08174,1
08178,3
08180,2
08181,2
08182,2
08183,3
08184,2
08185,2
08186,2
08187,2
08188,2
08189,3
08190,1
08191,1
08192,1
08193,3
08194,1
08195,1
08196,1
08197,1
08198,1
08199,3
08200,1
08201,1
08202,1
08203,1
08204,1
08205,1
08206,1
08207,1
08208,1
08210,1
08211,2
08212,3
33548,3
33549,3
33550,3
33554,3
33555,3
33556,3
33557,3
33558,3
33559,3
33560,3
33566,3
33567,3
33568,3
33569,3
33570,3
33576,3
33577,3
33578,3
33579,3
33580,2
33581,3
33582,3
33583,3
33584,3
33585,3
39439,3
39440,3
39450,3
39451,3
39460,2
39470,2
39477,2
39478,2
39479,2
39480,2
39490,3
39491,3
39500,2
39506,2
39507,3
39509,3
39510,3
39511,3
39513,3
39515,3
39516,3
39517,3
39518,3
39520,3
39525,3
39526,3
39527,3
39528,3
39529,3
39530,2
39538,2
39539,2
39540,3
39547,3
39548,3
39549,3
39550,3
39551,3
39553,3
39554,3
39555,3
39556,3
39557,3
39558,3
39559,3
39560,3
39569,3
46135,2
46136,2
46137,2
46138,2
46139,2
46140,3
46141,3
46142,3
46143,3
46144,3
46145,3
46146,3
46147,3
46148,3
46149,3
04616,2
46160,2
46162,3
46163,3
46164,3
15838,3
15839,3
15840,3
33350,1
03339,2
33390,1
33391,1
33392,1
33393,1
33394,1
03340,2
33400,1
33401,1
33402,1
33403,1
33404,1
33405,2
33410,1
33411,3
33412,3
33414,3
33416,1
33417,1
33418,2
33420,2
33422,3
33423,3
33424,3
33425,3
33426,3
33427,3
33428,3
33429,2
33430,2
33438,2
33439,2
33440,2
46165,3
46166,3
46167,3
46168,3
46169,3
04617,2
46170,3
46171,3
46172,3
46173,3
46174,3
46175,3
46176,3
46177,3
46178,3
46179,3
04618,2
46180,2
46181,2
46182,1
46183,2
46184,2
46185,2
04619,2
46190,2
46191,2
07849,2
07850,2
07860,3
07870,3
07871,3
07872,3
08001,1
08002,1
08003,1
08004,1
08005,1
08006,1
08007,1
08008,1
08009,1
08010,1
08011,1
08012,1
08013,1
08014,1
08015,1
08016,1
08017,1
08018,1
08019,1
08020,1
08021,1
08022,1
08023,1
08024,1
08025,1
08026,1
08027,1
08028,1
08029,1
08030,1
08031,1
08032,1
08033,1
08034,1
08035,1
08036,1
08037,1
08038,1
08039,1
08040,1
08041,1
01428,3
01430,3
01439,3
01440,3
01449,3
01450,2
01468,2
01470,2
01474,3
01476,3
01477,3
01478,3
01479,3
01510,1
01520,3
26070,1
26071,1
26080,1
26226,3
26540,2
33448,2
33449,2
33450,2
33456,2
33457,2
33458,3
33459,2
33460,1
33468,1
33469,2
33470,1
03348,2
03349,3
33490,1
33491,2
03838,3
38380,2
38389,2
03839,2
38390,2
38398,2
38399,2
03840,3
38400,1
03841,3
38410,1
38411,1
38412,1
38413,1
38414,1
38415,1
38416,1
38417,1
38418,1
38419,1
38420,2
38428,2
38429,2
38430,2
38434,2
38435,3
38438,2
38439,2
38440,2
38441,2
38449,2
38450,2
38458,2
38459,2
38460,2
38470,2
38479,2
38480,2
38489,2
03850,3
38500,2
38508,2
38509,2
38510,2
38520,2
45950,3
45960,3
04600,2
46001,1
46002,1
46003,1
46004,1
46005,1
46006,1
46007,1
46008,1
46009,1
46010,1
46011,1
46012,1
46013,1
46014,1
46015,1
46016,1
46017,1
46018,1
46019,1
46020,1
46021,1
46022,1
46023,1
46024,1
46025,1
46026,1
46035,1
04610,2
38011,1
15566,3
15567,3
15568,3
15569,3
15570,1
15572,1
15576,3
15577,2
15578,1
15579,2
15580,3
15582,2
15590,1
15591,1
15592,1
15593,1
15594,1
15595,1
15596,1
15597,1
15598,3
15600,2
15607,2
15608,3
15609,2
15611,2
15612,2
15613,3
15614,2
15615,3
15616,3
15617,3
15618,3
15619,3
15620,3
15621,2
15622,2
15623,3
15624,3
15625,3
15626,3
15627,2
15630,3
15635,3
15637,3
15638,3
15639,3
15640,3
15650,1
15656,3
15659,1
15660,1
15668,1
14350,1
14400,2
14410,3
14412,3
14413,3
14420,3
14430,3
14439,3
14440,2
14445,3
14446,3
14447,3
14448,3
14449,3
14450,3
14460,3
14470,3
14480,3
14490,3
14491,3
14500,2
14510,3
14511,2
14512,2
14520,2
14530,3
14540,2
14546,3
14547,3
14548,2
14549,3
14550,2
14600,2
14610,1
14620,3
14630,3
14640,2
14650,2
14659,2
14660,3
14670,3
14700,2
14709,2
14710,1
14711,1
22624,3
22625,3
22630,3
22636,3
22637,3
22638,3
22639,3
22640,3
22650,3
22660,3
22661,3
22662,3
22663,3
22664,3
22665,3
22666,2
02270,3
22700,2
22710,3
22711,2
22712,2
22713,2
22714,2
22715,2
22720,3
22728,3
22729,3
22730,3
22731,3
22732,3
22740,3
22750,3
22751,3
22752,3
22753,3
22760,3
22761,3
22770,3
22771,3
14011,1
14012,1
14013,1
03070,1
03071,1
03080,1
03200,1
03318,2
03319,2
03459,2
03508,1
03519,3
03589,3
12070,3
12071,3
12080,3
46070,1
46071,1
46080,1
46150,3
46225,2
46229,2
46249,2
46100,1
46110,1
46111,1
46112,1
46113,1
46114,1
46115,1
46116,1
46117,2
46118,3
46119,3
46120,1
46127,2
46130,2
46131,1
46132,1
46133,2
46134,2
06499,2
06500,3
06510,2
06518,3
06519,2
06600,3
06610,3
06611,3
06612,3
06613,3
06614,3
06615,3
06620,3
06630,3
06640,3
06650,3
06655,3
06656,3
06657,3
06658,3
06659,3
06660,3
06670,3
06678,3
06679,3
06680,3
06689,3
06690,3
06691,3
06692,3
06700,2
06710,2
06711,2
06712,2
06713,3
06714,3
06715,3
06716,3
06717,3
06718,2
06719,2
06720,2
06730,3
06731,3
01080,1
01100,1
01110,3
01117,3
01120,3
01128,3
01129,3
01130,3
01138,3
01139,3
01160,3
01165,3
01169,3
01170,3
01191,1
01192,1
01193,3
01194,3
01195,1
01196,1
01200,3
01206,3
01207,3
01208,3
01212,3
01213,3
01216,3
01220,3
01230,3
15669,1
15670,1
30151,1
30152,1
30153,1
30154,1
30155,1
30156,1
30157,1
30158,1
03016,1
30160,1
30161,1
30162,1
30163,1
30164,1
30165,1
30166,1
30167,1
30168,2
30169,1
30170,2
30176,3
30177,2
30178,2
30179,2
30180,2
30189,2
36827,3
36828,3
36829,3
36830,3
36835,3
36836,3
36837,3
36838,3
36839,3
36840,3
36841,3
36842,3
36843,3
36844,3
36845,3
36846,3
36847,3
36848,3
36849,3
36851,3
36852,3
36853,3
36854,3
36855,3
36856,3
36857,3
36858,3
36859,3
36860,2
36861,2
36862,2
36863,2
36864,2
36865,2
36866,2
36867,2
36868,3
36869,2
36870,3
36872,3
36873,3
36874,3
36875,3
36876,3
36877,3
36878,3
36879,3
03688,3
36880,3
36883,3
36884,3
36885,3
42392,3
04240,1
04250,2
04259,2
04260,3
04270,3
04271,3
04274,3
04275,3
04276,3
04277,3
04278,3
04279,3
04280,3
04288,3
04289,3
43001,1
43002,1
43003,1
43004,1
43005,1
43006,1
43007,1
43008,1
43100,1
43110,1
43120,2
43130,1
43140,2
43141,2
43142,2
43143,3
43144,3
43150,3
43151,2
43152,3
43153,3
43154,3
43155,3
43200,1
43201,1
43202,1
50155,3
50156,3
50160,3
50161,3
50162,3
50163,3
50164,3
50170,3
50171,2
50172,3
50173,3
50174,3
50175,3
50177,3
50178,3
50180,2
50190,1
50191,1
50192,1
50193,1
50194,1
50195,3
50196,3
50197,1
50200,3
50210,3
50211,3
50212,3
50213,3
50214,3
50215,3
50216,3
50217,3
50219,3
50220,3
50227,3
50228,3
50229,3
50230,3
50236,3
50237,3
50238,3
50239,3
50240,3
50246,3
50247,3
50248,3
50249,3
50250,3
50257,3
50258,3
50259,3
09221,3
09285,3
09360,3
24070,1
24071,1
24080,1
24260,3
24917,3
34070,1
34071,1
34080,1
34130,3
34484,3
34488,3
37071,1
16707,3
16708,3
16709,3
16710,3
16720,3
16730,3
16738,3
37080,1
37197,3
37269,3
37458,3
37467,3
37479,3
37492,3
37496,3
37595,2
37596,3
37715,2
37873,3
40070,2
40071,2
40080,2
40299,3
42070,2
42071,2
42080,2
42147,3
42154,3
42310,3
47018,1
47070,1
47071,1
47080,1
47197,1
36633,2
36634,2
36635,2
36636,2
36637,3
36638,3
36639,2
36640,2
36645,3
36646,3
36647,3
36648,3
36649,2
36650,2
36652,3
36653,2
36654,2
36655,2
36656,2
36657,3
36658,3
36659,2
36660,3
36667,3
36668,3
36669,3
36670,3
36675,3
36676,3
36677,3
36678,3
36679,3
03668,3
36680,3
36681,3
36682,3
36683,3
36684,3
36685,3
36686,3
36687,3
36688,3
36689,3
03669,3
36690,1
36691,2
36692,3
36693,2
42152,2
42153,3
42156,3
42157,3
42158,3
42159,3
42160,3
42161,3
42162,3
42164,3
42165,3
42166,3
42167,3
42169,3
42172,3
42173,3
42174,3
42175,3
42176,3
42180,3
42181,3
42182,3
42189,3
42190,3
42191,3
42192,2
42193,2
42195,3
42200,2
42210,3
42211,3
42212,2
42213,3
42214,3
42216,3
42217,3
42218,3
42220,3
42222,3
42223,3
42225,3
49709,3
49710,3
49714,3
49715,3
49716,3
49717,3
49718,3
49719,3
49720,3
49721,3
49722,3
49730,3
49731,3
49740,3
49741,3
49742,3
49743,3
49750,3
49751,3
49760,3
49770,3
49780,3
49781,3
49782,3
49783,3
49800,2
49810,3
49820,3
49830,3
49831,3
49832,3
49833,3
49834,3
49835,3
49840,3
49850,3
49860,3
49870,3
49871,3
49880,3
49882,3
50001,1
50002,1
50003,1
50004,1
50005,1
50006,1
50007,1
50008,1
50009,1
05001,2
50010,1
09616,3
09617,3
09618,3
09619,3
09620,3
09640,3
09641,3
09642,3
09645,3
09646,3
09647,3
09649,3
09650,3
09651,3
09652,3
09653,3
09654,3
09660,3
09670,3
09679,3
09680,3
09690,3
09691,3
09692,3
09693,3
04070,1
04071,1
04080,1
11070,1
11071,1
11080,1
11110,2
11120,2
11270,1
11271,1
11280,1
11316,2
11349,3
11470,1
35421,2
35422,2
35423,2
35430,2
35431,2
35432,2
35450,2
35457,2
35458,2
35459,2
35460,2
35461,2
35462,2
35463,2
35464,2
35465,2
35466,2
35467,2
35468,2
35469,2
35470,2
35478,2
35479,2
35480,3
35488,2
35489,3
03550,1
35500,1
35507,3
35508,3
35509,2
35510,2
35520,3
35530,3
35539,3
35540,3
40530,3
40531,3
40532,3
40533,3
40540,3
40541,3
27168,3
27169,1
27170,1
27177,3
27178,3
27179,3
27180,1
27181,3
27182,1
27183,3
27184,3
27185,3
27186,3
27187,3
27188,3
27190,1
27191,1
27192,1
27200,3
27203,3
27204,3
27205,3
27206,3
27207,3
27208,3
27209,3
27210,1
27211,3
27212,3
27213,3
27214,3
27215,3
27216,3
27217,3
27220,3
27226,3
27227,3
27228,3
27229,3
27230,1
27231,1
27232,1
27233,1
27234,3
27235,3
27240,3
27241,3
27243,3
27244,3
27245,3
27246,3
32895,3
32896,3
32897,3
32898,3
32899,3
03290,1
32900,1
32901,3
03291,1
32910,3
32911,1
35541,3
35542,3
35543,3
35544,3
35550,2
35558,3
35559,2
35560,3
35561,3
35570,2
35571,2
35572,2
35580,2
40422,3
40423,3
40424,3
40430,3
40440,3
40441,3
40442,3
40443,3
40444,3
40445,3
40446,3
40447,3
40449,3
40450,3
40460,3
40461,3
40462,3
40463,3
40464,3
40465,3
40466,3
40467,3
40468,3
40469,3
40470,3
40480,3
40490,3
40491,3
40492,3
40493,3
40494,3
40495,3
40496,3
40500,3
40510,3
40512,3
40513,3
40514,3
40515,3
40516,3
40517,3
40518,3
40520,3
40529,3
08849,2
08850,1
08859,2
08860,1
08870,2
08871,2
08872,2
08880,2
08901,1
08902,1
08903,1
08904,1
08905,1
08906,1
08907,1
08908,1
08911,1
08912,1
08913,1
08914,1
08915,1
08916,1
08917,1
08918,1
08921,1
08922,1
08923,1
08924,1
08930,1
08940,1
08950,1
08960,1
40542,3
40550,3
40551,3
40552,3
40553,3
40554,3
40555,3
40556,3
40560,3
40567,3
40568,3
40569,3
40590,3
40591,3
40592,3
40593,3
40594,3
04100,2
41000,1
41001,1
41002,1
41003,1
41004,1
41005,1
41006,1
41007,1
41008,1
41009,1
41010,1
41011,1
41012,1
41013,1
41014,1
41015,1
41016,1
41017,1
41018,1
41019,1
41020,1
41089,1
41092,1
04110,2
47311,3
47312,3
47313,3
47314,3
47315,3
47316,3
47317,3
47318,3
47319,3
47320,2
47328,3
47329,3
47330,3
47331,3
47340,3
47350,3
47359,3
47360,3
04738,1
04739,3
04740,2
47400,2
04741,2
47410,3
47418,3
47419,3
47420,2
04743,2
47430,3
47440,3
04745,2
47450,3
47451,3
47452,3
47453,3
47454,3
04746,2
47460,3
47461,3
47462,3
47463,3
47464,3
47465,3
47470,3
47480,3
47490,3
47491,3
47492,2
47493,3
47494,3
04750,3
47500,3
47509,3
47510,3
47511,3
47512,3
47513,3
47520,3
47529,3
47530,3
04760,2
47600,3
47606,3
47607,3
47608,3
47609,3
47610,2
47620,3
47630,3
47639,3
47640,3
47641,3
47650,3
47664,3
47670,3
47671,3
47672,3
47673,3
47674,3
47675,3
47676,3
04768,3
47680,3
47686,3
47687,3
47688,3
47689,3
04769,2
47690,3
47691,3
08515,3
08516,3
08517,3
08518,3
08519,3
08520,1
08521,1
08522,3
08529,3
08530,2
08540,2
08550,2
08551,2
08552,2
08553,3
08554,3
08559,3
08560,2
08569,3
08570,2
08571,2
08618,3
08619,3
08620,2
08629,2
08630,2
08635,2
08640,2
08650,2
08660,3
08670,2
08671,2
08672,3
08673,3
08679,3
08680,3
08690,2
08691,3
08692,3
08693,3
08694,3
08695,3
08696,3
08697,3
08698,3
08699,3
08700,1
08703,1
08710,1
08711,3
08712,3
08717,3
08718,3
08719,3
08720,2
08729,3
08730,2
08731,3
08732,3
08733,3
08734,3
08735,3
32915,3
03292,1
32920,1
03293,1
32930,3
03294,1
32940,3
32941,3
03295,1
32950,3
03296,1
32960,3
32970,1
32971,1
32980,3
32981,1
32990,1
03300,2
33000,1
33001,1
33002,1
33003,1
33004,1
33005,1
33006,1
33007,1
33008,1
33009,1
33010,1
33011,1
33012,1
33013,1
03310,3
33100,1
03311,2
08970,1
08980,1
09001,1
09002,1
09003,1
09004,1
09005,1
09006,1
09007,1
09100,3
09107,3
09108,3
09109,3
08572,3
08573,2
08580,3
08584,3
08585,3
08586,3
08587,3
08588,3
08589,3
08590,3
08591,3
08592,3
08593,3
08600,2
08604,3
08605,3
08606,3
08607,3
08610,2
08611,3
08612,3
08613,3
08614,3
08617,3
08736,3
08737,3
08738,3
08739,3
08740,2
08750,2
16440,3
16441,3
16442,3
16444,3
16452,3
16460,3
16461,3
16463,3
16464,3
16465,3
16470,3
16500,3
16510,3
16512,3
16520,3
16521,3
16522,3
16531,3
16532,3
16535,3
16537,3
16540,3
16541,3
16542,3
16550,3
16555,3
16600,2
16610,3
16611,3
16612,2
16620,3
16621,3
16622,3
16623,3
16630,2
16638,3
16639,3
16640,3
16646,3
16647,3
16648,3
16649,3
16650,3
16660,2
16670,3
16700,3
30190,3
30191,3
30192,2
30193,2
30194,2
30195,2
30196,2
30201,1
30202,1
30203,1
30204,1
30205,1
30300,1
30310,1
30319,1
30320,2
30329,2
30330,1
30331,2
30332,2
30333,2
30334,2
30335,2
30338,2
30350,1
30351,1
30360,2
30364,2
30365,1
30366,1
30367,1
30368,1
30369,2
30370,1
30380,1
30381,1
30382,1
30383,1
30384,1
16739,3
16740,3
16760,3
16770,3
16771,3
16779,3
16780,3
16781,3
16800,3
16812,3
16813,3
16840,3
16841,3
16842,3
16843,3
16850,3
16851,3
16852,3
16853,3
16854,3
16855,3
16856,3
16857,3
16860,3
16870,3
16878,3
16879,3
16890,3
16891,3
16892,3
17001,1
17002,1
17003,1
17004,1
17005,2
17006,1
17007,1
17100,2
24496,3
24497,3
24498,3
02450,3
24500,3
24510,3
24511,3
24512,3
24513,3
24514,3
24515,3
24516,3
24517,3
24520,3
24521,3
24522,3
24523,3
24524,3
24525,3
24526,3
24530,3
24540,3
24544,3
24545,3
24546,3
24547,3
24548,3
24549,3
24550,3
24560,3
24565,3
24566,3
24567,3
24568,3
24569,3
02459,3
02460,3
24600,3
24607,3
24608,3
24609,3
02461,3
24610,3
24620,3
24630,3
24640,3
24648,3
36626,3
36627,2
36628,2
36629,2
36630,2
17175,3
17176,3
17177,3
17178,3
17179,3
17180,1
17181,3
17182,3
17183,3
30385,1
30389,1
30390,1
30391,1
30392,1
30393,1
30394,1
30395,1
30396,1
30397,1
30398,1
30399,1
30400,2
36556,3
36557,3
36558,3
36559,3
36560,3
36567,3
36568,3
36569,3
03657,2
36570,3
36579,3
03658,2
36580,3
36581,3
36582,3
36583,3
36584,3
36585,3
36586,3
36587,3
36588,3
36589,3
03659,2
36590,3
36596,2
36597,3
36598,3
36599,3
03660,2
36600,2
36610,2
36611,2
36612,3
36613,2
36614,2
36615,2
36616,3
36617,2
36618,2
36619,2
36620,2
43203,1
43204,1
43205,1
43206,1
43300,2
43310,3
43311,3
43312,3
43320,3
43321,3
43330,2
43340,3
43350,3
43360,3
43361,3
43362,3
43363,3
43364,3
43365,3
43370,3
43371,3
43372,3
43373,3
43374,3
43375,3
43376,3
43379,3
43380,3
43381,3
43382,3
43390,3
43391,3
43392,2
43393,2
43400,3
43410,2
43411,3
34489,3
32576,3
39726,3
37349,3
46187,2
50785,3
34845,3
39508,2
39769,3
39233,3
38436,2
32414,3
39589,3
34814,3
05000,3
09575,3
16149,3
27119,3
27139,3
43838,2
32623,3
32783,3
00350,3
15931,2
24268,3
33110,3
09139,3
16830,3
43241,3
25584,2
34348,3
35418,2
33480,3
36000,1
42135,3
42215,3
19000,1
27284,3
32513,2
03000,1
38048,3
45000,3
17858,3
17860,3
17861,3
17862,3
17863,2
17864,3
17866,3
17867,3
17868,3
17869,3
18000,1
18001,1
18002,1
18003,1
18004,1
18005,1
18006,1
18007,1
18008,1
18009,1
18010,1
18011,1
18012,1
18013,1
18014,1
18015,1
18016,1
32647,3
37556,3
38437,2
05311,3
28243,1
27000,1
32434,3
15421,1
27831,3
24000,3
27839,3
27674,3
32591,3
29592,2
11035,2
11000,1
00012,3
10000,1
10001,1
10002,1
10003,1
10004,1
10005,1
10100,2
10109,2
10110,3
10120,3
10126,3
10129,3
10130,3
10131,3
10132,3
10133,3
10134,3
10135,3
10136,3
10137,3
10140,3
10160,3
10161,3
10162,3
10163,3
10164,1
10170,1
10180,3
10181,3
10182,3
10183,3
10184,3
10185,3
10186,3
10187,3
17420,3
17421,3
17430,2
17441,3
17442,3
17443,2
17444,2
17445,2
17450,3
17451,3
17452,3
17453,3
17454,3
17455,2
17456,2
17457,3
17458,3
17459,3
17460,2
17461,1
17462,3
17463,3
17464,3
17465,3
17466,3
17467,3
17468,3
17469,3
17470,3
17472,3
17473,3
17474,3
17475,3
17476,3
17480,2
17481,3
17482,3
17483,3
17486,2
17487,2
17488,3
17489,3
17490,3
17491,3
17492,3
17493,3
17494,3
17495,3
17496,3
17497,3
17500,2
17510,2
17512,3
17513,3
17514,3
17515,3
17520,2
17527,3
17528,3
17529,2
17530,3
17531,3
17532,3
17533,3
17534,3
17535,3
17536,3
17537,3
17538,3
17539,3
17600,2
17700,3
17706,3
17707,3
17708,3
17709,3
17720,3
17721,3
17722,3
17723,3
17730,3
17731,3
17732,3
17733,3
17734,3
17740,2
17741,3
17742,3
17743,3
17744,3
17745,3
24996,3
02500,2
25001,1
25002,1
25003,1
25004,1
25005,1
25006,1
25007,1
25008,1
30000,2
35000,1
35202,2
03787,3
08000,1
17110,3
17111,3
17113,3
17114,3
17115,2
17116,3
17117,3
17118,3
17120,3
17121,3
17123,3
17124,2
17130,2
17131,3
17132,3
17133,3
17134,3
17136,3
17137,3
17140,2
17141,2
17142,3
17143,3
17144,3
17150,3
17151,3
17152,3
17153,3
17154,3
17160,2
17161,3
17162,3
17164,3
17165,2
17166,3
17170,3
17171,3
17172,3
17173,3
17174,3
25150,3
25151,3
25152,3
25153,3
25154,3
25155,3
25160,3
25161,3
25162,3
25163,3
25164,3
25165,3
25170,3
25171,3
25172,3
25173,3
25174,3
25175,3
25176,3
25177,3
25178,3
25179,3
25180,2
25181,3
25182,3
25183,3
25184,3
25185,3
25186,3
25187,3
25190,1
25191,1
25192,1
25193,2
25194,1
25195,1
25196,1
25197,1
17184,3
17185,3
17190,1
17199,3
17200,2
17210,2
17211,2
17212,2
17213,3
17214,3
17220,2
17230,2
17240,2
17241,3
17242,3
17243,3
17244,2
17245,3
17246,3
17248,2
17249,2
17250,2
17251,2
17252,2
17253,2
17255,3
17256,3
17257,2
17258,2
17300,2
17310,2
17320,3
17400,3
17401,2
17402,2
17403,2
17404,2
17405,3
17406,3
17410,3
17411,2
17412,3
24763,3
24764,3
24765,3
24766,3
24767,3
24768,3
24769,3
24790,3
24791,3
24792,3
24793,3
24794,3
24795,3
24796,3
24797,3
02480,3
24800,3
24810,3
24811,3
24812,3
24813,3
24814,3
24815,3
24816,3
24820,3
24830,3
24836,3
24837,3
24838,3
24839,3
02484,3
24840,3
24843,3
24844,3
24845,3
24846,3
24847,3
24848,3
24849,3
02485,3
30593,1
30594,1
30600,2
30609,2
30610,2
30611,2
30612,2
30613,2
24850,3
24852,3
24853,3
24854,3
24855,3
24856,3
24857,3
24858,3
24859,3
02486,3
24860,3
24869,3
02487,3
24870,3
24877,3
24878,3
24879,3
24880,3
24882,3
24883,3
24884,3
24885,3
24886,3
24887,3
24888,3
24889,3
02489,3
24890,3
24891,3
24892,3
24893,3
02490,2
24900,3
24911,3
24912,3
24913,3
24914,3
24915,3
24916,3
24918,3
24920,3
24930,3
24940,3
24950,3
24960,3
24970,3
24980,3
24989,3
02499,2
24990,3
24991,3
24994,3
24995,3
03009,1
03010,1
30100,1
30107,1
30108,1
03011,1
30110,1
03012,1
30120,1
03013,1
30130,2
30139,1
03014,1
30140,2
30148,2
30149,2
03015,1
30150,1
43412,3
43413,3
43414,2
43415,2
43420,3
43421,3
43422,3
43423,3
43424,3
43425,3
43426,3
43427,3
43428,3
43429,3
43430,3
49594,3
49600,2
49610,3
49618,3
49619,3
49620,3
49621,3
49622,3
49623,3
49624,3
49625,3
49626,3
49627,3
49628,3
49629,3
49630,3
49637,3
49638,3
49639,3
49640,3
49650,3
49660,3
49670,3
49680,3
49690,3
49691,3
49692,3
49693,3
49694,3
49695,3
49696,3
49697,3
49698,3
49699,3
49700,3
49706,3
49707,3
49708,3
49070,1
49071,1
49080,1
49836,2
49881,2
02070,1
02071,1
02080,1
13070,1
13071,1
13080,1
13434,3
16070,2
16071,2
16080,2
16112,3
16147,3
16238,3
16893,3
19070,1
19071,1
19131,3
45070,1
45071,1
35070,1
35071,1
35080,1
35230,2
38070,1
38071,1
38080,1
38200,1
38860,3
08070,1
18100,1
18101,2
18102,2
18110,1
18120,3
18125,3
18126,3
18127,3
18128,3
18129,3
18130,3
18131,3
18132,3
18140,1
18150,1
18151,1
18152,3
18160,3
18170,2
18179,2
18180,3
18181,3
18182,1
18183,3
18184,3
18190,2
25222,3
25230,2
25240,3
25241,3
25242,2
25243,2
25244,2
25245,3
25250,3
25260,3
25261,3
25262,3
25263,3
25264,3
25265,3
25266,3
25267,3
25268,3
25269,3
25270,3
25271,3
25280,2
25281,3
25282,3
25283,3
25284,3
25285,3
25286,3
25287,3
25289,3
02529,3
25290,3
02530,3
25300,2
25310,2
25315,3
25316,3
25317,2
25318,3
25320,3
25330,3
32368,3
32369,3
32370,3
32371,3
32372,3
32373,3
32374,3
32375,3
32400,3
32410,3
32411,3
32412,3
32413,3
32415,3
32416,3
32417,3
32418,3
32419,3
32420,3
32425,3
32426,3
32427,3
32428,3
32429,3
32430,3
17484,2
17485,3
25331,2
25332,3
25334,3
25335,3
25336,3
25337,3
02534,3
25340,3
25341,3
25343,3
25344,3
25350,2
25351,2
25352,2
25353,2
25354,2
25355,2
02536,3
25360,2
25400,3
25410,3
25411,3
25412,3
25413,3
25420,3
25430,3
25440,3
25450,3
25457,3
25460,3
25471,3
25480,3
25500,3
25510,3
25511,3
25512,3
25513,3
25514,3
25515,3
25516,3
25517,3
25518,3
25520,3
25526,3
25527,3
25528,3
25529,3
25530,3
25537,3
25538,3
25539,3
30877,2
30878,2
30879,2
30880,2
30889,2
30890,1
30891,2
30892,2
30893,1
03100,2
03108,3
03109,3
03110,1
03111,3
03112,1
03113,1
03114,1
03115,1
03130,2
03138,2
03139,1
03140,2
03149,2
03150,2
03158,2
03159,2
03160,2
03169,3
03170,2
03176,3
03177,2
03178,2
03179,2
03180,1
03181,1
03182,1
03183,1
03184,1
03185,1
02510,3
25100,2
02511,1
25110,2
25111,1
25112,2
25113,1
25114,3
02512,3
25120,3
25121,3
25122,3
25123,3
25124,3
25125,3
25126,3
02513,2
25130,3
25131,3
25132,3
25133,3
25134,3
25135,3
25136,3
25137,3
25138,3
25139,3
25140,3
25141,3
25142,3
25143,3
25144,3
03190,2
03191,2
03193,3
03194,1
03195,1
32000,3
32001,1
32002,1
32003,1
32004,1
32005,1
03201,1
03202,1
03203,1
03204,1
03205,1
03206,1
03207,1
03208,1
32100,3
32101,3
32102,3
32103,1
32110,3
32111,3
32112,3
32120,3
32130,3
32134,3
32135,3
32136,3
32137,3
32138,3
32139,3
32140,3
32141,3
32150,3
32151,3
32152,3
32153,3
32160,3
32161,3
32162,3
32163,3
32164,3
32170,3
32171,3
32172,3
32200,3
32211,3
32212,3
32213,3
36886,3
36887,3
36888,3
36889,3
03689,3
36890,3
36891,2
36892,2
25198,1
25199,1
02520,3
25200,2
25210,2
25211,3
25212,2
25213,3
25214,3
25215,3
25216,3
25217,3
25218,3
25220,3
25221,3
30410,2
30411,2
30412,2
30413,2
30414,2
30420,2
30430,2
30438,2
30439,2
30440,2
30441,2
30442,2
30500,2
30506,2
30507,2
30508,2
30509,2
30510,2
30520,2
30528,2
30529,2
30530,2
30535,2
30540,3
30550,2
30558,2
30559,2
30560,2
30561,2
30562,2
30563,2
30564,2
30565,2
30566,2
30570,1
30579,1
30580,1
30588,1
30589,1
30590,1
30591,2
30592,2
36989,2
03699,1
36990,2
36991,2
36992,2
36993,2
36994,2
36995,2
03700,2
37001,1
37002,1
37003,1
37004,1
37005,1
37006,1
37007,1
37008,1
37009,1
03709,2
03710,2
37100,3
37110,3
37111,3
37114,3
37115,3
37116,3
37120,3
37129,3
37130,3
37139,3
37140,3
37147,3
37148,3
37149,3
37150,3
30620,2
30626,2
30627,2
30628,2
30629,2
30640,3
30648,3
30649,3
30700,2
30708,2
30709,2
30710,2
30720,2
30730,2
30739,2
30740,2
30800,1
30810,1
30811,1
30812,1
30813,1
30814,1
30815,1
30816,1
30817,1
30818,1
30820,2
30830,1
30831,1
30832,1
30833,1
30834,1
30835,1
30836,1
30837,2
30840,2
30848,2
30849,2
30850,2
30858,2
30859,2
30860,2
30868,1
30870,2
30875,2
30876,1
03670,2
36700,2
36710,2
36711,2
36712,2
36713,2
36714,2
36715,2
36720,2
36721,2
36729,2
36730,3
36739,3
36740,3
36746,3
36747,3
36748,3
36749,3
36750,3
36760,3
36770,3
36779,3
36780,2
36788,2
36789,2
03679,2
36790,3
36791,3
36792,3
36794,3
03680,2
36800,2
36810,2
36811,2
36812,2
36813,2
36814,2
36815,2
36816,2
36817,3
36818,2
36820,3
36826,3
43594,3
43595,3
43596,3
43597,3
43700,2
43710,2
08071,1
08075,1
08080,1
08171,1
08220,1
08248,1
08900,1
08910,1
08920,1
17070,1
17071,1
17080,1
17710,3
25070,1
25071,1
25080,1
25109,2
25288,3
32431,3
32432,3
32433,3
32435,3
32436,3
32437,3
32440,3
32448,3
32449,3
32450,3
32452,3
32453,3
32454,3
32455,3
32456,3
32457,3
32459,3
32499,3
32500,2
32510,2
32511,2
32512,3
32514,3
32515,3
32516,2
32520,3
32521,3
32522,3
32523,3
37187,3
37188,1
37189,2
37190,3
37191,3
37192,3
37193,2
37194,1
37198,1
03720,2
37200,3
37207,3
37208,3
37209,3
37210,3
37213,3
37214,3
37215,3
37216,3
37217,3
37218,3
37219,3
37220,3
03723,3
37230,3
03724,3
37240,3
37246,3
37247,3
37248,3
03725,3
37250,3
37251,3
37253,3
37254,3
37255,3
37256,3
37257,3
37258,3
37259,3
44397,2
04440,3
44400,3
44409,3
44410,3
44411,3
44412,3
44413,3
44414,3
44415,3
44420,3
44421,3
44422,3
44423,3
44424,3
44430,3
44431,3
44432,3
44433,3
44440,3
44441,3
44450,3
03186,2
03187,2
03188,1
03189,3
03726,2
37260,3
37267,3
03727,3
37270,3
37271,3
03728,3
37281,3
03729,3
37290,3
37291,3
37292,3
03730,2
37300,2
37310,3
37311,3
37312,3
37313,3
37314,3
37315,3
37316,3
37317,3
37318,3
37319,3
37320,3
37329,3
37330,3
37336,3
37337,3
37338,3
37339,3
37340,3
37350,3
03737,2
03738,2
03739,2
03740,2
37400,3
37405,3
37406,3
37408,3
37409,3
37410,3
37418,3
37419,3
37420,3
37426,3
37427,3
37428,3
37429,3
37430,3
43792,3
43800,2
43810,3
43811,3
43812,3
43813,3
43814,3
43815,3
43816,3
43817,3
43820,2
43830,2
43839,2
43840,2
43850,2
43860,3
43870,2
43877,2
43878,3
43879,2
43880,2
43881,2
43882,2
43883,2
43884,3
43885,3
43886,3
43887,3
43890,2
43891,2
43892,2
43893,2
43894,3
43895,3
43896,3
36893,2
36895,2
03690,1
36900,2
36910,1
36911,2
36912,2
36913,2
36914,2
36915,2
36930,2
36937,2
36938,2
36939,2
36940,2
36945,2
36946,2
36947,2
36948,2
36949,2
36950,2
36954,2
36955,2
36957,2
36958,2
36959,2
36960,2
36966,2
36967,3
36968,3
36969,2
36970,2
36979,2
03698,3
36980,2
36988,2
04410,2
44100,3
44110,3
44111,3
44112,3
44113,3
44114,3
44115,3
44120,3
44121,3
44122,3
44123,3
44124,3
44125,3
44126,3
44130,3
44131,3
44132,3
44133,3
44134,3
44140,3
44141,3
44142,3
44143,3
44144,3
44145,3
44146,3
44147,3
44150,3
44155,3
44156,3
44157,3
44158,3
44159,3
44160,3
44161,3
44162,2
44163,3
44164,3
44165,3
44166,3
44167,3
44168,3
44169,3
44190,2
44191,3
44192,2
44193,2
44194,3
44195,2
04420,3
44200,3
50260,3
50266,3
50267,3
50268,3
50269,3
37159,3
37160,3
37170,3
37171,3
37172,3
37173,3
37174,3
37175,3
37176,3
37180,3
37181,3
37182,3
37183,3
37184,2
37185,2
37186,3
43439,3
43440,3
43448,3
43449,3
43450,3
43459,3
43460,3
43461,3
43470,3
43479,3
43480,2
43481,2
43490,3
43491,2
43500,3
43510,2
43511,3
43512,3
43513,3
43514,3
43515,3
43516,3
43517,2
43518,2
43519,3
43520,2
43527,2
43528,3
43529,2
43530,2
43540,2
43549,2
43550,2
43558,3
43559,2
43560,2
43569,2
43570,3
43580,2
43590,2
43591,3
43592,3
43593,3
50343,3
50344,3
50345,3
50346,3
50347,3
50348,3
50360,3
50366,3
50367,3
50368,3
50369,3
50370,3
50371,3
50372,3
50373,3
50374,3
50375,3
50376,3
50390,3
50391,3
50400,3
50408,3
50409,3
50410,2
50411,2
50420,2
50430,2
50440,3
50441,3
50450,3
50460,3
50461,3
50470,3
43711,2
43712,3
43713,3
43714,3
43715,3
43716,2
43717,3
43718,3
43719,2
43720,2
43730,3
43736,3
43737,3
43738,3
43739,3
43740,2
43746,3
43747,3
43748,3
43749,3
43750,3
43760,2
43761,2
43762,2
43763,3
43764,1
43765,3
43770,2
43771,3
43772,3
43773,3
43774,3
43775,3
43776,3
43777,3
43780,3
43781,3
43782,3
43783,3
43784,3
43785,3
43786,3
43787,3
43790,3
43791,3
50011,1
50012,1
50013,1
50014,1
50015,1
50016,1
50017,1
50018,1
50019,1
05002,2
50020,1
50021,1
50022,1
05003,2
05004,2
05005,2
50059,1
50090,1
50100,2
50108,3
50109,3
50110,1
50120,1
50130,3
50131,3
50132,3
50133,3
50134,3
50135,3
50136,3
50137,3
50138,3
50139,1
50140,3
50141,3
50142,3
50143,3
50144,3
50150,3
50151,3
50152,3
50153,3
50154,3
36100,1
36270,1
36271,1
36280,1
44459,3
44460,3
44477,3
44478,3
44479,3
44480,3
44490,3
44491,3
44492,3
44493,3
44494,3
44495,3
44496,3
44497,3
04450,3
44500,2
44509,3
44510,3
44520,3
44530,3
44540,3
44547,3
44548,3
44549,3
44550,3
44555,3
44556,3
44557,3
50561,3
50562,3
50570,3
50580,3
50581,3
50582,3
50583,3
50584,3
50590,3
50591,3
50592,3
50600,2
50610,3
50611,3
50612,3
50614,3
50615,3
50616,3
50617,2
50619,2
50620,1
50629,2
50630,2
50637,3
50638,3
50639,3
50640,3
50641,3
50650,3
50660,2
50668,3
50669,2
50670,3
50678,3
50679,3
50680,3
50682,3
50683,3
50684,3
50685,3
50686,3
50687,3
50688,3
31486,1
31487,3
31490,3
31491,3
31492,3
31493,3
31494,3
31495,3
31496,3
31500,2
31510,3
31511,3
31512,3
31513,3
31514,3
31515,3
31520,3
31521,3
31522,3
31523,3
31530,3
43897,2
04400,3
44001,2
44002,2
44003,2
04409,3
50689,3
50690,3
50691,3
50692,3
50693,3
50694,2
50695,3
50696,3
50700,2
50709,2
50710,3
50720,1
50730,3
50740,3
50741,3
50750,3
50760,3
50770,3
50780,3
50781,3
50782,3
50783,3
50784,3
50786,3
50790,3
50792,3
50793,3
50794,3
50795,3
50800,2
50810,2
50820,1
50830,2
50840,3
05100,3
51001,1
51002,1
51003,1
51004,1
51005,1
05110,3
05111,3
05112,3
05113,3
05114,3
05115,3
05120,3
05122,3
05123,3
05124,3
05130,3
31008,1
31009,1
31010,1
31011,1
31012,1
31013,1
31014,1
31015,1
31016,1
31070,1
31071,1
31080,1
31100,3
31109,3
31110,2
31119,2
31130,3
31131,3
31132,3
31133,3
31140,3
31150,3
31151,3
31152,3
31153,3
31154,3
31160,1
31170,3
31171,3
31172,3
31173,3
31174,3
31175,3
31176,3
31177,3
31178,3
50270,3
50280,3
50290,3
50291,3
50292,3
50293,3
50294,3
50295,3
50296,3
50297,3
50298,3
50299,3
50300,2
50310,3
50311,3
50312,3
50313,3
50314,3
50315,3
50316,3
50320,3
50322,3
50323,3
50324,3
50325,3
50326,3
50330,3
50331,3
50332,3
50333,3
50334,3
50335,2
50336,2
50340,3
50341,3
50342,3
31200,2
31208,2
31210,3
31219,3
31220,3
31227,3
31228,3
31229,3
31230,3
31239,3
31240,2
31241,3
31242,3
31243,3
31250,3
31251,3
31252,3
31253,3
31254,3
31260,3
31261,3
31262,3
31263,3
31264,3
31270,3
31271,3
31272,3
31280,3
31281,3
31282,3
31283,3
31284,3
31290,3
31291,3
31292,3
31293,3
31300,2
31310,3
31311,3
31312,3
31313,3
31314,3
31315,3
31320,3
31330,3
31340,3
31350,2
31360,3
31370,3
31380,3
31382,3
31383,3
50480,3
50481,3
50482,3
50490,3
50491,3
50500,2
50510,3
50511,3
50512,3
50513,2
50514,2
50520,3
50529,3
50530,3
50540,3
50546,3
50547,3
50548,3
50549,3
50550,3
50560,3
25333,3
25640,3
43070,1
43071,1
43080,1
43178,2
43548,2
43729,1
06012,1
06070,1
06071,1
06080,1
10070,1
10071,1
10080,1
10150,3
10396,3
15070,3
15071,3
15080,3
15470,1
15471,1
15480,1
15490,1
15770,1
15771,1
15780,1
15781,1
15782,1
27070,1
27071,1
27080,1
27332,3
27672,3
27745,3
32070,1
32071,1
32080,1
36070,1
36071,1
36080,1
36281,1
36282,1
36339,1
36920,2
07070,1
07071,1
07080,1
07122,1
07608,1
07611,1
30070,1
30071,1
30080,1
30109,1
30200,1
30353,1
30729,2
28070,1
28071,1
28080,1
28082,1
28083,1
28085,1
28086,1
28087,1
28119,2
28120,3
28209,2
28419,2
28480,2
28513,2
28524,3
28679,2
28741,3
28800,1
28851,1
28870,1
28900,1
28920,1
28930,1
52070,1
52071,1
52080,1
31001,1
31002,1
31003,1
31004,1
31005,1
31006,1
31007,1
31540,3
31550,3
31560,3
31570,2
31579,3
31580,3
31587,3
31588,3
31589,3
31590,3
31591,2
31592,2
31593,3
31600,1
31610,1
31620,1
31621,1
31630,3
31638,3
31639,3
31640,3
31650,3
31660,3
31670,3
31671,3
31680,3
31689,3
31690,3
31691,3
31692,3
31179,3
31180,1
31190,3
31191,3
31192,1
31193,3
31194,3
31195,3
12431,3
12440,3
12447,3
12448,3
12449,3
12450,3
12460,3
12469,3
12470,3
12480,3
12489,3
12490,3
12499,3
12500,2
12510,3
12511,3
12512,3
12513,3
12520,2
12526,2
12527,3
12528,3
12529,2
12530,2
12539,2
12540,2
12549,2
12550,2
12560,2
12570,3
12578,3
12579,3
12580,2
12589,3
12590,2
12591,2
12592,3
12593,2
12594,2
12595,3
12596,3
12597,3
12598,2
12599,3
12600,2
12609,3
13001,1
13002,1
13003,1
13004,1
19334,3
19336,3
19337,3
19338,3
19339,3
33111,3
33112,3
33114,3
33115,3
33116,3
33117,3
33118,3
33119,1
03312,2
33120,3
33125,3
33126,3
33127,3
33128,3
33129,3
03313,2
33130,3
33138,3
33139,3
03314,2
33140,1
03315,2
33150,3
33154,3
33155,3
33156,3
33157,3
33158,3
33159,3
19340,3
19341,3
19342,3
19343,3
19344,3
19345,3
19346,3
19350,3
19351,3
19352,3
19353,3
19354,3
19355,3
19356,3
19357,3
19360,3
19361,3
19362,3
19363,3
19390,3
19391,3
19392,3
19400,3
19411,3
19412,3
19413,3
19420,3
19429,3
19431,3
19432,3
19441,3
19442,3
19443,3
19444,3
19445,3
19450,3
19458,3
19459,3
19460,3
03316,2
33160,3
33161,3
33162,3
33163,3
03317,2
33170,1
33171,3
33172,3
33173,3
33174,1
33180,2
33186,2
33187,2
33188,2
33189,2
33190,3
33191,1
33192,3
33193,1
33194,1
33195,1
03793,3
03794,3
03795,3
03800,1
38001,1
38002,1
38003,1
38004,1
38005,1
38006,1
38007,1
38008,1
38009,1
03801,1
38010,1
03802,1
03803,1
03804,1
03810,3
38107,1
38108,1
38109,1
03811,3
38110,1
38111,1
03812,3
38120,1
38129,1
03813,3
38130,1
38139,1
03814,3
38140,1
03815,3
38150,1
03816,3
38160,1
38170,1
03818,1
38180,1
03819,1
38190,2
19461,3
19462,3
19463,3
19490,3
19491,3
19492,3
19493,3
19495,3
02001,1
02002,1
02003,1
02004,1
02005,1
02006,1
02007,1
02008,1
02049,1
02100,2
21001,2
21002,1
21003,1
21004,1
21005,1
21006,1
21007,1
02110,3
21100,2
21110,2
21120,2
21122,2
21130,2
02120,3
21200,2
21207,3
21208,2
21209,3
21210,3
21220,3
21230,3
21239,3
02124,3
21240,3
02125,3
21250,3
21260,3
02127,3
21270,3
02128,3
21280,3
27112,3
27113,3
27114,3
27115,3
27116,3
27117,3
27118,3
27120,3
27122,3
27123,3
27124,3
27125,3
27126,3
27127,3
27128,3
27129,3
27130,3
27131,3
27132,3
27133,3
27134,3
27135,3
27136,3
27140,1
27141,1
27142,3
27143,3
27144,3
27145,3
27146,1
27150,3
27151,3
27152,3
27153,3
27154,3
27155,3
27156,3
27157,3
27160,1
27161,1
27162,3
27163,3
27164,3
27165,3
27166,3
