"zipcode","urbanity","region"
"47022",2,1
"49609",1,1
"49680",1,1
"49600",1,1
"49700",1,1
"49012",1,1
"49011",1,1
"44600",1,1
"44412",1,1
"44411",1,1
"47200",1,1
"47800",1,1
"48001",2,1
"44300",1,1
"44301",1,1
"47508",1,1
"47500",1,1
"47509",1,1
"44708",1,1
"44700",1,1
"47021",2,1
"49108",1,1
"49101",1,1
"49100",1,1
"49102",1,1
"49400",1,1
"49109",1,1
"49300",1,1
"49380",1,1
"49103",1,1
"49282",1,1
"49200",1,1
"49280",1,1
"49283",1,1
"49281",1,1
"49284",1,1
"49500",1,1
"49013",1,1
"48409",1,1
"48408",1,1
"48400",1,1
"48200",1,1
"49700",2,1
"44800",1,1
"44808",1,1
"48609",1,1
"48608",1,1
"48600",1,1
"48003",1,1
"48700",1,1
"48100",1,1
"45200",1,1
"45209",1,1
"48500",1,1
"48508",1,1
"48300",1,1
"48383",1,1
"48380",1,1
"48384",1,1
"48381",1,1
"48382",1,1
"44401",2,1
"47032",2,1
"47024",2,1
"47033",2,1
"47035",2,1
"47034",2,1
"47002",1,1
"48013",1,1
"48011",1,1
"45600",1,1
"46400",1,1
"46408",1,1
"46100",1,1
"46200",1,1
"46208",1,1
"46500",1,1
"45800",1,1
"45980",1,1
"45809",1,1
"45808",1,1
"45708",1,1
"45700",1,1
"45500",1,1
"45508",1,1
"46700",1,1
"46708",1,1
"46308",1,1
"46300",1,1
"46000",1,1
"45409",1,1
"45400",1,1
"45408",1,1
"45308",1,1
"45300",1,1
"45000",1,1
"45361",1,1
"45066",1,1
"45060",1,1
"45063",1,1
"45064",1,1
"45062",1,1
"45160",1,1
"45208",1,1
"45100",1,1
"46608",1,1
"46600",1,1
"46800",1,1
"46808",1,1
"44508",1,1
"44500",1,1
"44404",1,1
"44403",1,1
"44405",1,1
"44407",1,1
"47001",1,1
"47400",1,1
"49011",2,1
"44421",1,1
"44408",1,1
"44433",1,1
"44431",1,1
"44409",1,1
"44400",1,1
"44402",1,1
"44436",1,1
"44435",1,1
"44434",1,1
"48800",1,1
"48808",1,1
"48908",1,1
"48900",1,1
"48909",1,1
"48012",1,1
"44113",1,1
"44116",1,1
"44119",1,1
"44114",1,1
"44115",1,1
"44123",2,1
"44124",2,1
"44122",2,1
"44126",2,1
"44125",2,1
"44134",1,1
"44135",1,1
"44136",1,1
"44413",1,1
"47023",2,1
"47025",2,1
"49014",2,1
"44902",2,1
"47001",2,1
"47600",1,1
"47700",1,1
"47900",1,1
"47908",1,1
"47011",1,1
"44111",1,1
"44008",1,1
"44132",1,1
"44100",1,1
"44180",1,1
"44000",1,1
"44181",1,1
"44101",1,1
"44133",1,1
"44131",1,1
"44103",1,1
"44208",1,1
"44200",1,1
"44112",1,1
"44102",1,1
"44904",2,1
"43141",2,1
"47003",1,1
"47108",1,1
"44428",1,1
"47100",1,1
"44424",1,1
"44422",1,1
"47012",1,1
"44426",1,1
"44432",1,1
"44425",1,1
"47309",1,1
"47004",1,1
"47005",1,1
"44125",1,1
"44423",1,1
"48002",2,1
"49608",1,1
"49014",1,1
"49800",1,1
"01000",1,4
"01008",1,4
"01016",1,4
"01109",1,4
"01001",1,4
"01014",1,4
"01009",1,4
"01926",1,4
"01015",1,4
"01011",1,4
"01927",1,4
"01012",1,4
"01013",1,4
"01400",1,4
"01401",1,4
"01923",1,4
"01414",1,4
"01402",1,4
"01921",1,4
"01917",1,4
"01924",1,4
"01925",1,4
"01407",1,4
"01408",1,4
"01922",1,4
"01919",1,4
"01918",1,4
"01916",1,4
"01832",2,4
"01817",2,4
"01818",2,4
"01816",2,4
"01826",2,4
"01825",2,4
"01908",2,4
"01815",2,4
"01844",2,4
"01002",1,4
"01815",1,4
"01814",1,4
"01852",1,4
"01853",1,4
"01854",1,4
"01851",1,4
"01846",1,4
"01847",1,4
"01833",1,4
"01842",1,4
"01834",1,4
"01845",1,4
"01843",1,4
"01702",2,4
"01855",2,4
"01914",2,4
"01915",2,4
"01913",2,4
"01912",2,4
"01821",2,4
"01824",2,4
"01823",2,4
"01801",1,4
"01804",1,4
"01803",1,4
"01600",1,4
"01601",1,4
"01608",1,4
"01828",1,4
"01831",1,4
"01708",1,4
"01700",1,4
"01856",1,4
"01835",1,4
"01857",1,4
"01858",1,4
"01004",1,4
"01006",1,4
"01005",1,4
"01003",1,4
"01004",2,4
"01403",1,4
"01411",1,4
"01412",1,4
"01406",1,4
"01405",1,4
"01211",2,4
"01213",2,4
"01212",2,4
"01300",1,4
"01305",1,4
"01308",1,4
"01911",1,4
"01905",1,4
"01304",1,4
"01303",1,4
"01301",1,4
"01907",1,4
"01302",1,4
"01500",1,4
"01508",1,4
"01503",1,4
"01807",1,4
"01808",1,4
"01809",1,4
"01505",1,4
"01507",1,4
"01812",1,4
"01813",1,4
"01502",1,4
"01504",1,4
"01806",1,4
"01208",1,4
"01200",1,4
"01902",1,4
"01201",1,4
"01901",1,4
"01904",1,4
"01903",1,4
"03827",2,4
"03800",1,4
"03008",1,4
"03001",1,4
"03935",1,4
"03009",1,4
"03012",1,4
"03813",1,4
"03838",2,4
"03812",2,4
"03823",2,4
"03825",2,4
"03822",2,4
"03824",2,4
"03915",2,4
"03917",2,4
"03923",2,4
"03704",1,4
"03700",1,4
"03702",1,4
"03706",1,4
"03100",1,4
"03108",1,4
"03911",1,4
"03922",1,4
"03102",1,4
"03101",1,4
"03912",2,4
"03501",2,4
"03500",2,4
"03942",2,4
"03601",1,4
"03801",1,4
"03602",1,4
"03933",2,4
"03682",1,4
"03836",1,4
"03600",1,4
"03615",1,4
"03680",1,4
"03681",1,4
"03612",1,4
"03683",1,4
"03613",1,4
"03614",1,4
"03838",1,4
"03015",2,4
"03811",2,4
"03836",2,4
"03945",2,4
"03603",1,4
"03604",1,4
"03605",1,4
"03301",1,4
"03300",1,4
"03500",1,4
"03944",1,4
"03953",1,4
"03947",1,4
"03952",1,4
"03705",2,4
"03703",2,4
"03017",2,4
"03901",2,4
"03908",2,4
"03905",2,4
"03906",2,4
"03614",2,4
"03931",2,4
"03921",2,4
"03922",2,4
"03946",2,4
"03802",2,4
"03932",2,4
"03943",2,4
"03300",2,4
"03947",2,4
"03904",2,4
"03927",2,4
"03925",2,4
"03928",2,4
"03918",2,4
"03014",2,4
"03013",2,4
"03903",2,4
"03902",2,4
"03924",2,4
"03926",2,4
"03401",1,4
"03400",1,4
"03403",1,4
"03402",1,4
"01855",1,4
"03831",1,4
"03701",1,4
"03833",1,4
"03832",1,4
"03828",1,4
"03835",2,4
"03941",2,4
"03012",2,4
"27011",1,3
"28925",1,3
"28926",1,3
"28905",1,3
"28927",1,3
"26000",1,3
"26008",1,3
"26200",1,3
"26300",1,3
"26700",1,3
"26600",1,3
"26171",1,3
"26100",1,3
"26400",1,3
"26500",1,3
"29701",2,3
"29943",2,3
"28800",1,3
"28808",1,3
"27300",1,3
"27400",1,3
"27014",1,3
"27308",1,3
"27408",1,3
"29300",1,3
"29916",1,3
"29917",1,3
"29918",1,3
"29005",1,3
"29000",1,3
"29002",1,3
"29001",1,3
"29901",1,3
"27208",1,3
"27201",1,3
"27200",1,3
"27013",1,3
"27023",1,3
"27016",1,3
"29800",1,3
"29801",1,3
"29946",1,3
"29945",1,3
"27301",1,3
"29955",1,3
"29928",1,3
"29600",1,3
"29601",1,3
"29602",1,3
"27700",1,3
"27708",1,3
"27709",1,3
"28903",1,3
"28700",1,3
"28904",1,3
"28708",1,3
"28701",1,3
"29952",1,3
"29211",1,3
"29205",1,3
"29911",1,3
"29204",1,3
"29208",1,3
"29200",1,3
"29202",1,3
"29902",1,3
"28902",2,3
"28901",2,3
"28301",2,3
"29919",2,3
"29921",2,3
"27022",1,3
"27100",1,3
"27000",1,3
"29408",1,3
"29922",1,3
"29924",1,3
"29925",1,3
"29500",1,3
"29501",1,3
"29927",1,3
"29700",1,3
"29941",1,3
"29944",2,3
"29702",2,3
"27001",1,3
"27500",1,3
"28608",1,3
"28600",1,3
"28901",1,3
"28601",1,3
"28200",1,3
"28702",1,3
"27800",1,3
"27002",1,3
"29932",1,3
"29951",2,3
"29802",2,3
"27015",2,3
"28500",1,3
"28508",1,3
"28912",1,3
"28913",1,3
"28918",1,3
"28915",1,3
"28916",2,3
"28200",2,3
"29942",2,3
"28509",2,3
"28921",1,3
"28931",1,3
"28922",2,3
"28923",2,3
"29400",1,3
"29402",1,3
"29403",1,3
"28300",1,3
"28308",1,3
"28602",1,3
"28906",2,3
"27900",1,3
"28911",1,3
"27600",1,3
"28917",2,3
"28400",1,3
"79841",2,5
"79837",2,5
"79843",2,5
"79844",2,5
"79842",2,5
"79603",2,5
"79605",2,5
"79608",2,5
"79606",2,5
"79604",2,5
"79400",1,5
"79413",1,5
"79922",1,5
"79916",1,5
"79408",1,5
"79921",1,5
"79915",1,5
"79411",1,5
"79401",1,5
"79423",1,5
"79200",1,5
"79422",1,5
"79421",1,5
"79923",1,5
"79414",1,5
"79931",1,5
"79132",1,5
"79933",1,5
"79932",1,5
"79425",2,5
"79424",2,5
"79813",2,5
"79815",2,5
"79112",2,5
"79117",2,5
"79115",2,5
"79118",2,5
"79131",2,5
"79821",2,5
"79111",1,5
"79008",1,5
"79924",1,5
"79100",1,5
"79000",1,5
"79180",1,5
"79101",1,5
"79009",1,5
"79926",1,5
"79143",1,5
"79102",1,5
"79145",1,5
"79026",1,5
"79144",1,5
"79208",1,5
"79906",1,5
"79716",1,5
"79500",1,5
"79934",1,5
"79715",1,5
"79913",1,5
"79911",1,5
"79105",1,5
"79302",1,5
"79300",1,5
"79301",1,5
"79700",1,5
"79701",1,5
"79702",1,5
"79717",1,5
"79712",1,5
"79711",1,5
"79713",1,5
"79714",1,5
"79609",1,5
"79907",1,5
"79904",1,5
"79901",1,5
"79903",1,5
"79121",2,5
"79122",2,5
"79103",1,5
"79133",2,5
"79503",2,5
"79135",2,5
"79800",1,5
"79833",1,5
"79802",1,5
"79801",1,5
"79821",1,5
"79811",1,5
"79937",1,5
"79832",1,5
"79600",1,5
"79680",1,5
"79601",1,5
"79602",1,5
"91907",1,1
"91041",1,1
"91906",1,1
"91042",1,1
"91908",1,1
"92206",1,1
"91601",2,1
"91602",2,1
"91603",2,1
"91604",2,1
"91500",1,1
"91508",1,1
"91502",1,1
"91512",1,1
"91012",2,1
"91013",2,1
"91011",2,1
"91036",1,1
"91032",1,1
"91024",1,1
"91880",1,1
"91881",1,1
"91001",1,1
"91022",1,1
"91031",1,1
"91033",1,1
"91021",1,1
"91882",1,1
"91903",1,1
"91035",1,1
"91000",1,1
"91034",1,1
"91008",1,1
"91023",1,1
"91800",1,1
"91025",2,1
"91108",1,1
"91100",1,1
"91911",2,1
"91912",2,1
"91902",2,1
"91511",2,1
"91901",2,1
"91700",1,1
"91702",1,1
"91701",1,1
"91703",1,1
"91921",2,1
"91703",2,1
"91202",1,1
"91200",1,1
"91208",1,1
"91204",1,1
"91201",1,1
"91612",1,1
"91600",1,1
"91611",1,1
"91002",1,1
"91905",1,1
"91904",1,1
"91003",1,1
"91300",1,1
"91922",2,1
"91923",2,1
"91402",1,1
"91400",1,1
"91403",1,1
"91401",1,1
"91408",1,1
"91912",1,1
"91915",2,1
"91913",2,1
"91914",2,1
"82404",2,5
"83800",1,5
"83813",1,5
"83815",1,5
"80701",2,5
"82800",1,5
"83300",1,5
"82901",2,5
"82903",2,5
"81800",1,5
"83800",2,5
"83802",2,5
"83808",2,5
"81801",1,5
"82212",2,5
"82211",2,5
"81000",1,5
"81200",1,5
"81208",1,5
"81008",1,5
"81102",1,5
"81300",1,5
"81103",1,5
"81401",1,5
"81500",1,5
"81113",1,5
"81902",1,5
"81903",1,5
"81900",1,5
"81901",1,5
"81111",1,5
"81400",1,5
"81133",1,5
"81132",1,5
"81135",1,5
"83401",2,5
"81125",2,5
"82000",1,5
"82007",1,5
"82001",1,5
"82011",1,5
"82213",2,5
"81911",1,5
"81915",1,5
"81913",1,5
"81916",1,5
"82100",1,5
"82003",1,5
"82005",1,5
"82002",1,5
"80003",2,5
"81608",1,5
"81600",1,5
"81123",2,5
"81300",2,5
"82214",2,5
"82700",2,5
"82600",2,5
"82006",2,5
"80200",1,5
"80308",1,5
"80002",1,5
"80209",1,5
"80003",1,5
"80208",1,5
"80301",1,5
"80302",1,5
"80108",1,5
"80000",1,5
"80001",1,5
"80400",1,5
"80800",1,5
"80801",1,5
"80500",1,5
"80711",1,5
"80700",1,5
"80600",1,5
"80708",1,5
"80712",1,5
"81131",1,5
"87109",2,5
"87102",2,5
"82011",2,5
"80713",2,5
"83000",1,5
"83900",1,5
"83908",1,5
"83002",1,5
"83912",1,5
"83001",1,5
"83011",1,5
"82408",2,5
"82401",2,5
"82402",2,5
"83500",1,5
"83902",1,5
"83501",1,5
"82201",1,5
"82300",1,5
"80700",2,5
"81141",1,5
"81134",1,5
"81137",1,5
"81112",1,5
"80900",1,5
"82200",1,5
"83801",1,5
"81142",2,5
"83100",1,5
"83004",2,5
"83600",1,5
"83608",1,5
"83709",1,5
"81143",2,5
"81609",1,5
"82405",2,5
"81124",2,5
"81122",2,5
"81101",2,5
"82406",2,5
"82407",2,5
"81121",2,5
"83012",2,5
"82600",1,5
"82500",1,5
"83817",2,5
"83816",2,5
"83914",1,5
"83913",1,5
"83412",1,5
"83400",1,5
"83402",1,5
"83411",1,5
"83414",1,5
"83200",1,5
"83208",1,5
"87100",2,5
"87108",2,5
"82400",1,5
"96965",2,4
"96961",2,4
"96963",2,4
"96960",2,4
"96962",2,4
"96964",2,4
"96951",1,4
"96500",1,4
"96508",1,4
"96961",1,4
"96960",1,4
"96501",1,4
"96934",1,4
"96502",1,4
"96362",2,4
"96933",2,4
"96004",1,4
"96006",1,4
"96005",1,4
"96009",1,4
"96007",1,4
"96008",1,4
"96013",1,4
"96082",1,4
"96081",1,4
"96002",1,4
"96000",1,4
"96021",1,4
"96080",1,4
"96001",1,4
"96022",1,4
"96011",1,4
"96012",1,4
"96383",2,4
"97914",2,4
"96355",2,4
"96354",2,4
"96353",2,4
"96705",2,4
"96381",2,4
"96382",2,4
"97904",2,4
"96016",2,4
"96018",2,4
"96017",2,4
"96931",2,4
"96932",2,4
"96922",2,4
"96926",2,4
"96927",2,4
"96378",2,4
"97482",1,4
"97000",1,4
"97181",1,4
"97080",1,4
"97931",1,4
"97384",1,4
"97002",1,4
"97003",1,4
"97903",1,4
"97901",1,4
"97932",1,4
"97283",1,4
"97001",1,4
"97402",1,4
"97401",1,4
"97202",1,4
"97201",1,4
"97902",1,4
"97011",1,4
"97013",1,4
"97012",1,4
"96901",2,4
"96904",2,4
"96800",2,4
"96803",2,4
"97916",2,4
"96014",2,4
"96015",2,4
"97912",2,4
"96600",1,4
"96608",1,4
"96601",1,4
"96609",1,4
"96935",1,4
"96943",1,4
"96941",1,4
"96604",2,4
"96605",2,4
"96916",2,4
"96300",1,4
"96301",1,4
"96380",1,4
"96306",1,4
"96302",1,4
"96388",1,4
"96313",1,4
"96307",1,4
"96316",1,4
"96314",1,4
"96315",1,4
"96305",1,4
"96311",1,4
"96312",1,4
"96308",1,4
"96309",1,4
"96917",2,4
"96377",2,4
"96706",2,4
"96703",2,4
"96700",2,4
"97921",1,4
"97500",1,4
"97923",1,4
"97924",1,4
"96975",2,4
"96974",2,4
"96911",1,4
"96912",1,4
"96101",2,4
"97915",2,4
"97917",2,4
"97906",2,4
"97905",2,4
"96408",1,4
"96409",1,4
"96400",1,4
"96402",1,4
"96403",1,4
"96914",1,4
"96915",1,4
"96404",1,4
"96401",1,4
"96944",2,4
"96947",2,4
"96945",2,4
"96946",2,4
"96180",2,4
"96100",2,4
"97913",2,4
"96334",2,4
"96335",2,4
"96333",2,4
"96913",2,4
"96400",2,4
"96384",2,4
"96953",2,4
"96952",2,4
"97927",2,4
"97926",2,4
"96109",1,4
"96100",1,4
"96108",1,4
"96104",1,4
"96903",1,4
"96180",1,4
"96103",1,4
"96801",2,4
"96802",2,4
"97600",1,4
"97925",1,4
"97601",1,4
"96200",1,4
"96208",1,4
"96207",1,4
"96203",1,4
"96202",1,4
"96204",1,4
"96201",1,4
"96804",2,4
"96806",2,4
"96363",2,4
"96341",1,4
"96343",1,4
"96336",1,4
"96344",1,4
"96342",1,4
"96345",1,4
"96346",1,4
"96347",1,4
"96356",2,4
"96361",2,4
"96205",2,4
"96206",2,4
"97911",2,4
"96902",2,4
"96351",2,4
"96352",2,4
"96972",2,4
"96973",2,4
"96935",2,4
"50301",2,1
"50974",1,1
"50972",1,1
"50977",1,1
"50982",1,1
"50978",1,1
"50971",1,1
"50975",1,1
"50976",1,1
"50931",1,1
"50922",1,1
"50921",1,1
"50924",1,1
"50923",1,1
"50925",1,1
"50916",1,1
"50926",1,1
"50080",1,1
"50208",1,1
"50083",1,1
"50084",1,1
"50081",1,1
"50111",1,1
"50200",1,1
"50088",1,1
"50209",1,1
"50125",1,1
"50131",1,1
"50082",1,1
"50101",1,1
"50161",1,1
"50000",1,1
"50160",2,1
"50161",2,1
"50323",2,1
"50142",1,1
"50144",1,1
"50151",1,1
"50152",1,1
"50153",1,1
"50141",1,1
"50143",1,1
"50145",1,1
"50146",1,1
"50163",1,1
"50162",1,1
"50905",2,1
"50904",2,1
"50611",1,1
"50612",1,1
"50942",1,1
"50945",1,1
"50944",1,1
"50943",1,1
"50602",1,1
"50913",2,1
"50106",2,1
"50108",2,1
"50107",2,1
"50325",2,1
"50109",2,1
"50113",2,1
"50324",2,1
"50306",1,1
"50304",1,1
"50305",1,1
"50303",1,1
"50901",1,1
"50400",1,1
"50160",1,1
"50409",1,1
"50408",1,1
"50902",1,1
"50501",1,1
"50903",2,1
"50104",2,1
"50137",1,1
"50500",1,1
"50501",2,1
"50103",1,1
"50102",1,1
"50961",1,1
"50962",1,1
"50964",1,1
"50963",1,1
"50104",1,1
"50112",1,1
"50115",1,1
"50800",1,1
"50804",1,1
"50992",1,1
"50973",1,1
"50805",1,1
"50991",1,1
"50802",1,1
"50803",1,1
"50801",1,1
"50983",1,1
"50309",1,1
"50308",1,1
"50300",1,1
"50322",1,1
"50316",1,1
"50301",1,1
"50105",2,1
"50500",2,1
"50132",1,1
"50138",1,1
"50139",1,1
"50129",1,1
"50135",1,1
"50128",1,1
"50126",1,1
"50136",1,1
"50315",2,1
"50911",2,1
"50914",2,1
"50912",2,1
"50156",2,1
"50155",2,1
"50700",1,1
"50708",1,1
"50709",1,1
"50608",1,1
"50600",1,1
"50935",1,1
"50933",1,1
"50613",1,1
"50927",1,1
"50601",1,1
"50932",1,1
"50941",1,1
"50154",1,1
"50934",1,1
"50621",1,1
"50622",1,1
"50614",1,1
"50321",2,1
"50951",1,1
"50954",1,1
"50952",1,1
"50953",1,1
"50133",2,1
"50302",2,1
"50122",1,1
"50121",1,1
"50123",1,1
"50503",2,1
"50504",2,1
"50505",2,1
"50313",2,1
"50312",2,1
"37901",1,3
"37902",1,3
"37903",1,3
"37005",2,3
"37007",2,3
"37500",1,3
"37014",1,3
"37703",2,3
"37708",2,3
"37709",2,3
"37033",2,3
"37208",1,3
"37200",1,3
"37922",1,3
"37001",1,3
"37401",2,3
"37016",2,3
"37015",2,3
"37022",2,3
"37804",2,3
"37801",2,3
"37600",1,3
"37601",1,3
"37606",1,3
"37717",2,3
"37035",1,3
"37108",1,3
"37100",1,3
"37921",1,3
"37102",1,3
"37101",1,3
"37603",1,3
"37923",1,3
"37913",2,3
"37914",2,3
"37917",2,3
"37916",2,3
"37713",2,3
"37714",2,3
"37704",2,3
"37705",2,3
"37706",2,3
"37028",2,3
"37800",1,3
"37803",1,3
"37801",1,3
"37006",2,3
"37004",1,3
"37308",1,3
"37300",1,3
"37003",1,3
"37702",1,3
"37700",1,3
"37911",1,3
"37701",1,3
"37703",1,3
"37026",2,3
"37035",2,3
"37912",2,3
"37000",1,3
"37008",1,3
"37012",1,3
"37034",1,3
"37033",1,3
"37013",1,3
"37031",1,3
"37021",1,3
"37707",2,3
"37011",2,3
"37400",1,3
"37024",1,3
"37023",1,3
"37715",2,3
"37716",2,3
"37036",2,3
"73135",2,5
"73138",2,5
"73134",2,5
"73137",2,5
"73136",2,5
"73106",1,5
"73912",1,5
"73107",1,5
"73105",1,5
"73911",1,5
"73918",1,5
"73103",1,5
"73722",1,5
"73721",1,5
"73723",1,5
"73500",2,5
"72600",1,5
"72932",1,5
"72204",1,5
"72934",1,5
"72100",1,5
"72008",1,5
"72109",1,5
"72011",1,5
"72000",1,5
"72005",1,5
"72901",1,5
"72024",1,5
"72021",1,5
"72004",1,5
"72931",1,5
"72012",1,5
"72226",1,5
"72025",1,5
"72003",1,5
"72002",1,5
"72902",1,5
"72026",1,5
"73906",1,5
"73904",1,5
"73802",1,5
"73800",1,5
"73905",1,5
"73803",1,5
"73926",1,5
"73925",1,5
"73927",1,5
"73900",1,5
"73924",1,5
"73922",1,5
"73921",1,5
"73923",1,5
"73901",1,5
"73902",1,5
"73142",1,5
"73903",1,5
"73600",1,5
"73133",1,5
"73111",1,5
"73102",1,5
"73917",1,5
"73913",1,5
"73914",1,5
"73915",1,5
"73101",1,5
"73131",1,5
"73132",1,5
"73200",1,5
"73208",1,5
"73400",1,5
"73008",1,5
"73000",1,5
"73300",1,5
"73308",1,5
"73151",1,5
"73806",1,5
"73805",1,5
"73807",1,5
"72018",2,5
"72936",2,5
"72015",2,5
"72017",2,5
"72016",2,5
"72019",2,5
"72014",2,5
"72935",2,5
"73600",2,5
"73115",2,5
"73112",2,5
"73121",2,5
"73123",2,5
"73124",2,5
"73122",2,5
"73117",2,5
"73125",2,5
"73142",2,5
"73712",1,5
"73704",1,5
"73708",1,5
"73700",1,5
"73703",1,5
"73709",1,5
"73401",1,5
"73701",1,5
"73726",1,5
"73725",1,5
"73403",1,5
"73713",1,5
"72300",1,5
"72904",1,5
"72301",1,5
"72912",1,5
"72913",1,5
"72914",1,5
"72903",1,5
"72214",1,5
"72215",1,5
"72213",1,5
"72923",1,5
"72922",1,5
"72963",1,5
"72806",1,5
"72800",1,5
"72962",1,5
"72941",1,5
"72801",1,5
"72942",1,5
"72804",1,5
"72802",1,5
"72943",1,5
"72966",1,5
"72967",1,5
"72200",1,5
"72221",1,5
"72224",1,5
"72223",1,5
"72222",1,5
"72202",1,5
"72203",1,5
"72502",2,5
"72504",2,5
"72503",2,5
"73143",2,5
"72211",2,5
"72933",2,5
"72216",2,5
"72204",2,5
"72217",2,5
"72967",2,5
"72212",2,5
"72701",1,5
"72805",1,5
"72958",1,5
"72961",1,5
"72706",1,5
"72700",1,5
"72937",1,5
"72704",1,5
"72957",1,5
"72956",1,5
"72952",1,5
"72954",1,5
"72951",1,5
"72955",1,5
"72702",1,5
"72703",1,5
"72500",1,5
"09300",1,4
"09931",1,4
"09301",1,4
"09935",1,4
"09924",1,4
"09302",1,4
"05919",2,4
"05914",2,4
"05915",2,4
"07816",2,4
"07814",2,4
"07911",1,4
"07912",1,4
"04605",2,4
"08811",2,4
"08808",2,4
"08813",2,4
"08807",2,4
"07000",1,4
"07008",1,4
"07080",1,4
"07883",1,4
"07111",1,4
"07882",1,4
"07801",1,4
"07411",1,4
"07984",1,4
"07101",1,4
"07181",1,4
"07009",1,4
"07888",1,4
"07812",1,4
"07500",1,4
"07501",1,4
"07600",1,4
"07913",1,4
"07502",1,4
"08942",2,4
"08939",2,4
"08941",2,4
"08937",2,4
"08938",2,4
"04311",2,4
"04312",2,4
"04313",2,4
"05916",2,4
"05917",2,4
"08825",2,4
"08603",2,4
"08602",2,4
"08826",2,4
"08605",2,4
"08606",2,4
"08616",2,4
"08827",2,4
"08601",2,4
"07200",1,4
"07208",1,4
"07902",1,4
"07901",1,4
"06821",1,4
"07102",2,4
"07104",2,4
"07103",2,4
"07114",2,4
"09822",2,4
"09823",2,4
"09200",2,4
"09201",2,4
"05501",2,4
"05504",2,4
"05503",2,4
"07821",2,4
"06600",1,4
"06602",1,4
"06911",1,4
"05901",1,4
"05200",1,4
"04404",1,4
"05203",1,4
"05902",1,4
"06908",1,4
"06700",1,4
"09835",2,4
"09833",2,4
"09904",2,4
"09903",2,4
"09901",2,4
"09902",2,4
"09907",2,4
"09906",2,4
"06113",1,4
"06114",1,4
"05802",2,4
"05803",2,4
"05804",2,4
"04300",2,4
"09854",2,4
"09852",2,4
"09858",2,4
"09859",2,4
"07401",1,4
"07412",1,4
"07400",1,4
"04913",2,4
"04914",2,4
"07601",1,4
"07921",1,4
"07602",1,4
"07915",1,4
"04601",2,4
"07841",2,4
"07839",2,4
"07838",2,4
"04000",1,4
"04209",1,4
"04102",1,4
"04116",1,4
"04105",1,4
"04108",1,4
"04106",1,4
"04104",1,4
"04103",1,4
"08814",2,4
"08815",2,4
"08600",2,4
"08816",2,4
"09857",2,4
"05922",2,4
"05523",2,4
"05921",2,4
"05923",2,4
"05500",2,4
"07115",2,4
"08926",2,4
"08927",2,4
"08924",2,4
"08925",2,4
"07825",2,4
"04112",1,4
"04901",1,4
"04902",1,4
"08933",2,4
"08936",2,4
"08932",2,4
"08934",2,4
"07404",2,4
"07407",2,4
"09829",2,4
"09832",2,4
"08931",2,4
"08300",2,4
"04941",2,4
"04943",2,4
"06133",1,4
"06132",1,4
"06136",1,4
"06131",1,4
"06135",1,4
"06134",1,4
"07703",1,4
"06800",1,4
"06831",1,4
"06812",1,4
"06801",1,4
"06808",1,4
"06903",1,4
"06811",1,4
"04500",2,4
"07105",2,4
"07817",2,4
"04907",2,4
"04906",2,4
"04905",2,4
"08014",2,4
"07302",2,4
"04503",2,4
"09803",2,4
"04904",2,4
"04402",2,4
"04404",2,4
"06111",1,4
"06112",1,4
"09000",1,4
"09008",1,4
"09915",1,4
"09908",1,4
"09303",1,4
"09921",1,4
"09922",1,4
"09100",1,4
"09101",1,4
"09945",2,4
"09944",2,4
"09936",2,4
"09934",2,4
"09914",2,4
"06915",2,4
"06803",2,4
"04801",2,4
"08522",2,4
"08806",2,4
"08821",2,4
"08502",1,4
"08504",1,4
"08500",1,4
"08508",1,4
"08409",1,4
"08801",1,4
"04400",2,4
"04401",2,4
"04822",2,4
"04821",2,4
"04501",2,4
"04816",2,4
"08905",2,4
"08906",2,4
"08917",2,4
"08918",2,4
"08907",2,4
"07702",2,4
"07701",2,4
"07703",2,4
"04917",2,4
"04915",2,4
"04916",2,4
"08200",2,4
"08208",2,4
"08203",2,4
"07921",2,4
"07925",2,4
"07924",2,4
"09400",1,4
"09961",1,4
"09953",1,4
"09962",1,4
"09951",1,4
"04923",2,4
"04924",2,4
"04921",2,4
"04922",2,4
"07905",2,4
"05401",2,4
"05402",2,4
"05403",2,4
"05400",2,4
"05100",1,4
"05000",1,4
"06913",2,4
"06914",2,4
"07903",2,4
"07107",2,4
"09828",2,4
"09826",2,4
"08913",2,4
"08611",2,4
"08612",2,4
"08610",2,4
"09855",2,4
"09851",2,4
"04111",2,4
"04113",2,4
"06902",2,4
"09600",1,4
"09805",1,4
"09821",1,4
"09806",1,4
"08600",1,4
"08700",1,4
"08701",1,4
"08817",1,4
"05924",2,4
"04824",2,4
"04823",2,4
"04815",2,4
"09815",2,4
"09814",2,4
"05900",1,4
"05904",1,4
"05905",1,4
"07822",2,4
"08008",1,4
"08912",1,4
"08024",1,4
"08000",1,4
"08021",1,4
"08023",1,4
"08911",1,4
"07833",2,4
"07834",2,4
"07704",2,4
"09911",2,4
"09912",2,4
"09913",2,4
"09819",2,4
"09816",2,4
"04314",2,4
"04315",2,4
"09817",2,4
"09818",2,4
"04935",2,4
"04934",2,4
"04951",2,4
"04700",1,4
"04702",1,4
"04701",1,4
"04825",1,4
"04826",1,4
"04301",2,4
"04302",2,4
"08005",2,4
"08003",2,4
"08001",2,4
"08002",2,4
"09825",2,4
"09932",2,4
"09923",2,4
"07803",2,4
"04812",2,4
"04813",2,4
"08618",2,4
"08617",2,4
"09712",2,4
"09711",2,4
"08943",2,4
"09703",2,4
"09704",2,4
"09702",2,4
"09701",2,4
"07700",1,4
"07831",1,4
"04817",2,4
"05800",2,4
"00400",1,4
"06000",1,4
"06408",1,4
"06409",1,4
"06500",1,4
"06009",1,4
"00708",1,4
"00700",1,4
"00100",1,4
"00280",1,4
"06008",1,4
"00109",1,4
"00208",1,4
"00408",1,4
"00508",1,4
"00500",1,4
"06122",1,4
"06123",1,4
"06308",1,4
"06300",1,4
"00308",1,4
"00300",1,4
"00608",1,4
"00600",1,4
"06200",1,4
"06209",1,4
"08915",2,4
"09105",2,4
"09305",2,4
"09104",2,4
"09304",2,4
"09862",2,4
"09861",2,4
"09863",2,4
"04947",2,4
"04948",2,4
"04945",2,4
"04944",2,4
"04305",2,4
"04304",2,4
"04603",2,4
"04602",2,4
"09941",2,4
"09943",2,4
"08823",2,4
"08822",2,4
"08831",2,4
"08824",2,4
"08614",2,4
"09500",1,4
"09504",1,4
"09501",1,4
"09503",1,4
"09804",1,4
"08012",2,4
"08011",2,4
"04114",2,4
"08103",2,4
"08102",2,4
"04806",2,4
"08903",2,4
"08902",2,4
"08901",2,4
"09812",2,4
"09813",2,4
"07922",2,4
"05600",2,4
"05925",2,4
"05933",2,4
"05932",2,4
"05931",2,4
"05601",2,4
"06811",2,4
"08100",2,4
"08101",2,4
"07311",2,4
"07313",2,4
"07301",2,4
"07826",2,4
"08805",2,4
"08803",2,4
"05909",2,4
"05906",2,4
"04911",2,4
"04912",2,4
"07844",2,4
"05201",2,4
"04957",2,4
"07301",1,4
"07300",1,4
"04804",2,4
"04803",2,4
"08922",2,4
"08921",2,4
"07112",2,4
"07904",1,4
"09956",2,4
"09955",2,4
"08833",2,4
"08832",2,4
"08834",2,4
"09831",2,4
"06102",2,4
"06137",2,4
"00280",2,4
"07813",2,4
"05308",1,4
"05300",1,4
"05913",1,4
"05912",1,4
"07836",2,4
"07837",2,4
"07835",2,4
"04502",2,4
"04958",2,4
"04956",2,4
"08953",2,4
"08952",2,4
"08954",2,4
"09841",2,4
"09844",2,4
"04954",2,4
"04953",2,4
"09203",2,4
"09202",2,4
"06105",2,4
"06812",2,4
"08511",2,4
"08512",2,4
"08955",2,4
"08935",2,4
"08956",2,4
"08958",2,4
"08801",2,4
"05934",2,4
"05700",2,4
"05701",2,4
"06106",2,4
"07304",1,4
"09845",1,4
"09865",1,4
"09866",1,4
"09700",1,4
"09867",1,4
"09863",1,4
"09801",2,4
"04931",2,4
"04926",2,4
"04925",2,4
"04303",2,4
"04933",2,4
"04600",2,4
"06804",1,4
"06806",1,4
"06807",1,4
"06805",1,4
"09965",2,4
"09962",2,4
"09963",2,4
"09306",2,4
"09964",2,4
"09307",2,4
"06912",2,4
"06911",2,4
"67800",1,2
"67801",1,2
"67400",1,2
"67300",1,2
"67308",1,2
"67802",1,2
"67811",1,2
"66000",1,2
"66008",1,2
"66109",1,2
"66100",1,2
"67934",1,2
"67933",1,2
"66952",1,2
"66951",1,2
"65900",1,2
"65623",1,2
"65621",1,2
"65615",1,2
"65617",1,2
"65616",1,2
"65622",1,2
"65624",1,2
"67922",2,2
"67501",2,2
"67942",1,2
"67008",1,2
"67009",1,2
"67000",1,2
"67122",1,2
"67101",1,2
"67111",1,2
"67280",1,2
"67112",1,2
"67921",1,2
"67102",1,2
"67124",1,2
"67121",1,2
"67201",1,2
"67923",2,2
"66602",2,2
"67511",2,2
"66408",1,2
"66400",1,2
"56308",1,2
"67512",1,2
"67501",1,2
"67500",1,2
"67503",1,2
"66965",2,2
"66715",2,2
"66964",2,2
"66966",2,2
"66713",2,2
"67812",2,2
"67931",2,2
"67924",2,2
"67522",1,2
"67523",1,2
"67524",1,2
"67521",1,2
"67901",1,2
"67902",1,2
"67314",1,2
"67313",1,2
"66601",1,2
"66600",1,2
"66508",1,2
"65000",1,2
"65100",1,2
"65800",1,2
"65701",1,2
"65200",1,2
"65208",1,2
"65111",1,2
"65112",1,2
"65115",1,2
"65113",1,2
"65114",1,2
"65116",1,2
"66911",1,2
"65708",1,2
"65700",1,2
"65308",1,2
"65300",1,2
"65122",1,2
"65121",1,2
"65124",1,2
"65123",1,2
"65400",1,2
"65401",1,2
"65508",1,2
"65500",1,2
"67305",1,2
"67304",1,2
"67307",1,2
"67311",1,2
"67312",1,2
"65606",1,2
"65605",1,2
"65604",1,2
"65603",1,2
"65601",1,2
"65609",1,2
"66382",1,2
"66200",1,2
"66208",1,2
"66381",1,2
"66209",1,2
"66380",1,2
"66912",1,2
"67700",1,2
"67903",1,2
"67513",1,2
"66915",1,2
"66914",1,2
"66913",1,2
"67953",2,2
"67955",2,2
"67952",2,2
"67956",2,2
"67951",2,2
"66967",2,2
"66968",2,2
"66969",2,2
"67141",1,2
"67132",1,2
"67142",1,2
"67125",1,2
"65613",1,2
"65600",1,2
"65625",1,2
"67115",2,2
"67911",2,2
"67912",2,2
"67913",2,2
"67701",2,2
"66500",1,2
"67600",1,2
"67608",1,2
"66943",1,2
"66933",1,2
"66934",1,2
"66941",1,2
"66942",1,2
"66931",1,2
"66938",1,2
"66936",1,2
"66935",1,2
"66922",1,2
"66923",1,2
"66926",1,2
"66928",1,2
"66924",1,2
"66921",1,2
"66925",1,2
"66927",1,2
"67940",1,2
"67116",1,2
"67941",1,2
"67943",1,2
"67951",1,2
"67113",1,2
"66800",1,2
"66808",1,2
"66802",1,2
"66961",1,2
"66962",1,2
"66963",1,2
"66803",1,2
"66953",1,2
"66701",1,2
"66711",1,2
"66704",1,2
"66703",1,2
"66700",1,2
"30003",2,3
"30011",2,3
"30605",1,3
"30606",1,3
"30045",1,3
"30808",1,3
"30800",1,3
"30911",1,3
"30801",1,3
"31935",2,3
"31933",2,3
"31937",2,3
"30603",2,3
"31700",1,3
"31914",1,3
"31600",1,3
"31912",1,3
"31104",1,3
"31913",1,3
"31200",1,3
"31112",1,3
"31924",1,3
"31931",1,3
"31922",1,3
"31921",1,3
"31925",1,3
"31926",1,3
"31146",1,3
"31145",1,3
"31300",1,3
"31103",1,3
"31301",1,3
"31302",1,3
"31105",1,3
"31303",1,3
"31115",1,3
"31121",1,3
"31114",1,3
"31131",2,3
"30014",1,3
"30006",1,3
"30005",1,3
"30007",1,3
"30109",1,3
"31500",1,3
"31501",1,3
"31124",1,3
"30300",1,3
"30027",1,3
"30025",1,3
"31403",1,3
"31401",1,3
"31400",1,3
"31402",1,3
"31404",1,3
"30916",1,3
"30917",1,3
"31902",1,3
"31122",1,3
"30002",1,3
"30001",1,3
"30013",2,3
"30014",2,3
"31915",1,3
"31917",1,3
"30601",1,3
"30602",1,3
"30600",1,3
"30004",2,3
"31008",1,3
"31141",1,3
"31000",1,3
"31142",1,3
"31111",1,3
"31903",1,3
"31009",1,3
"30201",1,3
"31101",1,3
"31117",1,3
"31138",1,3
"31135",1,3
"31113",2,3
"31134",1,3
"31901",1,3
"30100",1,3
"30108",1,3
"30604",2,3
"30912",1,3
"30913",1,3
"30914",1,3
"30044",1,3
"30400",1,3
"30408",1,3
"31143",2,3
"31144",2,3
"31800",1,3
"31801",1,3
"31911",2,3
"30016",2,3
"30200",1,3
"30015",1,3
"30000",1,3
"30041",1,3
"30008",1,3
"30042",1,3
"30500",1,3
"30012",1,3
"30508",1,3
"30026",1,3
"30032",1,3
"30043",1,3
"30509",1,3
"30024",1,3
"30023",1,3
"30035",2,3
"30700",1,3
"92700",2,1
"92702",2,1
"92500",1,1
"92506",1,1
"92400",1,1
"92023",1,1
"92408",1,1
"92021",1,1
"92902",1,1
"92025",1,1
"92913",2,1
"93901",2,1
"92914",2,1
"92204",1,1
"92203",1,1
"92202",1,1
"92200",1,1
"92208",1,1
"92205",1,1
"92201",1,1
"92911",1,1
"92912",1,1
"92003",1,1
"92181",1,1
"92011",1,1
"92000",1,1
"92180",1,1
"92009",1,1
"92031",1,1
"92001",1,1
"92008",1,1
"92013",1,1
"92002",1,1
"92082",1,1
"92312",2,1
"92300",1,1
"92309",1,1
"92308",1,1
"92301",1,1
"92303",1,1
"92917",2,1
"92916",2,1
"92918",2,1
"92608",1,1
"92600",1,1
"92603",1,1
"92921",1,1
"92601",1,1
"92922",1,1
"92602",1,1
"92901",1,1
"92311",1,1
"92312",1,1
"92188",1,1
"92100",1,1
"92705",2,1
"92703",2,1
"92803",2,1
"92706",2,1
"92704",2,1
"92503",2,1
"92504",2,1
"92501",2,1
"92505",2,1
"92502",2,1
"92714",1,1
"92712",1,1
"92713",1,1
"92903",2,1
"92904",2,1
"92002",2,1
"92800",1,1
"92802",1,1
"92923",1,1
"92723",1,1
"92721",1,1
"92722",1,1
"02883",2,4
"02874",1,4
"02875",1,4
"02876",1,4
"02871",1,4
"02873",1,4
"02500",1,4
"02831",1,4
"02503",1,4
"02501",1,4
"02502",1,4
"02801",1,4
"02832",1,4
"02941",2,4
"02879",2,4
"02888",2,4
"02852",2,4
"02853",2,4
"02851",2,4
"02100",1,4
"02108",1,4
"02908",1,4
"02911",1,4
"02907",1,4
"02906",1,4
"02902",1,4
"02101",1,4
"02901",1,4
"02931",1,4
"02932",1,4
"02903",1,4
"02935",1,4
"02933",1,4
"02934",1,4
"02102",1,4
"02109",1,4
"02912",1,4
"02905",1,4
"02904",1,4
"02705",2,4
"02704",2,4
"02822",2,4
"02706",2,4
"02856",2,4
"02843",2,4
"02844",2,4
"02842",2,4
"02600",1,4
"02604",1,4
"02603",1,4
"02601",1,4
"02945",2,4
"02862",2,4
"02863",2,4
"02864",2,4
"02400",1,4
"02401",1,4
"02402",1,4
"02403",1,4
"02800",1,4
"02878",1,4
"02881",1,4
"02887",1,4
"02886",1,4
"02885",1,4
"02865",2,4
"02866",2,4
"02854",2,4
"02824",1,4
"02700",1,4
"02701",1,4
"02823",1,4
"02702",1,4
"02826",1,4
"02821",1,4
"02825",1,4
"02703",1,4
"02001",1,4
"02003",1,4
"02000",1,4
"02008",1,4
"02841",1,4
"02004",1,4
"02002",1,4
"02827",1,4
"02868",1,4
"02869",1,4
"02861",1,4
"02867",1,4
"02857",1,4
"02955",2,4
"02403",2,4
"02956",2,4
"02957",2,4
"02882",2,4
"02200",1,4
"02201",1,4
"02202",1,4
"02311",1,4
"02317",1,4
"02300",1,4
"02304",1,4
"02301",1,4
"02943",1,4
"02944",1,4
"02313",1,4
"02315",1,4
"02942",1,4
"02308",1,4
"02811",2,4
"02922",1,4
"02833",2,4
"02834",2,4
"02835",2,4
"02005",2,4
"02923",2,4
"02925",2,4
"02006",1,4
"02007",1,4
"02884",2,4
"02805",1,4
"02804",1,4
"02807",1,4
"02803",1,4
"02806",1,4
"02836",2,4
"02008",2,4
"02813",2,4
"76123",2,5
"76122",2,5
"76121",2,5
"76927",1,5
"76926",1,5
"76929",1,5
"76925",1,5
"76800",1,5
"76916",1,5
"76600",2,5
"76903",2,5
"76602",2,5
"76124",1,5
"76300",1,5
"76301",1,5
"76200",1,5
"76302",1,5
"76107",2,5
"76106",2,5
"76108",2,5
"76700",1,5
"76904",1,5
"76914",1,5
"76801",1,5
"76911",1,5
"76915",1,5
"76131",2,5
"76923",1,5
"76924",1,5
"76109",1,5
"76921",1,5
"76143",2,5
"76144",2,5
"76141",2,5
"76400",2,5
"76000",1,5
"76180",1,5
"76103",1,5
"76101",1,5
"76104",1,5
"76117",1,5
"76901",1,5
"76114",1,5
"76116",1,5
"76115",1,5
"76146",2,5
"76902",2,5
"76500",1,5
"89954",1,5
"89956",1,5
"89952",1,5
"89955",1,5
"89953",1,5
"89917",1,5
"89916",1,5
"89911",1,5
"89176",2,5
"89177",2,5
"89400",1,5
"89406",1,5
"89405",1,5
"89403",1,5
"89407",1,5
"89412",1,5
"89413",1,5
"89411",1,5
"89401",1,5
"89192",2,5
"89316",2,5
"89922",1,5
"89923",1,5
"89924",1,5
"89931",1,5
"89932",1,5
"89933",1,5
"89925",1,5
"89105",1,5
"89106",1,5
"89104",1,5
"89103",1,5
"89600",1,5
"89921",1,5
"89525",1,5
"89527",1,5
"89528",1,5
"89524",1,5
"89526",1,5
"89183",2,5
"89182",2,5
"89181",2,5
"89904",1,5
"89902",1,5
"89901",1,5
"89903",1,5
"89905",1,5
"89927",1,5
"89000",1,5
"89112",1,5
"89208",1,5
"89115",1,5
"89111",1,5
"89102",1,5
"89101",1,5
"89114",1,5
"89113",1,5
"89300",1,5
"89311",1,5
"89123",1,5
"89301",1,5
"89985",1,5
"89302",1,5
"89316",1,5
"89162",2,5
"89161",2,5
"89312",2,5
"89315",2,5
"89314",2,5
"89323",2,5
"89324",2,5
"89942",1,5
"89943",1,5
"89951",1,5
"89945",1,5
"89966",1,5
"89965",1,5
"89964",1,5
"89963",1,5
"89944",1,5
"89800",1,5
"89702",1,5
"89107",1,5
"89701",1,5
"89703",1,5
"89109",1,5
"89325",2,5
"89326",2,5
"89700",1,5
"89711",1,5
"89936",1,5
"89802",1,5
"89712",1,5
"89713",1,5
"89934",1,5
"89935",1,5
"89801",1,5
"89137",2,5
"89000",2,5
"89009",2,5
"89914",2,5
"89912",2,5
"89913",2,5
"89915",2,5
"89136",2,5
"89131",1,5
"89134",1,5
"89132",1,5
"89973",2,5
"89983",2,5
"89518",2,5
"89521",2,5
"89517",2,5
"89522",2,5
"89500",1,5
"89514",1,5
"89502",1,5
"89919",1,5
"89614",1,5
"89501",1,5
"89613",1,5
"89612",1,5
"89515",1,5
"89611",1,5
"89615",1,5
"89616",1,5
"89918",1,5
"89511",1,5
"89512",1,5
"89415",2,5
"89422",2,5
"89424",2,5
"89417",2,5
"89425",2,5
"89421",2,5
"89418",2,5
"89423",2,5
"89426",2,5
"89976",1,5
"89975",1,5
"89974",1,5
"89971",1,5
"89983",1,5
"89972",1,5
"89986",1,5
"89982",1,5
"89941",1,5
"89981",1,5
"89984",1,5
"89121",1,5
"89946",1,5
"89401",2,5
"89404",2,5
"89403",2,5
"89171",2,5
"89174",2,5
"89152",2,5
"89151",2,5
"89153",2,5
"89433",2,5
"89436",2,5
"89434",2,5
"89435",2,5
"89191",2,5
"89142",2,5
"89143",2,5
"89144",2,5
"89431",2,5
"89432",2,5
"89193",2,5
"89962",2,5
"89961",2,5
"24303",2,3
"24300",1,3
"24302",1,3
"24308",1,3
"24301",1,3
"25211",1,3
"25300",1,3
"24304",1,3
"25100",1,3
"25208",1,3
"25108",1,3
"25700",1,3
"25913",1,3
"25003",2,3
"25006",2,3
"25004",2,3
"25005",2,3
"24001",2,3
"25400",1,3
"25912",1,3
"25409",1,3
"25408",1,3
"25911",1,3
"25800",2,3
"24800",1,3
"24700",1,3
"21500",1,3
"21000",1,3
"21008",1,3
"21600",1,3
"21100",1,3
"21200",1,3
"21300",1,3
"21400",1,3
"24301",2,3
"25700",2,3
"25902",2,3
"25001",1,3
"23802",1,3
"23801",1,3
"25901",2,3
"25008",1,3
"25000",1,3
"25002",1,3
"25608",1,3
"25500",2,3
"25202",1,3
"25201",1,3
"25203",1,3
"25301",2,3
"25802",2,3
"25801",2,3
"24200",1,3
"22500",1,3
"22700",1,3
"24108",1,3
"24100",1,3
"24000",1,3
"23500",1,3
"24500",1,3
"22108",1,3
"22100",1,3
"23600",1,3
"22200",1,3
"22300",1,3
"23300",1,3
"23400",1,3
"22600",1,3
"23200",1,3
"23100",1,3
"23108",1,3
"22060",1,3
"22000",1,3
"22061",1,3
"22062",1,3
"22081",1,3
"24408",1,3
"24600",1,3
"24400",1,3
"23000",1,3
"22400",1,3
"23700",1,3
"23908",1,3
"23800",1,3
"23803",1,3
"24001",1,3
"25903",2,3
"25200",1,3
"24900",1,3
"78400",1,5
"78402",1,5
"78157",2,5
"78121",2,5
"78126",2,5
"78124",2,5
"78125",2,5
"78123",2,5
"78142",1,5
"78200",1,5
"78905",1,5
"78146",1,5
"78144",1,5
"78145",1,5
"78164",2,5
"78080",1,5
"78009",1,5
"78000",1,5
"78108",1,5
"78100",1,5
"78008",1,5
"78151",1,5
"78101",1,5
"78181",1,5
"78180",1,5
"78102",1,5
"78132",1,5
"78103",1,5
"78131",1,5
"78152",1,5
"78156",1,5
"78154",1,5
"78153",1,5
"78919",2,5
"78917",2,5
"78708",2,5
"78136",2,5
"78171",1,5
"78168",1,5
"78167",1,5
"78172",1,5
"78913",2,5
"78914",2,5
"78300",1,5
"78115",2,5
"78116",2,5
"78119",2,5
"78117",2,5
"78118",2,5
"78113",2,5
"78137",2,5
"78903",2,5
"78901",2,5
"78902",2,5
"78904",2,5
"78803",2,5
"78912",2,5
"78600",2,5
"78603",2,5
"78605",2,5
"78707",1,5
"78712",1,5
"78706",1,5
"78711",1,5
"78700",1,5
"78701",1,5
"78715",1,5
"78713",1,5
"78716",1,5
"78714",1,5
"78800",1,5
"78807",1,5
"78802",1,5
"78806",1,5
"78501",1,5
"78500",1,5
"78134",2,5
"78133",2,5
"78135",2,5
"78111",1,5
"78704",1,5
"78703",1,5
"78705",1,5
"78702",1,5
"78173",2,5
"78174",2,5
"78502",2,5
"78504",2,5
"78505",2,5
"78162",2,5
"78506",2,5
"78507",2,5
"86300",1,5
"86328",1,5
"86314",1,5
"86321",1,5
"86312",1,5
"86172",1,5
"86173",1,5
"86323",1,5
"86322",1,5
"86324",1,5
"86319",1,5
"86317",1,5
"86315",1,5
"86311",1,5
"86165",1,5
"86301",1,5
"86163",1,5
"86164",1,5
"86603",1,5
"86400",1,5
"86401",1,5
"86804",2,5
"86954",2,5
"86955",2,5
"86963",2,5
"86953",2,5
"86962",2,5
"86922",1,5
"86926",1,5
"86924",1,5
"86923",1,5
"86928",1,5
"86903",2,5
"86946",2,5
"86948",2,5
"86800",1,5
"86808",1,5
"86802",2,5
"86601",1,5
"86161",1,5
"86937",1,5
"86936",1,5
"86602",1,5
"86131",2,5
"86912",1,5
"86113",1,5
"86116",1,5
"86114",1,5
"86112",1,5
"86911",2,5
"86146",2,5
"86132",2,5
"86111",1,5
"86964",2,5
"86209",1,5
"86008",1,5
"86000",1,5
"86100",1,5
"86180",1,5
"86121",1,5
"86155",1,5
"86101",1,5
"86141",1,5
"86142",1,5
"86152",1,5
"86153",1,5
"86122",2,5
"86133",2,5
"86134",2,5
"86701",1,5
"86700",1,5
"86702",1,5
"86914",2,5
"86915",2,5
"86922",2,5
"86924",2,5
"86147",2,5
"86144",2,5
"86807",2,5
"86901",2,5
"86501",2,5
"86109",2,5
"86108",2,5
"86124",2,5
"86803",2,5
"86925",2,5
"86912",2,5
"86325",2,5
"86326",2,5
"86800",2,5
"86801",2,5
"86916",2,5
"86918",2,5
"86500",1,5
"86902",1,5
"86154",1,5
"86805",2,5
"86956",2,5
"86927",2,5
"86934",1,5
"86905",1,5
"86143",1,5
"86906",1,5
"86932",1,5
"86904",1,5
"86931",1,5
"86105",1,5
"86104",1,5
"86103",1,5
"86106",1,5
"86135",2,5
"86137",2,5
"86139",2,5
"86138",2,5
"86136",2,5
"86942",1,5
"86608",1,5
"86946",1,5
"86600",1,5
"86951",1,5
"86952",1,5
"86961",1,5
"86947",1,5
"86945",1,5
"86944",1,5
"86943",1,5
"86806",2,5
"62302",1,2
"62301",1,2
"62300",1,2
"62303",1,2
"62311",1,2
"62912",1,2
"62008",1,2
"62000",1,2
"62009",1,2
"62002",1,2
"62003",1,2
"62014",1,2
"62013",1,2
"62913",1,2
"61003",2,2
"62604",2,2
"61001",1,2
"62108",1,2
"62100",1,2
"62101",1,2
"62102",1,2
"61913",2,2
"61911",1,2
"61902",1,2
"61300",2,2
"62202",2,2
"62911",2,2
"62203",2,2
"62204",2,2
"61003",1,2
"62931",1,2
"62932",1,2
"62700",1,2
"62934",1,2
"62935",1,2
"62702",1,2
"62925",1,2
"62701",1,2
"61283",1,2
"61282",1,2
"60114",1,2
"61208",1,2
"61280",1,2
"61281",1,2
"61284",1,2
"61200",1,2
"60113",1,2
"61309",1,2
"60509",1,2
"60500",1,2
"60508",1,2
"60282",1,2
"60200",1,2
"60209",1,2
"60208",1,2
"60284",1,2
"60280",1,2
"60281",1,2
"60283",1,2
"60300",1,2
"60381",1,2
"60384",1,2
"60388",1,2
"60101",1,2
"60380",1,2
"60383",1,2
"60382",1,2
"60181",1,2
"60100",1,2
"60184",1,2
"60183",1,2
"60182",1,2
"60180",1,2
"60483",1,2
"60480",1,2
"60482",1,2
"60481",1,2
"60400",1,2
"60409",1,2
"60408",1,2
"60488",1,2
"60484",1,2
"61580",1,2
"61000",1,2
"61600",1,2
"61581",1,2
"61583",1,2
"61582",1,2
"61011",1,2
"60682",1,2
"60683",1,2
"60684",1,2
"60111",1,2
"60609",1,2
"60112",1,2
"60600",1,2
"60680",1,2
"60681",1,2
"60608",1,2
"52004",1,2
"60080",1,2
"60082",1,2
"60081",1,2
"60084",1,2
"60000",1,2
"60083",1,2
"60088",1,2
"61683",1,2
"61682",1,2
"61684",1,2
"61680",1,2
"61508",1,2
"61681",1,2
"61500",1,2
"60102",1,2
"60103",1,2
"60104",1,2
"61509",1,2
"60105",1,2
"60781",1,2
"60700",1,2
"60780",1,2
"60784",1,2
"60782",1,2
"60783",1,2
"62408",1,2
"62501",1,2
"62500",1,2
"62409",1,2
"62401",1,2
"61914",2,2
"62602",1,2
"62600",1,2
"62922",1,2
"61700",1,2
"61708",1,2
"62200",1,2
"60107",1,2
"62903",1,2
"62901",1,2
"62902",1,2
"61800",2,2
"61902",2,2
"61100",1,2
"61002",2,2
"61912",2,2
"61482",1,2
"61483",1,2
"61481",1,2
"61308",1,2
"61400",1,2
"61480",1,2
"62922",2,2
"62924",2,2
"62923",2,2
"51000",2,2
"51081",2,2
"51808",1,2
"51801",1,2
"51914",1,2
"51813",1,2
"51802",1,2
"51800",1,2
"51811",1,2
"51814",1,2
"51917",1,2
"51102",1,2
"51105",1,2
"51104",1,2
"51505",1,2
"51600",1,2
"51611",1,2
"51700",1,2
"51905",1,2
"51608",1,2
"51906",1,2
"51901",1,2
"51902",1,2
"51911",1,2
"51957",2,2
"51958",2,2
"51934",2,2
"51932",2,2
"49808",2,2
"51012",2,2
"51013",2,2
"51945",1,2
"51944",1,2
"51942",1,2
"51943",1,2
"64713",1,2
"51946",1,2
"51954",1,2
"51108",1,2
"51100",1,2
"51109",1,2
"51101",1,2
"51111",1,2
"51516",1,2
"51514",1,2
"51513",1,2
"51500",1,2
"51508",1,2
"51921",1,2
"51502",1,2
"51515",1,2
"51517",1,2
"51523",1,2
"51524",1,2
"51501",1,2
"51521",1,2
"51511",1,2
"51512",1,2
"51503",2,2
"51952",2,2
"51953",2,2
"51601",2,2
"51613",2,2
"51615",2,2
"51614",2,2
"51602",2,2
"51804",1,2
"51806",1,2
"51805",1,2
"51807",1,2
"51924",2,2
"51925",2,2
"51926",2,2
"51936",1,2
"51938",1,2
"51934",1,2
"51939",1,2
"51937",1,2
"51702",1,2
"51707",1,2
"51705",1,2
"51706",1,2
"51704",1,2
"51308",1,2
"51300",1,2
"51002",1,2
"51311",1,2
"51903",1,2
"51927",2,2
"51931",2,2
"51928",2,2
"51929",2,2
"51921",2,2
"51922",2,2
"51904",2,2
"51102",2,2
"51423",1,2
"51401",1,2
"51400",1,2
"51411",1,2
"51408",1,2
"51412",1,2
"51403",1,2
"51003",1,2
"51526",1,2
"51422",1,2
"51525",1,2
"51531",1,2
"51421",1,2
"51535",1,2
"51533",1,2
"51532",1,2
"51534",1,2
"51621",2,2
"51612",2,2
"51209",1,2
"51000",1,2
"51080",1,2
"51008",1,2
"51280",1,2
"51009",1,2
"51211",1,2
"51212",1,2
"51213",1,2
"51001",1,2
"51203",1,2
"98105",1,4
"98104",1,4
"98103",1,4
"98608",1,4
"98600",1,4
"98621",1,4
"98601",1,4
"98625",1,4
"98602",1,4
"98711",1,4
"98623",1,4
"98624",1,4
"98712",1,4
"98613",1,4
"98611",1,4
"98603",1,4
"98924",1,4
"98115",1,4
"98142",2,4
"98143",2,4
"98144",2,4
"98915",2,4
"98909",2,4
"98800",1,4
"98802",1,4
"98808",1,4
"98806",1,4
"98805",1,4
"98809",1,4
"98801",1,4
"98803",1,4
"98722",1,4
"98723",1,4
"98951",1,4
"98954",1,4
"98948",1,4
"98953",1,4
"98956",1,4
"98945",1,4
"98720",1,4
"98721",1,4
"98725",1,4
"98967",1,4
"98955",1,4
"98125",2,4
"98121",2,4
"98123",2,4
"98124",2,4
"98122",2,4
"98102",2,4
"98607",2,4
"98804",2,4
"98700",2,4
"98942",2,4
"98913",2,4
"98112",1,4
"98912",2,4
"98136",2,4
"98622",2,4
"98961",1,4
"98964",1,4
"98941",1,4
"98963",1,4
"98944",1,4
"98943",1,4
"98968",1,4
"98969",1,4
"98962",1,4
"98713",1,4
"98135",2,4
"98101",2,4
"98932",1,4
"98000",1,4
"98109",1,4
"98008",1,4
"98931",1,4
"98934",1,4
"98202",1,4
"98061",1,4
"98060",1,4
"98131",1,4
"98180",1,4
"98132",1,4
"98300",1,4
"98308",1,4
"98509",1,4
"98200",1,4
"98208",1,4
"98111",1,4
"98400",1,4
"98408",1,4
"98916",2,4
"98917",2,4
"98508",2,4
"98500",2,4
"98905",2,4
"98906",2,4
"98141",2,4
"98500",1,4
"98501",1,4
"98902",1,4
"98911",1,4
"98907",1,4
"98901",1,4
"98508",1,4
"98134",2,4
"98132",2,4
"98703",1,4
"98705",1,4
"98947",1,4
"98604",1,4
"98709",1,4
"98707",1,4
"98706",1,4
"98946",1,4
"98704",1,4
"98133",1,4
"98701",2,4
"98702",2,4
"98923",2,4
"98922",2,4
"98921",2,4
"98908",2,4
"98907",2,4
"88013",2,5
"88943",1,5
"88941",1,5
"88942",1,5
"88212",2,5
"88204",2,5
"88203",2,5
"88300",1,5
"88911",1,5
"88301",1,5
"88302",1,5
"88906",2,5
"88913",2,5
"88401",2,5
"88600",1,5
"88601",1,5
"88602",1,5
"88011",2,5
"88012",2,5
"88800",1,5
"88935",1,5
"88802",1,5
"88933",1,5
"88919",2,5
"88311",2,5
"88909",2,5
"88312",2,5
"88303",2,5
"88500",1,5
"88945",1,5
"88511",1,5
"88501",1,5
"88502",1,5
"88513",1,5
"88512",1,5
"88946",1,5
"88918",1,5
"88023",1,5
"88008",1,5
"88022",1,5
"88021",1,5
"88923",1,5
"88003",1,5
"88000",1,5
"88921",1,5
"88009",1,5
"88002",1,5
"88001",1,5
"88917",1,5
"88916",1,5
"88313",2,5
"88314",2,5
"88700",1,5
"88925",1,5
"88931",1,5
"88701",1,5
"88932",1,5
"88924",1,5
"88114",2,5
"88113",2,5
"88208",1,5
"88200",1,5
"88903",1,5
"88201",1,5
"88202",1,5
"88905",1,5
"88901",1,5
"88101",1,5
"88100",1,5
"88111",1,5
"88112",1,5
"88316",2,5
"88304",2,5
"88914",2,5
"88211",2,5
"88216",2,5
"88214",2,5
"88944",2,5
"88400",2,5
"88912",2,5
"39503",2,1
"39505",2,1
"39504",2,1
"39956",2,1
"39915",2,1
"39916",2,1
"38616",2,1
"39011",2,1
"39982",1,1
"39971",1,1
"39983",1,1
"39981",1,1
"39975",2,1
"39976",2,1
"39977",2,1
"38700",1,1
"38908",1,1
"39102",1,1
"39100",1,1
"39103",1,1
"39901",2,1
"39100",2,1
"39902",2,1
"39993",2,1
"39992",2,1
"39101",2,1
"39506",2,1
"39500",1,1
"39925",1,1
"39926",1,1
"39914",1,1
"39501",1,1
"39924",1,1
"39508",1,1
"39922",1,1
"39502",1,1
"39912",1,1
"39913",1,1
"39937",2,1
"38922",1,1
"38926",1,1
"38924",1,1
"38923",1,1
"38912",2,1
"39986",2,1
"39972",2,1
"39973",2,1
"39602",1,1
"39603",1,1
"39601",1,1
"39600",1,1
"39604",1,1
"39606",1,1
"39944",1,1
"39945",1,1
"38901",2,1
"38414",2,1
"38923",2,1
"39700",2,1
"39701",2,1
"39703",2,1
"39961",2,1
"39962",2,1
"38412",2,1
"39941",1,1
"39942",1,1
"39943",1,1
"38400",1,1
"38408",1,1
"38411",2,1
"39933",2,1
"39985",2,1
"39015",1,1
"39003",1,1
"39008",1,1
"39974",1,1
"39012",1,1
"39011",1,1
"39900",1,1
"39002",1,1
"39016",1,1
"39017",1,1
"39014",1,1
"38413",2,1
"39945",2,1
"39946",2,1
"39943",2,1
"38902",2,1
"38100",1,1
"38009",1,1
"38122",1,1
"38008",1,1
"38143",1,1
"38880",1,1
"38123",1,1
"38124",1,1
"38127",1,1
"38141",1,1
"38911",1,1
"38132",1,1
"38131",1,1
"38112",1,1
"38101",1,1
"38606",2,1
"38607",2,1
"39953",2,1
"39938",2,1
"38300",1,1
"38921",1,1
"39507",2,1
"38925",2,1
"38926",2,1
"38102",2,1
"38133",2,1
"39400",1,1
"39955",2,1
"39973",1,1
"39800",1,1
"39991",1,1
"39935",2,1
"39702",2,1
"39996",2,1
"39994",2,1
"39995",2,1
"94983",2,1
"38927",2,1
"38906",2,1
"38500",1,1
"38403",1,1
"38404",1,1
"38421",1,1
"38406",1,1
"38422",1,1
"38406",2,1
"38405",2,1
"38407",2,1
"39921",2,1
"39300",2,1
"38913",2,1
"39907",1,1
"39963",1,1
"39906",1,1
"39964",1,1
"39200",1,1
"39201",1,1
"38200",1,1
"38622",1,1
"39511",2,1
"39931",2,1
"38208",2,1
"39103",2,1
"38423",2,1
"38422",2,1
"39904",2,1
"39905",2,1
"39906",2,1
"39912",2,1
"38905",1,1
"38904",1,1
"39932",2,1
"38600",1,1
"38604",1,1
"38601",1,1
"38611",1,1
"38615",1,1
"38614",1,1
"38605",1,1
"38603",1,1
"38612",1,1
"38613",1,1
"39013",2,1
"38104",2,1
"39918",2,1
"85303",1,5
"85307",1,5
"85300",1,5
"85305",1,5
"85302",1,5
"85321",1,5
"85304",1,5
"85306",1,5
"85324",1,5
"85322",1,5
"85937",2,5
"85938",2,5
"85939",2,5
"85955",1,5
"85958",1,5
"85951",1,5
"85953",1,5
"85957",1,5
"85948",1,5
"81153",1,5
"81157",1,5
"81151",1,5
"81152",1,5
"81154",1,5
"81155",1,5
"85400",1,5
"85903",1,5
"85411",1,5
"85401",1,5
"85901",1,5
"85904",1,5
"85402",1,5
"85936",2,5
"85945",1,5
"85943",1,5
"84804",1,5
"85947",1,5
"85923",1,5
"85925",1,5
"85924",1,5
"85922",1,5
"85921",1,5
"85926",1,5
"85915",1,5
"85111",1,5
"85280",1,5
"85123",1,5
"85281",1,5
"85000",1,5
"85009",1,5
"85008",1,5
"85103",1,5
"85102",1,5
"85101",1,5
"85122",1,5
"85124",1,5
"85104",1,5
"85132",1,5
"85131",1,5
"85105",1,5
"85113",1,5
"85112",1,5
"85700",1,5
"85121",2,5
"85747",2,5
"85608",1,5
"85600",1,5
"85724",1,5
"85135",1,5
"85723",1,5
"85722",1,5
"85731",1,5
"85733",1,5
"85134",1,5
"85133",1,5
"85725",1,5
"85748",1,5
"85749",1,5
"85712",1,5
"85708",1,5
"85809",1,5
"85704",1,5
"85932",1,5
"85961",1,5
"85711",1,5
"85701",1,5
"85931",1,5
"85732",1,5
"85962",1,5
"85964",1,5
"85934",1,5
"85963",1,5
"85703",2,5
"85500",1,5
"85508",1,5
"85914",1,5
"85744",2,5
"85741",2,5
"85333",2,5
"85323",2,5
"85742",2,5
"85331",2,5
"85745",2,5
"85746",2,5
"81700",1,5
"81701",1,5
"81702",1,5
"81715",1,5
"81716",1,5
"81712",1,5
"81722",1,5
"81717",1,5
"81723",1,5
"81713",1,5
"81704",1,5
"81711",1,5
"81703",1,5
"81705",1,5
"81714",1,5
"85911",1,5
"85405",1,5
"85403",1,5
"85913",1,5
"85404",1,5
"85406",1,5
"85912",1,5
"85407",1,5
"63911",2,2
"63910",2,2
"63401",2,2
"63704",1,2
"63700",1,2
"63806",1,2
"63701",1,2
"63702",1,2
"63923",1,2
"63922",1,2
"63600",2,2
"63609",2,2
"63324",2,2
"63323",2,2
"63601",2,2
"63001",1,2
"63002",1,2
"63937",2,2
"63902",2,2
"63902",1,2
"63400",1,2
"63408",1,2
"63921",1,2
"63935",2,2
"63936",2,2
"63603",2,2
"63602",2,2
"63500",2,2
"63508",2,2
"63802",2,2
"63313",2,2
"63083",1,2
"63201",1,2
"63108",1,2
"63012",1,2
"63021",1,2
"63100",1,2
"63082",1,2
"63081",1,2
"63080",1,2
"63084",1,2
"63011",1,2
"63000",1,2
"63202",1,2
"63023",1,2
"64803",2,2
"63704",2,2
"63800",2,2
"63808",2,2
"63931",2,2
"63300",1,2
"63301",1,2
"63608",2,2
"63938",2,2
"63312",2,2
"63501",2,2
"63803",2,2
"63805",2,2
"63804",2,2
"63200",1,2
"63715",2,2
"63711",2,2
"63712",2,2
"63716",2,2
"63713",2,2
"63714",2,2
"64715",2,2
"64712",2,2
"63322",1,2
"63302",1,2
"63321",1,2
"63304",1,2
"63303",1,2
"63910",1,2
"63911",1,2
"63500",1,2
"63000",2,2
"63022",2,2
"63023",2,2
"63934",2,2
"63933",2,2
"95945",2,1
"95946",2,1
"95944",2,1
"95943",2,1
"95922",1,1
"95921",1,1
"95919",1,1
"95920",1,1
"95800",2,1
"95916",1,1
"95918",1,1
"95917",1,1
"94100",1,1
"94901",1,1
"94905",1,1
"94912",1,1
"94913",1,1
"94903",1,1
"94904",1,1
"94943",2,1
"94200",1,1
"94401",1,1
"94301",1,1
"94202",1,1
"94308",1,1
"94203",1,1
"94304",1,1
"94300",1,1
"94917",1,1
"94923",1,1
"94916",1,1
"94306",1,1
"94204",1,1
"94205",1,1
"94934",1,1
"94935",1,1
"94302",1,1
"94303",1,1
"94931",1,1
"94201",1,1
"94211",1,1
"94212",1,1
"94933",1,1
"94932",1,1
"94305",1,1
"95913",1,1
"94503",2,1
"94508",1,1
"94500",1,1
"94501",1,1
"94936",1,1
"94502",1,1
"94937",1,1
"94511",1,1
"94512",1,1
"94514",1,1
"94513",1,1
"94504",1,1
"94515",1,1
"94941",1,1
"94942",1,1
"94964",1,1
"94973",1,1
"94963",1,1
"94965",1,1
"94972",1,1
"94966",1,1
"94971",1,1
"94967",1,1
"95400",1,1
"95401",1,1
"95939",1,1
"95931",1,1
"95802",1,1
"95808",1,1
"95934",1,1
"95800",1,1
"95936",1,1
"94403",1,1
"94922",1,1
"94400",1,1
"94402",1,1
"94921",1,1
"94000",1,1
"94020",1,1
"94002",1,1
"94945",1,1
"94008",1,1
"94001",1,1
"94954",1,1
"94023",1,1
"95402",1,1
"94011",1,1
"94021",1,1
"94953",1,1
"94952",1,1
"94975",1,1
"94987",1,1
"94024",1,1
"94951",1,1
"94025",1,1
"95901",1,1
"94702",1,1
"95608",1,1
"95600",1,1
"95601",1,1
"95180",1,1
"95000",1,1
"95181",1,1
"95009",1,1
"95001",1,1
"95011",1,1
"95008",1,1
"95033",1,1
"95031",1,1
"95002",1,1
"95003",1,1
"95013",1,1
"95014",1,1
"95012",1,1
"95020",1,1
"95021",1,1
"95022",1,1
"95904",1,1
"95300",1,1
"95301",1,1
"95905",1,1
"94700",1,1
"94701",1,1
"95215",1,1
"95200",1,1
"95213",1,1
"95234",1,1
"95208",1,1
"95207",1,1
"95203",1,1
"95212",1,1
"95202",1,1
"95222",1,1
"95206",1,1
"95216",1,1
"95231",1,1
"95204",1,1
"95221",1,1
"95235",1,1
"95201",1,1
"95232",1,1
"95205",1,1
"95214",1,1
"95500",1,1
"95911",1,1
"95501",1,1
"95508",1,1
"95701",2,1
"95932",2,1
"95924",1,1
"95703",1,1
"95700",1,1
"95923",1,1
"95702",1,1
"95704",1,1
"95925",1,1
"95915",2,1
"95927",1,1
"95928",1,1
"95926",1,1
"94215",1,1
"94985",1,1
"94800",1,1
"94801",1,1
"94984",1,1
"94802",1,1
"94803",1,1
"94986",1,1
"94213",1,1
"94214",1,1
"95912",1,1
"95902",1,1
"94982",2,1
"94981",2,1
"94600",1,1
"94602",1,1
"94603",1,1
"94601",1,1
"94974",1,1
"95903",2,1
"94961",2,1
"94962",2,1
"87400",1,5
"87408",1,5
"87409",1,5
"87955",1,5
"87971",1,5
"87962",1,5
"87964",1,5
"87963",1,5
"87973",1,5
"87966",1,5
"87967",1,5
"87968",1,5
"87972",1,5
"87969",1,5
"87974",1,5
"87212",1,5
"87906",1,5
"87211",1,5
"87907",1,5
"87908",1,5
"87915",2,5
"87215",2,5
"87701",1,5
"87941",1,5
"87942",1,5
"87700",1,5
"87712",1,5
"87713",1,5
"87711",1,5
"87702",1,5
"87703",1,5
"87300",1,5
"87913",1,5
"87909",1,5
"87948",2,5
"87947",2,5
"87946",2,5
"87949",2,5
"87302",1,5
"87303",1,5
"87305",1,5
"87306",1,5
"87214",1,5
"87216",1,5
"87213",1,5
"87304",1,5
"87944",2,5
"87945",2,5
"87943",2,5
"87100",1,5
"87101",1,5
"87901",1,5
"87902",1,5
"87104",1,5
"87107",1,5
"87102",1,5
"87103",1,5
"87008",1,5
"87001",1,5
"87002",1,5
"87009",1,5
"87003",1,5
"87000",1,5
"87975",1,5
"87011",1,5
"87922",1,5
"87012",1,5
"87978",1,5
"87977",1,5
"87921",1,5
"87624",1,5
"87622",1,5
"87623",1,5
"87600",1,5
"87615",1,5
"87608",1,5
"87932",1,5
"87933",1,5
"87934",1,5
"87611",1,5
"87612",1,5
"87613",1,5
"87931",1,5
"87602",1,5
"87601",1,5
"87614",1,5
"87926",1,5
"87621",1,5
"87800",1,5
"87801",1,5
"87961",1,5
"87802",1,5
"87805",1,5
"87804",1,5
"87924",1,5
"87925",1,5
"87205",1,5
"87207",1,5
"87208",1,5
"87206",1,5
"87200",1,5
"87911",1,5
"87204",1,5
"87203",1,5
"87904",1,5
"87903",1,5
"87201",1,5
"87905",1,5
"87500",1,5
"87502",1,5
"87503",1,5
"87954",1,5
"87951",1,5
"70908",1,5
"70124",1,5
"70125",1,5
"70907",1,5
"70122",1,5
"71901",1,5
"71401",1,5
"71902",1,5
"70500",1,5
"70902",1,5
"70501",1,5
"70132",1,5
"70903",1,5
"70103",2,5
"71414",1,5
"71500",1,5
"71421",1,5
"71422",1,5
"71423",1,5
"70803",2,5
"70804",2,5
"70807",2,5
"70805",2,5
"70806",2,5
"71400",1,5
"71403",1,5
"71611",2,5
"70926",2,5
"70924",2,5
"70925",2,5
"70923",2,5
"71615",2,5
"71612",2,5
"70936",2,5
"71000",1,5
"70101",1,5
"71001",1,5
"71109",1,5
"71008",1,5
"71280",1,5
"71002",1,5
"71381",1,5
"71011",1,5
"71013",1,5
"71614",1,5
"71700",1,5
"71931",1,5
"71707",1,5
"71704",1,5
"71932",1,5
"71701",1,5
"71705",1,5
"71706",1,5
"70700",1,5
"70704",1,5
"70942",1,5
"70126",1,5
"70702",1,5
"70701",1,5
"70937",2,5
"70934",2,5
"70815",2,5
"70813",2,5
"71800",1,5
"71928",1,5
"71936",1,5
"71802",1,5
"71925",1,5
"71935",1,5
"71927",1,5
"71926",1,5
"71801",1,5
"71938",1,5
"71937",1,5
"71803",1,5
"70705",2,5
"70481",1,5
"70382",1,5
"70906",1,5
"70000",1,5
"70009",1,5
"70008",1,5
"70114",1,5
"70112",1,5
"70111",1,5
"70116",1,5
"70121",1,5
"70115",1,5
"70113",1,5
"70921",1,5
"70931",1,5
"70280",1,5
"70102",1,5
"70912",1,5
"71903",2,5
"70142",1,5
"70143",1,5
"70145",1,5
"71702",2,5
"70943",2,5
"71911",1,5
"71012",1,5
"71913",1,5
"71600",1,5
"71613",1,5
"71921",1,5
"71924",1,5
"71603",1,5
"71601",1,5
"71923",1,5
"71602",1,5
"71922",1,5
"70600",1,5
"70602",1,5
"70601",1,5
"70603",1,5
"70808",1,5
"70800",1,5
"70812",1,5
"70939",1,5
"70811",1,5
"70946",1,5
"70904",2,5
"70905",2,5
"71412",2,5
"90137",2,5
"90401",2,5
"90122",1,5
"90413",2,5
"90111",2,5
"90512",2,5
"90505",2,5
"90507",2,5
"90703",1,5
"90700",1,5
"90704",1,5
"90702",1,5
"90103",1,5
"90506",2,5
"90402",2,5
"90412",2,5
"90139",2,5
"90123",2,5
"90131",2,5
"90514",2,5
"90515",2,5
"90138",2,5
"90600",1,5
"90604",1,5
"90605",1,5
"90602",1,5
"90601",1,5
"90603",1,5
"90502",2,5
"90511",1,5
"90500",1,5
"90516",1,5
"90522",1,5
"90521",1,5
"90308",1,5
"90101",1,5
"90000",1,5
"90200",1,5
"90124",2,5
"90504",2,5
"90106",1,5
"90114",1,5
"90112",1,5
"90115",1,5
"90301",2,5
"90513",2,5
"90421",1,5
"90400",1,5
"90404",2,5
"90700",2,5
"90714",2,5
"90715",2,5
"90713",2,5
"90712",2,5
"90711",2,5
"90717",2,5
"90606",2,5
"90135",2,5
"90102",1,5
"90136",2,5
"90121",1,5
"90411",1,5
"90422",1,5
"90423",1,5
"90424",1,5
"90104",2,5
"90105",2,5
"90403",2,5
"90113",2,5
"90718",2,5
"90134",2,5
"90133",2,5
"58500",2,2
"57400",1,2
"58300",1,2
"58308",1,2
"59902",1,2
"57708",1,2
"57700",1,2
"57980",1,2
"57809",1,2
"57311",1,2
"57300",1,2
"57301",1,2
"56700",1,2
"56800",1,2
"56708",1,2
"56300",1,2
"59400",1,2
"59411",1,2
"59500",1,2
"59800",1,2
"54900",1,2
"57100",1,2
"59700",1,2
"59701",1,2
"59004",1,2
"58200",1,2
"57600",1,2
"58600",1,2
"59608",1,2
"59601",1,2
"59600",1,2
"59004",2,2
"58000",1,2
"56200",1,2
"56302",1,2
"59903",2,2
"57000",1,2
"57208",1,2
"57200",1,2
"56303",2,2
"56301",2,2
"54560",1,2
"54500",1,2
"53500",1,2
"54000",1,2
"54200",1,2
"54100",1,2
"54061",1,2
"54060",1,2
"54062",1,2
"53900",1,2
"54063",1,2
"55300",1,2
"53700",1,2
"54600",1,2
"53300",1,2
"54700",1,2
"54400",1,2
"53600",1,2
"53000",1,2
"53160",1,2
"53100",1,2
"53161",1,2
"53060",1,2
"53061",1,2
"55400",1,2
"55200",1,2
"53400",1,2
"55600",1,2
"55000",1,2
"55700",1,2
"55500",1,2
"55900",1,2
"55800",1,2
"55100",1,2
"54300",1,2
"53800",1,2
"53200",1,2
"58900",1,2
"59981",1,2
"59900",1,2
"59180",1,2
"59100",1,2
"58700",1,2
"59001",1,2
"59982",1,2
"59283",1,2
"59383",1,2
"59300",1,2
"59009",1,2
"59000",1,2
"59008",1,2
"59005",1,2
"56600",1,2
"57500",1,2
"56508",1,2
"56400",1,2
"59500",2,2
"59508",2,2
"58300",2,2
"58309",2,2
"59800",2,2
"54900",2,2
"59200",1,2
"56900",1,2
"56910",1,2
"56911",1,2
"56908",1,2
"58400",1,2
"56000",1,2
"56108",1,2
"56302",2,2
"58100",1,2
"58108",1,2
"84400",2,5
"84941",2,5
"84714",2,5
"84801",1,5
"84800",1,5
"84942",1,5
"84952",1,5
"84901",2,5
"84201",1,5
"84200",1,5
"84202",1,5
"84932",1,5
"84700",1,5
"84708",1,5
"84701",1,5
"84931",1,5
"84712",1,5
"84703",1,5
"84704",1,5
"84711",1,5
"84951",1,5
"84715",1,5
"84913",1,5
"84102",2,5
"84905",2,5
"84011",2,5
"84500",1,5
"84903",1,5
"84921",2,5
"84909",1,5
"84000",1,5
"84902",1,5
"84008",1,5
"84022",1,5
"84005",1,5
"84203",1,5
"84021",1,5
"84002",1,5
"84900",1,5
"84911",2,5
"84912",2,5
"84904",2,5
"84300",1,5
"84302",1,5
"84922",1,5
"84923",1,5
"84301",1,5
"84600",1,5
"84916",2,5
"84100",1,5
"84914",1,5
"84303",1,5
"84200",2,5
"84201",2,5
"36200",1,3
"35100",1,3
"36919",1,3
"36918",1,3
"36800",1,3
"36915",1,3
"37015",1,3
"35400",1,3
"35600",1,3
"36608",1,3
"36911",1,3
"36600",1,3
"36912",1,3
"36902",1,3
"36100",1,3
"35700",1,3
"35702",1,3
"35701",1,3
"34800",1,3
"34901",1,3
"35003",2,3
"35012",1,3
"35503",2,3
"35500",1,3
"36700",1,3
"36702",1,3
"36208",2,3
"35800",1,3
"36702",2,3
"36703",2,3
"36903",2,3
"34400",1,3
"34401",1,3
"35011",1,3
"35008",1,3
"35000",1,3
"33400",1,3
"33308",1,3
"33200",1,3
"35001",2,3
"34700",1,3
"34911",1,3
"34701",1,3
"34912",1,3
"36400",1,3
"36901",1,3
"36500",1,3
"34300",1,3
"34308",1,3
"34600",1,3
"34002",1,3
"34601",1,3
"36000",1,3
"36008",1,3
"36002",1,3
"36001",1,3
"34301",2,3
"36914",2,3
"36916",2,3
"36701",2,3
"34100",1,3
"34508",2,3
"34500",2,3
"35400",2,3
"35004",2,3
"36913",2,3
"35508",2,3
"35200",1,3
"36801",2,3
"36802",2,3
"36300",1,3
"35502",2,3
"33060",1,3
"33000",1,3
"33800",1,3
"33900",1,3
"33108",1,3
"33609",1,3
"33600",1,3
"33700",1,3
"33100",1,3
"33008",1,3
"33808",1,3
"35002",1,3
"34001",1,3
"35013",1,3
"35300",1,3
"34902",1,3
"34000",1,3
"33500",1,3
"35911",1,3
"35900",1,3
"35022",1,3
"35101",1,3
"34008",1,3
"36800",2,3
"36912",2,3
"34200",1,3
"35501",2,3
"52913",2,2
"52912",2,2
"52701",1,2
"52915",1,2
"52702",1,2
"52700",1,2
"52112",1,2
"52914",1,2
"52200",1,2
"52911",1,2
"52111",1,2
"52202",1,2
"52916",2,2
"52034",1,2
"52800",1,2
"52033",1,2
"52918",1,2
"52802",1,2
"52032",1,2
"52031",1,2
"52202",2,2
"52500",1,2
"52100",1,2
"52102",1,2
"52103",1,2
"52400",1,2
"52401",1,2
"52402",1,2
"52602",1,2
"52600",1,2
"52601",1,2
"52608",1,2
"52901",1,2
"52904",1,2
"52905",1,2
"52903",1,2
"52902",1,2
"52907",1,2
"52113",1,2
"52300",1,2
"52308",1,2
"52021",1,2
"52008",1,2
"52000",1,2
"52005",1,2
"52001",1,2
"52022",1,2
"52002",1,2
"52003",1,2
"52030",1,2
"52025",2,2
"52203",2,2
"52016",1,2
"52011",1,2
"52014",1,2
"52015",1,2
"52018",1,2
"52012",1,2
"52911",2,2
"52024",1,2
"52023",1,2
"68404",2,5
"68401",2,5
"69944",1,5
"69500",1,5
"69501",1,5
"69928",1,5
"69945",1,5
"69941",1,5
"69931",1,5
"69942",1,5
"69713",1,5
"69700",1,5
"69703",1,5
"69702",1,5
"69701",1,5
"69933",1,5
"69932",1,5
"69712",1,5
"69705",1,5
"69704",1,5
"69711",1,5
"69032",2,5
"69035",2,5
"69034",2,5
"69033",2,5
"69300",1,5
"69908",1,5
"69100",1,5
"69305",1,5
"69302",1,5
"69301",1,5
"69907",1,5
"69909",1,5
"69906",1,5
"69905",1,5
"69600",2,5
"69612",2,5
"69822",1,5
"69800",1,5
"69937",1,5
"69936",1,5
"69951",1,5
"69821",1,5
"69804",1,5
"69935",1,5
"69802",1,5
"69812",1,5
"69000",1,5
"69002",1,5
"69008",1,5
"69001",1,5
"69011",1,5
"69004",1,5
"69003",1,5
"69902",1,5
"69901",1,5
"69012",1,5
"69013",1,5
"69015",1,5
"69021",1,5
"69904",1,5
"69014",1,5
"69946",2,5
"69947",2,5
"69607",2,5
"69611",2,5
"68403",2,5
"68402",2,5
"69400",1,5
"69404",1,5
"69922",1,5
"69402",1,5
"69403",1,5
"69925",1,5
"69923",1,5
"68500",2,5
"68504",2,5
"68503",2,5
"68501",2,5
"69915",2,5
"69918",2,5
"69919",2,5
"69916",2,5
"69914",2,5
"69917",2,5
"69601",2,5
"69605",2,5
"69603",2,5
"69706",2,5
"69606",2,5
"69602",2,5
"69604",2,5
"69943",2,5
"69956",2,5
"69952",2,5
"69911",1,5
"69913",1,5
"69912",1,5
"69914",1,5
"69024",1,5
"69025",1,5
"69026",1,5
"69023",1,5
"69028",1,5
"69027",1,5
"69200",1,5
"69203",1,5
"69202",1,5
"69204",1,5
"69206",1,5
"69207",1,5
"69955",2,5
"69953",2,5
"41300",1,1
"41301",1,1
"41609",1,1
"42133",1,1
"41700",1,1
"41708",1,1
"41902",1,1
"42600",1,1
"42111",1,1
"42602",1,1
"42601",1,1
"41801",1,1
"41800",1,1
"41903",1,1
"43700",1,1
"43701",1,1
"43711",1,1
"43713",1,1
"41200",1,1
"43138",1,1
"43139",1,1
"43133",1,1
"43137",1,1
"43200",1,1
"43134",1,1
"43135",1,1
"43136",1,1
"43141",1,1
"43706",1,1
"41303",2,1
"41304",2,1
"41400",1,1
"41302",1,1
"43800",1,1
"43802",1,1
"43808",1,1
"43801",1,1
"43712",1,1
"41032",1,1
"41025",1,1
"41024",1,1
"41033",1,1
"41021",1,1
"41023",1,1
"41022",1,1
"43600",1,1
"43714",1,1
"43603",1,1
"43602",1,1
"43601",1,1
"41901",2,1
"41100",2,1
"42803",2,1
"42804",2,1
"41305",2,1
"43900",1,1
"43715",1,1
"43104",1,1
"43103",1,1
"42104",1,1
"42105",1,1
"41036",2,1
"41503",2,1
"41501",2,1
"41505",2,1
"41108",1,1
"41100",1,1
"43702",2,1
"41109",2,1
"41035",2,1
"41000",1,1
"41008",1,1
"41003",1,1
"41001",1,1
"41002",1,1
"41034",1,1
"43716",1,1
"41013",2,1
"41014",2,1
"42700",1,1
"42800",1,1
"42702",1,1
"42701",1,1
"42801",1,1
"42802",1,1
"41307",1,1
"41500",1,1
"42008",1,1
"42123",1,1
"42113",1,1
"42009",1,1
"42000",1,1
"42200",1,1
"42122",1,1
"42114",1,1
"42121",1,1
"42805",1,1
"42112",1,1
"42408",1,1
"42401",1,1
"42400",1,1
"42403",1,1
"42409",1,1
"42404",1,1
"42402",1,1
"42131",1,1
"42132",1,1
"42280",1,1
"42101",1,1
"41011",1,1
"41012",1,1
"42500",1,1
"42102",1,1
"42103",2,1
"32600",1,3
"32603",1,3
"32608",1,3
"32601",1,3
"32942",1,3
"32133",2,3
"32134",2,3
"32905",2,3
"32906",2,3
"32200",1,3
"32203",1,3
"32205",1,3
"32111",1,3
"32202",1,3
"32201",1,3
"32204",1,3
"32802",1,3
"32141",2,3
"32142",2,3
"32102",2,3
"32143",1,3
"32144",1,3
"32145",1,3
"32135",2,3
"32137",2,3
"32136",2,3
"32406",2,3
"32405",2,3
"32934",2,3
"32932",2,3
"32503",2,3
"32500",2,3
"32105",1,3
"32106",1,3
"32928",1,3
"32500",1,3
"32931",1,3
"32927",1,3
"32501",1,3
"32929",1,3
"32115",1,3
"32112",1,3
"32114",1,3
"32126",1,3
"32125",1,3
"32128",1,3
"32123",1,3
"32124",1,3
"32127",1,3
"32113",1,3
"32116",1,3
"32901",2,3
"32402",1,3
"32400",1,3
"32404",1,3
"32300",1,3
"32902",1,3
"32308",1,3
"32301",1,3
"32914",1,3
"32913",1,3
"32700",1,3
"32705",1,3
"32701",1,3
"32708",1,3
"32703",1,3
"32702",1,3
"32904",1,3
"32905",1,3
"32923",2,3
"32922",2,3
"32924",2,3
"32125",2,3
"32912",2,3
"32800",1,3
"32943",1,3
"32801",1,3
"32944",1,3
"32206",1,3
"32311",1,3
"32903",1,3
"32008",1,3
"32104",1,3
"32103",1,3
"32121",1,3
"32109",1,3
"32911",1,3
"32101",1,3
"32000",1,3
"32132",1,3
"32100",1,3
"32915",1,3
"32921",1,3
"32925",1,3
"77112",2,5
"77914",1,5
"77400",1,5
"77151",1,5
"77915",1,5
"77417",1,5
"77911",1,5
"77912",1,5
"77916",1,5
"77917",1,5
"77117",1,5
"77114",1,5
"77116",1,5
"77115",1,5
"77947",2,5
"77125",2,5
"77932",2,5
"77901",2,5
"77502",2,5
"77504",2,5
"77501",2,5
"77503",2,5
"77505",2,5
"77113",2,5
"77145",2,5
"77132",2,5
"77134",2,5
"77133",2,5
"77143",2,5
"77102",2,5
"77300",1,5
"77700",1,5
"77936",1,5
"77703",1,5
"77121",1,5
"77937",1,5
"77923",2,5
"77921",2,5
"77948",1,5
"77800",1,5
"77852",1,5
"77801",1,5
"77951",1,5
"77802",1,5
"77123",1,5
"77953",1,5
"77954",1,5
"77500",2,5
"77152",2,5
"77154",2,5
"77153",2,5
"77161",2,5
"77155",2,5
"77163",2,5
"77164",2,5
"77165",2,5
"77200",1,5
"77103",1,5
"77903",1,5
"77902",1,5
"77141",2,5
"77080",1,5
"77009",1,5
"77008",1,5
"77000",1,5
"77101",1,5
"77142",1,5
"77931",1,5
"77111",1,5
"77941",2,5
"77943",2,5
"77944",2,5
"77600",1,5
"77935",1,5
"77933",1,5
"77934",1,5
"12308",1,3
"12100",1,3
"12000",1,3
"12108",1,3
"19708",1,3
"19001",1,3
"19600",1,3
"10017",2,3
"11600",1,3
"11200",1,3
"11300",1,3
"10068",1,3
"10000",1,3
"10200",1,3
"10100",1,3
"10069",1,3
"10063",1,3
"10061",1,3
"10066",1,3
"10067",1,3
"10070",1,3
"10065",1,3
"10064",1,3
"10062",1,3
"10060",1,3
"18200",1,3
"10360",1,3
"10300",1,3
"10400",1,3
"10361",1,3
"10460",1,3
"10461",1,3
"10462",1,3
"13300",1,3
"13400",1,3
"13200",1,3
"18300",1,3
"19700",1,3
"10014",2,3
"10016",2,3
"10015",2,3
"19200",1,3
"19308",1,3
"19203",1,3
"19309",1,3
"19209",1,3
"19201",1,3
"20500",1,3
"20300",1,3
"18900",1,3
"20700",1,3
"19100",1,3
"19001",2,3
"19002",2,3
"20600",1,3
"20608",1,3
"17500",1,3
"17400",1,3
"17300",1,3
"12500",1,3
"12400",1,3
"11400",1,3
"11500",1,3
"20400",1,3
"18700",1,3
"18400",1,3
"18500",1,3
"20100",1,3
"13500",1,3
"13600",1,3
"13560",1,3
"10006",2,3
"18600",1,3
"19400",1,3
"19500",1,3
"19402",1,3
"15300",1,3
"15200",1,3
"10013",2,3
"10760",1,3
"10500",1,3
"10700",1,3
"10761",1,3
"10763",1,3
"10762",1,3
"10600",1,3
"10562",1,3
"10800",1,3
"10575",1,3
"10860",1,3
"10861",1,3
"10862",1,3
"10569",1,3
"10560",1,3
"10863",1,3
"10660",1,3
"10662",1,3
"10661",1,3
"10571",1,3
"10572",1,3
"10570",1,3
"10573",1,3
"10574",1,3
"10555",1,3
"10564",1,3
"10563",1,3
"10551",1,3
"18100",1,3
"10011",2,3
"10012",2,3
"19012",2,3
"20800",1,3
"18000",1,3
"16500",1,3
"16400",1,3
"17700",1,3
"17900",1,3
"17600",1,3
"17800",1,3
"10004",2,3
"10005",2,3
"20200",1,3
"18800",1,3
"10022",2,3
"10021",2,3
"19802",2,3
"19801",2,3
"19800",2,3
"19800",1,3
"19801",1,3
"10001",2,3
"10002",2,3
"14500",1,3
"14600",1,3
"14300",1,3
"14400",1,3
"15600",1,3
"15400",1,3
"15700",1,3
"15800",1,3
"15500",1,3
"15060",1,3
"15000",1,3
"15100",1,3
"15062",1,3
"15061",1,3
"14160",1,3
"14000",1,3
"14200",1,3
"14100",1,3
"16200",1,3
"16900",1,3
"16208",1,3
"16000",1,3
"16100",1,3
"16313",1,3
"16308",1,3
"16315",1,3
"16311",1,3
"16302",1,3
"16306",1,3
"16307",1,3
"16305",1,3
"16310",1,3
"16304",1,3
"16309",1,3
"16360",1,3
"16061",1,3
"16314",1,3
"16600",1,3
"16700",1,3
"16800",1,3
"13100",1,3
"13000",1,3
"19000",1,3
"11100",1,3
"11000",1,3
"17000",1,3
"17100",1,3
"17060",1,3
"10003",2,3
"68914",2,5
"68932",2,5
"68931",2,5
"68933",2,5
"68935",2,5
"68945",2,5
"68951",2,5
"68941",2,5
"68942",2,5
"68922",2,5
"68921",2,5
"68100",2,5
"68944",2,5
"68923",2,5
"68925",2,5
"68209",1,5
"68200",1,5
"68206",1,5
"68208",1,5
"68204",1,5
"68201",2,5
"68203",2,5
"68303",2,5
"68302",2,5
"68952",2,5
"68955",2,5
"68956",2,5
"68400",1,5
"68000",1,5
"68008",1,5
"68011",1,5
"68009",1,5
"68014",1,5
"68902",1,5
"68905",1,5
"68012",1,5
"68911",1,5
"68903",1,5
"68001",1,5
"68002",1,5
"68080",1,5
"68904",1,5
"68901",1,5
"68913",1,5
"68912",1,5
"68007",2,5
"68004",2,5
"68003",2,5
"68005",2,5
"68006",2,5
"68300",1,5
"68302",1,5
"68935",1,5
"68308",1,5
"68301",1,5
"68934",1,5
"68207",2,5
"68907",2,5
"68906",2,5
"93907",2,1
"93801",2,1
"93002",2,1
"93500",1,1
"93503",1,1
"93502",1,1
"93504",1,1
"93501",1,1
"93903",1,1
"93400",1,1
"93302",1,1
"93300",1,1
"93902",1,1
"93904",1,1
"93003",2,1
"93004",2,1
"93608",2,1
"93800",1,1
"93808",1,1
"93801",1,1
"93802",1,1
"93608",1,1
"93600",1,1
"93919",1,1
"93917",1,1
"93915",1,1
"93916",1,1
"93918",1,1
"93202",1,1
"93925",1,1
"93203",1,1
"93906",2,1
"93200",1,1
"93201",1,1
"93208",1,1
"93309",1,1
"93308",1,1
"93303",1,1
"93301",1,1
"93911",1,1
"93912",1,1
"93901",1,1
"93014",2,1
"93032",2,1
"93013",2,1
"93913",1,1
"93914",1,1
"93980",1,1
"93982",1,1
"93008",1,1
"93009",1,1
"93981",1,1
"93900",1,1
"93000",1,1
"93922",1,1
"93921",1,1
"93013",1,1
"93014",1,1
"93183",1,1
"93001",1,1
"93012",1,1
"93022",1,1
"93184",1,1
"93927",1,1
"93926",1,1
"93935",1,1
"93923",1,1
"93924",1,1
"93021",1,1
"93905",1,1
"93700",1,1
"93708",1,1
"64903",1,2
"64904",1,2
"64300",2,2
"64303",2,2
"64301",2,2
"64306",2,2
"64308",2,2
"64305",2,2
"64400",1,2
"64913",1,2
"64800",1,2
"64972",1,2
"64912",2,2
"64913",2,2
"64412",2,2
"64411",2,2
"64914",2,2
"64505",2,2
"64915",2,2
"64402",2,2
"64962",1,2
"64011",1,2
"64200",1,2
"64901",1,2
"64004",1,2
"64921",2,2
"64971",2,2
"64014",2,2
"64802",2,2
"64011",2,2
"64012",2,2
"64013",2,2
"64964",1,2
"64965",1,2
"64966",1,2
"64961",1,2
"64013",1,2
"64716",2,2
"64804",2,2
"64801",2,2
"64941",2,2
"64942",2,2
"64944",2,2
"64945",2,2
"64935",2,2
"64936",2,2
"64400",2,2
"64500",2,2
"64502",2,2
"64953",2,2
"64951",2,2
"64954",2,2
"64712",1,2
"64700",1,2
"64711",1,2
"64922",2,2
"64925",2,2
"64603",2,2
"64923",2,2
"64926",2,2
"64931",2,2
"64611",1,2
"64600",1,2
"64613",1,2
"64602",1,2
"64614",1,2
"64601",1,2
"64612",1,2
"64717",1,2
"64503",1,2
"64505",1,2
"64504",1,2
"64082",1,2
"64080",1,2
"64100",1,2
"64963",1,2
"64003",1,2
"64084",1,2
"64001",1,2
"64083",1,2
"64081",1,2
"64000",1,2
"64911",2,2
"99015",2,4
"99014",2,4
"99013",2,4
"99946",2,4
"99937",1,4
"99906",2,4
"99904",2,4
"99911",2,4
"99935",2,4
"99931",1,4
"99932",1,4
"99954",2,4
"99901",2,4
"99206",2,4
"99902",2,4
"99903",2,4
"99953",2,4
"99956",2,4
"99955",2,4
"99713",2,4
"99962",2,4
"99961",2,4
"99500",1,4
"99502",1,4
"99501",1,4
"99300",1,4
"99004",2,4
"99922",1,4
"99204",1,4
"99205",1,4
"99007",2,4
"99942",1,4
"99944",1,4
"99943",1,4
"99945",1,4
"99011",2,4
"99012",2,4
"99108",2,4
"99913",2,4
"99914",2,4
"99915",2,4
"99912",2,4
"99941",2,4
"99945",2,4
"99603",2,4
"99602",2,4
"99100",1,4
"99005",1,4
"99800",1,4
"99967",1,4
"99808",1,4
"99968",1,4
"99982",1,4
"99977",1,4
"99981",1,4
"99801",1,4
"99984",1,4
"99802",1,4
"99952",2,4
"99600",1,4
"99951",1,4
"99601",1,4
"99207",2,4
"99208",2,4
"99977",2,4
"99966",2,4
"99921",2,4
"99203",2,4
"99202",2,4
"99400",1,4
"99401",1,4
"99963",2,4
"99964",2,4
"99968",2,4
"99712",1,4
"99708",1,4
"99976",1,4
"99700",1,4
"99707",1,4
"99703",1,4
"99974",1,4
"99706",1,4
"99704",1,4
"99972",1,4
"99711",1,4
"99705",1,4
"99975",1,4
"99971",1,4
"99973",1,4
"99701",1,4
"99702",1,4
"99966",1,4
"99024",1,4
"99023",1,4
"99021",1,4
"99000",1,4
"99022",1,4
"99008",1,4
"99933",1,4
"99003",2,4
"99200",1,4
"99201",1,4
"99215",1,4
"99212",1,4
"99213",1,4
"99214",1,4
"99211",1,4
"99984",2,4
"99983",2,4
"99985",2,4
"75936",2,5
"75935",2,5
"75806",2,5
"75931",1,5
"75800",1,5
"75801",1,5
"75803",1,5
"75932",1,5
"75802",1,5
"75301",1,5
"75937",1,5
"75805",1,5
"75934",1,5
"75933",1,5
"75404",1,5
"75936",1,5
"75807",1,5
"74301",1,5
"74300",1,5
"74211",2,5
"74712",1,5
"74708",1,5
"74700",1,5
"74701",1,5
"74711",1,5
"74203",1,5
"74000",1,5
"74003",1,5
"74204",1,5
"74100",1,5
"74009",1,5
"74007",1,5
"74008",1,5
"74006",1,5
"74005",1,5
"74014",1,5
"74012",1,5
"74214",2,5
"74400",1,5
"74402",1,5
"75922",1,5
"75921",1,5
"75923",1,5
"75406",1,5
"75405",1,5
"75006",1,5
"75403",1,5
"75402",1,5
"75401",1,5
"75946",1,5
"75945",1,5
"75947",1,5
"75941",1,5
"75942",1,5
"75944",1,5
"75938",1,5
"75608",1,5
"75600",1,5
"75700",1,5
"75108",1,5
"75000",1,5
"75209",1,5
"75011",1,5
"75002",1,5
"75003",1,5
"75966",1,5
"75963",1,5
"75004",1,5
"75965",1,5
"75952",1,5
"75951",1,5
"75953",1,5
"75955",1,5
"75961",1,5
"74500",1,5
"74508",1,5
"74501",1,5
"74506",1,5
"74503",1,5
"74600",1,5
"74601",1,5
"74502",1,5
"74504",1,5
"74706",1,5
"74505",1,5
"74511",1,5
"74221",2,5
"74228",2,5
"74227",2,5
"74226",2,5
"74225",2,5
"74229",2,5
"74223",2,5
"74215",2,5
"75500",1,5
"75901",1,5
"75413",1,5
"75501",1,5
"75508",1,5
"75702",1,5
"75902",1,5
"75704",1,5
"75502",1,5
"74000",2,5
"75411",1,5
"75408",1,5
"75300",1,5
"75302",1,5
"75308",1,5
"75412",1,5
"75913",1,5
"75912",1,5
"75916",1,5
"75914",1,5
"75915",1,5
"75400",1,5
"74702",1,5
"74705",1,5
"74704",1,5
"74703",1,5
"75303",1,5
"74200",1,5
"74901",1,5
"74213",1,5
"74202",1,5
"74201",1,5
"40938",1,1
"40015",1,1
"40202",2,1
"40937",1,1
"40600",1,1
"40500",1,1
"40608",1,1
"40006",2,1
"40005",2,1
"40103",2,1
"40300",1,1
"40927",2,1
"40801",1,1
"40703",1,1
"40800",1,1
"40803",1,1
"40802",1,1
"40915",1,1
"40936",2,1
"40932",2,1
"40011",1,1
"40001",1,1
"40000",1,1
"40008",1,1
"40012",1,1
"40400",1,1
"40913",1,1
"40912",1,1
"40402",1,1
"40902",2,1
"40901",2,1
"40004",1,1
"40002",1,1
"40003",1,1
"40931",2,1
"40933",2,1
"40929",2,1
"40925",2,1
"40934",2,1
"40924",2,1
"40921",2,1
"40923",2,1
"40922",2,1
"40700",1,1
"40701",1,1
"40702",1,1
"40300",2,1
"40105",2,1
"40906",1,1
"40905",1,1
"40100",1,1
"40938",2,1
"40903",2,1
"40200",1,1
"40901",1,1
"40102",1,1
