"zipcode","urbanity","region"
1067,1,1
1069,1,1
1097,1,1
1099,1,1
1108,1,1
1109,1,1
1127,1,1
1129,1,1
1139,1,1
1156,1,1
1157,1,1
1159,1,1
1169,1,1
1187,1,1
1189,1,1
1217,1,1
1219,1,1
1237,1,1
1239,1,1
1257,1,1
1259,1,1
1277,1,1
1279,1,1
1307,1,1
1309,1,1
1324,1,1
1326,1,1
1328,1,1
1445,2,1
1454,2,1
1458,2,1
1465,1,1
1468,3,1
1471,3,1
1477,3,1
1558,2,1
1561,3,1
1587,2,1
1589,2,1
1591,2,1
1594,3,1
1609,2,1
1612,3,1
1616,3,1
1619,3,1
1623,3,1
1640,2,1
1662,2,1
1665,3,1
1683,3,1
1689,2,1
1705,2,1
1723,3,1
1728,2,1
1731,3,1
1734,3,1
1737,3,1
1738,3,1
1744,2,1
1762,3,1
1768,3,1
1773,3,1
1774,3,1
1776,3,1
1778,3,1
1796,2,1
1809,2,1
1814,3,1
1816,3,1
1819,3,1
1824,3,1
1825,3,1
1829,3,1
1833,3,1
1844,2,1
1847,3,1
1848,3,1
1855,2,1
1877,2,1
1896,2,1
1900,2,1
1904,2,1
1906,3,1
1909,3,1
1917,2,1
1920,2,1
1936,3,1
1945,3,1
1968,2,1
1979,2,1
1983,2,1
1987,3,1
1990,3,1
1993,3,1
1994,3,1
1996,2,1
1998,3,1
2625,2,1
2627,3,1
2633,3,1
2681,2,1
2689,3,1
2692,2,1
2694,3,1
2699,3,1
2708,2,1
2727,2,1
2730,2,1
2733,3,1
2736,3,1
2739,2,1
2742,3,1
2747,3,1
2748,3,1
2763,2,1
2779,2,1
2782,2,1
2785,2,1
2788,2,1
2791,2,1
2794,2,1
2796,3,1
2797,3,1
2799,2,1
2826,1,1
2827,1,1
2828,1,1
2829,3,1
2894,3,1
2899,3,1
2906,2,1
2923,3,1
2929,3,1
2943,2,1
2953,2,1
2956,3,1
2957,2,1
2959,3,1
2977,2,1
2979,3,1
2991,2,1
2994,3,1
2997,3,1
2999,3,1
3042,1,1
3044,1,1
3046,1,1
3048,1,1
3050,1,1
3051,1,1
3052,1,1
3053,1,1
3054,1,1
3055,1,1
3058,3,1
3096,3,1
3099,3,1
3103,3,1
3116,3,1
3119,3,1
3130,2,1
3149,2,1
3159,3,1
3172,2,1
3185,3,1
3197,3,1
3205,2,1
3222,2,1
3226,3,1
3229,3,1
3238,2,1
3246,3,1
3249,3,1
3253,3,1
4103,1,1
4105,1,1
4107,1,1
4109,1,1
4129,1,1
4155,1,1
4157,1,1
4158,1,1
4159,1,1
4177,1,1
4178,1,1
4179,1,1
4205,1,1
4207,1,1
4209,1,1
4229,1,1
4249,1,1
4275,1,1
4277,1,1
4279,1,1
4288,1,1
4289,1,1
4299,1,1
4315,1,1
4316,1,1
4317,1,1
4318,1,1
4319,1,1
4328,1,1
4329,1,1
4347,1,1
4349,1,1
4356,1,1
4357,1,1
4416,2,1
4420,2,1
4425,2,1
4435,2,1
4442,2,1
4451,2,1
4463,2,1
4509,2,1
4519,3,1
4523,2,1
4539,2,1
4552,2,1
4564,2,1
4565,3,1
4567,3,1
4571,2,1
4575,3,1
4600,2,3
4603,2,3
4610,2,3
4613,3,3
4617,3,3
4618,3,3
4626,2,3
4639,3,3
4643,3,1
4651,3,1
4654,3,1
4668,2,1
4680,3,1
4683,2,1
4687,3,1
4703,3,1
4720,2,1
4736,2,1
4741,3,1
4746,3,1
4749,3,1
4758,2,1
4769,3,1
4774,3,1
4779,3,1
4808,2,1
4821,2,1
4824,2,1
4827,3,1
4828,2,1
4838,2,1
4849,2,1
4860,2,1
4861,2,1
4862,3,1
4874,3,1
4880,3,1
4886,3,1
4889,2,1
4895,3,1
4910,2,1
4916,2,1
4924,3,1
4928,3,1
4931,3,1
4932,3,1
4934,3,1
4936,3,1
4938,3,1
6108,1,1
6110,1,1
6112,1,1
6114,1,1
6116,1,1
6118,1,1
6120,1,1
6122,1,1
6124,1,1
6126,1,1
6128,1,1
6130,1,1
6132,1,1
6179,3,1
6184,3,1
6188,3,1
6193,3,1
6198,3,1
6217,2,1
6231,2,1
6237,3,1
6242,3,1
6246,3,1
6249,3,1
6255,3,1
6258,3,1
6259,3,1
6268,2,1
6279,3,1
6295,2,1
6308,2,1
6311,2,1
6313,2,1
6317,3,1
6333,2,1
6343,3,1
6347,3,1
6366,2,1
6369,3,1
6385,2,1
6386,3,1
6388,3,1
6406,2,1
6408,3,1
6420,3,1
6425,3,1
6429,3,1
6449,2,1
6456,3,1
6458,3,1
6463,3,1
6464,3,1
6466,3,1
6467,3,1
6469,3,1
6484,2,1
6485,2,1
6493,2,1
6502,2,1
6526,2,1
6528,3,1
6536,3,1
6537,3,1
6542,3,1
6543,3,1
6556,3,3
6567,2,3
6571,3,3
6577,3,3
6578,3,3
6618,2,1
6628,3,1
6632,3,1
6636,3,1
6638,3,1
6642,3,1
6647,3,1
6648,3,1
6667,2,1
6679,2,1
6682,3,1
6686,3,1
6688,2,1
6711,2,1
6712,2,1
6721,3,1
6722,3,1
6729,3,1
6749,3,1
6766,2,1
6772,2,1
6773,3,1
6774,3,1
6779,3,1
6780,3,1
6785,3,1
6792,3,1
6794,2,1
6796,2,1
6800,2,1
6803,3,1
6808,3,1
6809,2,1
6842,1,1
6844,2,1
6846,1,1
6847,1,1
6849,1,1
6861,1,1
6862,1,1
6868,3,1
6869,3,1
6886,2,1
6888,2,1
6889,2,1
6895,3,1
6901,3,1
6905,3,1
6917,3,1
6925,3,1
7318,2,3
7330,3,3
7333,2,3
7338,3,3
7343,3,3
7349,3,3
7356,3,3
7366,3,3
7368,3,3
7381,2,3
7387,3,3
7389,3,3
7407,2,3
7422,2,3
7426,3,3
7427,3,3
7429,3,3
7545,1,3
7546,1,3
7548,1,3
7549,1,3
7551,1,3
7552,1,3
7554,3,3
7557,2,3
7570,2,3
7580,3,3
7586,3,3
7589,3,3
7607,2,3
7613,3,3
7616,3,3
7619,3,3
7629,2,3
7639,2,3
7646,3,3
7743,1,3
7745,1,3
7747,1,3
7749,1,3
7751,2,3
7768,2,3
7774,3,3
7778,2,3
7806,2,3
7819,3,3
7907,2,3
7919,3,3
7922,3,3
7924,3,3
7926,3,3
7927,3,3
7929,3,3
7937,2,3
7950,3,3
7952,3,1
7955,3,3
7957,3,3
7958,3,3
7973,2,3
7980,3,3
7985,3,1
7987,3,3
8056,2,1
8058,1,1
8060,1,1
8062,1,1
8064,1,1
8066,1,1
8107,2,1
8112,2,1
8115,2,1
8118,3,1
8132,2,1
8134,3,1
8141,2,1
8144,3,1
8147,3,1
8209,2,1
8223,2,1
8228,2,1
8233,3,1
8236,2,1
8237,3,1
8239,3,1
8248,2,1
8258,3,1
8261,3,1
8262,3,1
8267,2,1
8280,2,1
8289,2,1
8294,2,1
8297,2,1
8301,2,1
8304,3,1
8309,3,1
8315,2,1
8321,2,1
8324,3,1
8328,3,1
8340,2,1
8344,2,1
8349,3,1
8352,2,1
8359,3,1
8371,2,1
8373,3,1
8393,2,1
8396,3,1
8412,2,1
8427,2,1
8428,3,1
8451,2,1
8459,2,1
8468,2,1
8485,3,1
8491,2,1
8496,3,1
8499,2,1
8523,1,1
8525,1,1
8527,1,1
8529,1,1
8538,3,1
8539,3,1
8541,3,1
8543,3,1
8547,1,1
8548,3,1
8606,2,1
8626,3,1
8645,3,1
8648,3,1
9111,1,1
9112,1,1
9113,1,1
9114,1,1
9116,1,1
9117,1,1
9119,1,1
9120,1,1
9122,1,1
9123,1,1
9125,1,1
9126,1,1
9127,1,1
9128,1,1
9130,1,1
9131,1,1
9212,2,1
9217,2,1
9221,2,1
9224,1,1
9228,1,1
9232,2,1
9235,2,1
9236,2,1
9241,3,1
9243,2,1
9244,3,1
9247,1,1
9249,2,1
9306,3,1
9322,3,1
9326,3,1
9328,3,1
9337,2,1
9350,2,1
9353,2,1
9355,2,1
9356,3,1
9366,2,1
9376,2,1
9380,2,1
9385,2,1
9387,3,1
9390,2,1
9392,2,1
9394,2,1
9399,2,1
9405,2,1
9419,2,1
9423,2,1
9427,2,1
9429,3,1
9430,3,1
9432,3,1
9434,2,1
9437,3,1
9439,2,1
9456,2,1
9465,2,1
9468,3,1
9471,3,1
9474,3,1
9477,3,1
9481,3,1
9484,3,1
9487,3,1
9488,3,1
9496,3,1
9509,3,1
9514,3,1
9518,3,1
9526,2,1
9544,3,1
9548,3,1
9557,2,1
9569,3,1
9573,3,1
9575,3,1
9577,3,1
9579,3,1
9599,2,1
9600,3,1
9603,3,1
9618,2,1
9619,3,1
9623,3,1
9627,3,1
9629,3,1
9633,3,1
9634,3,1
9638,3,1
9648,2,1
9661,2,1
9669,2,1
10115,1,1
10117,1,1
10119,1,1
10178,1,1
10179,1,1
10243,1,1
10245,1,1
10247,1,1
10249,1,1
10315,1,1
10317,1,1
10318,1,1
10319,1,1
10365,1,1
10367,1,1
10369,1,1
10405,1,1
10407,1,1
10409,1,1
10435,1,1
10437,1,1
10439,1,1
10551,1,1
10553,1,1
10555,1,1
10557,1,1
10559,1,1
10585,1,1
10587,1,1
10589,1,1
10623,1,1
10625,1,1
10627,1,1
10629,1,1
10707,1,1
10709,1,1
10711,1,1
10713,1,1
10715,1,1
10717,1,1
10719,1,1
10777,1,1
10779,1,1
10781,1,1
10783,1,1
10785,1,1
10787,1,1
10789,1,1
10823,1,1
10825,1,1
10827,1,1
10829,1,1
10961,1,1
10963,1,1
10965,1,1
10967,1,1
10969,1,1
10997,1,1
10999,1,1
12043,1,1
12045,1,1
12047,1,1
12049,1,1
12051,1,1
12053,1,1
12055,1,1
12057,1,1
12059,1,1
12099,1,1
12101,1,1
12103,1,1
12105,1,1
12107,1,1
12109,1,1
12157,1,1
12159,1,1
12161,1,1
12163,1,1
12165,1,1
12167,1,1
12169,1,1
12203,1,1
12205,1,1
12207,1,1
12209,1,1
12247,1,1
12249,1,1
12277,1,1
12279,1,1
12305,1,1
12307,1,1
12309,1,1
12347,1,1
12349,1,1
12351,1,1
12353,1,1
12355,1,1
12357,1,1
12359,1,1
12435,1,1
12437,1,1
12439,1,1
12459,1,1
12487,1,1
12489,1,1
12524,1,1
12526,1,1
12527,1,1
12529,2,1
12555,1,1
12557,1,1
12559,1,1
12587,1,1
12589,1,1
12619,1,1
12621,1,1
12623,1,1
12627,1,1
12629,1,1
12679,1,1
12681,1,1
12683,1,1
12685,1,1
12687,1,1
12689,1,1
13051,1,1
13053,1,1
13055,1,1
13057,1,1
13059,1,1
13086,1,1
13088,1,1
13089,1,1
13125,1,1
13127,1,1
13129,1,1
13156,1,1
13158,1,1
13159,1,1
13187,1,1
13189,1,1
13347,1,1
13349,1,1
13351,1,1
13353,1,1
13355,1,1
13357,1,1
13359,1,1
13403,1,1
13405,1,1
13407,1,1
13409,1,1
13435,1,1
13437,1,1
13439,1,1
13465,1,1
13467,1,1
13469,1,1
13503,1,1
13505,1,1
13507,1,1
13509,1,1
13581,1,1
13583,1,1
13585,1,1
13587,1,1
13589,1,1
13591,1,1
13593,1,1
13595,1,1
13597,1,1
13599,1,1
13627,1,1
13629,1,1
14050,1,1
14052,1,1
14053,1,1
14055,1,1
14057,1,1
14059,1,1
14089,1,1
14109,1,1
14129,1,1
14163,1,1
14165,1,1
14167,1,1
14169,1,1
14193,1,1
14195,1,1
14197,1,1
14199,1,1
14467,1,1
14469,1,1
14471,1,1
14473,1,1
14476,1,1
14478,1,1
14480,1,1
14482,1,1
14513,2,1
14532,2,1
14542,2,1
14547,3,1
14548,2,1
14550,3,1
14552,2,1
14554,3,1
14558,2,1
14612,2,1
14621,3,1
14624,2,1
14641,2,1
14656,2,1
14662,3,1
14669,3,1
14712,2,1
14715,3,1
14727,2,1
14728,3,1
14770,2,1
14772,1,1
14774,1,1
14776,1,1
14778,2,1
14789,2,1
14793,3,1
14797,3,1
14798,3,1
14806,2,1
14822,3,1
14823,3,1
14827,3,1
14828,3,1
14913,2,1
14929,3,1
14943,2,1
14947,3,1
14959,3,1
14974,2,1
14979,2,1
15230,1,1
15232,1,1
15234,1,1
15236,3,1
15295,3,1
15299,3,1
15306,3,1
15320,3,1
15324,3,1
15326,3,1
15328,3,1
15344,2,1
15345,2,1
15366,2,1
15370,2,1
15374,3,1
15377,3,1
15378,2,1
15517,2,1
15518,2,1
15526,3,1
15528,3,1
15537,2,1
15562,2,1
15566,2,1
15569,2,1
15711,2,1
15712,2,1
15713,2,1
15732,2,1
15738,2,1
15741,2,1
15745,2,1
15746,3,1
15748,3,1
15749,3,1
15754,3,1
15755,3,1
15757,3,1
15806,3,1
15827,2,1
15831,2,1
15834,2,1
15837,3,1
15838,3,1
15848,2,1
15859,2,1
15864,3,1
15868,3,1
15890,2,1
15898,3,1
15907,2,1
15910,3,1
15913,3,1
15926,3,1
15936,3,1
15938,3,1
16225,2,1
16227,2,1
16230,3,1
16244,3,1
16247,3,1
16248,3,1
16259,2,1
16269,3,1
16278,2,1
16303,2,1
16306,3,1
16307,3,1
16321,2,1
16341,2,1
16348,3,1
16356,2,1
16359,3,1
16515,2,1
16540,2,1
16547,2,1
16548,2,1
16552,2,1
16556,2,1
16559,3,1
16562,2,1
16567,2,1
16727,2,1
16761,2,1
16766,3,1
16767,2,1
16775,3,1
16792,2,1
16798,3,1
16816,2,1
16818,3,1
16827,2,1
16831,3,1
16833,3,1
16835,3,1
16837,3,1
16845,3,1
16866,2,1
16868,3,1
16909,2,1
16928,2,1
16945,3,1
16949,3,1
17033,2,1
17034,1,1
17036,1,1
17039,3,1
17087,3,1
17089,3,1
17091,3,1
17094,3,1
17098,3,1
17099,3,1
17109,2,1
17111,3,1
17121,3,1
17126,3,1
17129,3,1
17139,2,1
17153,3,1
17154,3,1
17159,3,1
17166,2,1
17168,3,1
17179,3,1
17192,2,1
17194,3,1
17207,3,1
17209,3,1
17213,3,1
17214,3,1
17217,3,1
17219,3,1
17235,2,1
17237,3,1
17248,3,1
17252,3,1
17255,3,1
17258,3,1
17268,2,1
17279,3,1
17291,2,1
17309,2,1
17321,3,1
17322,3,1
17326,3,1
17328,3,1
17329,3,1
17335,3,1
17337,3,1
17348,3,1
17349,3,1
17358,2,1
17367,3,1
17373,2,1
17375,2,1
17379,3,1
17389,2,1
17390,3,1
17391,3,1
17392,3,1
17398,3,1
17406,3,1
17419,3,1
17424,3,1
17429,3,1
17438,2,1
17440,3,1
17449,3,1
17454,3,1
17459,3,1
17489,2,1
17491,1,1
17493,1,1
17495,3,1
17498,3,1
17506,3,1
17509,3,1
18055,1,1
18057,1,1
18059,3,1
18069,2,1
18106,1,1
18107,2,1
18109,1,1
18119,1,1
18146,1,1
18147,1,1
18181,3,1
18182,2,1
18184,2,1
18190,3,1
18195,3,1
18196,3,1
18198,2,1
18209,2,1
18211,3,1
18225,2,1
18230,3,1
18233,3,1
18236,3,1
18239,3,1
18246,2,1
18249,3,1
18258,3,1
18273,2,1
18276,3,1
18279,3,1
18292,3,1
18299,3,1
18311,2,1
18314,3,1
18317,3,1
18320,3,1
18334,3,1
18337,3,1
18347,3,1
18356,2,1
18374,3,1
18375,3,1
18435,1,1
18437,1,1
18439,2,1
18442,3,1
18445,2,1
18461,3,1
18465,3,1
18469,3,1
18507,2,1
18510,3,1
18513,3,1
18516,3,1
18519,3,1
18528,2,1
18546,2,1
18551,3,1
18556,3,1
18565,3,1
18569,3,1
18573,3,1
18574,3,1
18581,3,1
18586,3,1
18609,3,1
19053,1,1
19055,1,1
19057,1,1
19059,1,1
19061,1,1
19063,1,1
19065,2,1
19067,3,1
19069,3,1
19071,3,1
19073,2,1
19075,3,1
19077,3,1
19079,3,1
19086,3,1
19089,3,1
19205,3,1
19209,3,1
19217,3,1
19230,2,1
19243,3,1
19246,3,1
19249,3,1
19258,2,1
19260,3,1
19273,3,3
19288,2,1
19294,3,1
19300,3,1
19303,3,1
19306,2,1
19309,3,1
19322,2,1
19336,3,1
19339,3,1
19348,2,1
19357,3,1
19370,2,1
19372,3,1
19374,3,1
19376,3,1
19386,3,1
19395,3,1
19399,3,1
19406,3,1
19412,3,1
19417,3,1
20038,1,3
20095,1,3
20097,1,3
20099,1,3
20144,1,3
20146,1,3
20148,1,3
20149,1,3
20249,1,3
20251,1,3
20253,1,3
20255,1,3
20257,1,3
20259,1,3
20354,1,3
20355,1,3
20357,1,3
20359,1,3
20457,1,3
20459,1,3
20535,1,3
20537,1,3
20539,1,3
21029,1,3
21031,1,3
21033,1,3
21035,1,3
21037,1,3
21039,2,3
21073,1,3
21075,1,3
21077,1,3
21079,1,3
21107,1,3
21109,1,3
21129,1,3
21147,1,3
21149,1,3
21217,2,3
21218,2,3
21220,2,3
21224,2,3
21227,3,3
21228,3,3
21244,2,3
21255,2,3
21256,3,3
21258,3,3
21259,3,3
21261,3,3
21266,2,3
21271,2,3
21272,3,3
21274,3,3
21279,3,3
21335,1,3
21337,1,3
21339,1,3
21354,3,3
21357,2,3
21358,3,3
21360,2,3
21365,2,3
21368,3,3
21369,3,3
21371,3,3
21376,2,3
21379,3,3
21380,3,3
21382,3,3
21385,3,3
21386,3,3
21388,3,3
21391,2,3
21394,3,3
21395,2,3
21397,3,3
21398,3,3
21400,3,3
21401,3,3
21403,3,3
21406,3,3
21407,3,3
21409,3,3
21423,2,3
21435,2,3
21436,2,3
21438,3,3
21439,3,3
21441,3,3
21442,3,3
21444,3,3
21445,3,3
21447,3,3
21449,3,3
21465,1,3
21481,2,3
21483,3,3
21493,2,3
21502,2,3
21509,2,3
21514,2,3
21516,3,3
21521,2,3
21522,2,3
21524,3,3
21526,3,3
21527,3,3
21529,2,3
21614,2,3
21629,1,3
21635,2,3
21640,2,3
21641,3,3
21643,3,3
21644,3,3
21646,3,3
21647,3,3
21649,3,3
21680,2,3
21682,2,3
21683,2,3
21684,3,3
21698,2,3
21702,3,3
21706,3,3
21709,3,3
21710,3,3
21712,3,3
21714,3,3
21717,3,3
21720,2,3
21723,3,3
21726,3,3
21727,3,3
21729,3,3
21730,3,3
21732,3,3
21734,3,3
21737,3,3
21739,3,3
21745,2,3
21755,3,3
21756,3,3
21762,2,3
21763,3,3
21765,3,3
21769,3,3
21770,3,3
21772,3,3
21775,3,3
21776,3,3
21781,3,3
21782,3,3
21785,3,3
21787,3,3
21789,3,3
22041,1,3
22043,1,3
22045,1,3
22047,1,3
22049,1,3
22081,1,3
22083,1,3
22085,1,3
22087,1,3
22089,1,3
22111,1,3
22113,2,3
22115,1,3
22117,1,3
22119,1,3
22143,1,3
22145,3,3
22147,1,3
22149,1,3
22159,1,3
22175,1,3
22177,1,3
22179,1,3
22297,1,3
22299,1,3
22301,1,3
22303,1,3
22305,1,3
22307,1,3
22309,1,3
22335,1,3
22337,1,3
22339,1,3
22359,1,3
22391,1,3
22393,1,3
22395,1,3
22397,1,3
22399,1,3
22415,1,3
22417,1,3
22419,1,3
22453,1,3
22455,1,3
22457,1,3
22459,1,3
22523,1,3
22525,1,3
22527,1,3
22529,1,3
22547,1,3
22549,1,3
22559,1,3
22587,1,3
22589,1,3
22605,1,3
22607,1,3
22609,1,3
22761,1,3
22763,1,3
22765,1,3
22767,1,3
22769,1,3
22844,2,3
22846,1,3
22848,2,3
22850,2,3
22851,2,3
22869,2,3
22880,2,3
22885,2,3
22889,3,3
22926,2,3
22927,2,3
22929,3,3
22941,2,3
22946,2,3
22949,1,3
22952,3,3
22955,2,3
22956,3,3
22958,3,3
22959,3,3
22961,2,3
22962,2,3
22964,3,3
22965,3,3
22967,3,3
22969,3,3
23539,1,3
23552,1,3
23554,1,3
23556,1,3
23558,1,3
23560,1,3
23562,1,3
23564,1,3
23566,1,3
23568,1,3
23569,1,3
23570,1,3
23611,2,3
23617,2,3
23619,2,3
23623,3,3
23626,2,3
23627,2,3
23628,3,3
23629,2,3
23669,2,3
23683,2,3
23684,2,3
23689,2,3
23701,2,3
23714,2,3
23715,3,3
23717,3,3
23719,3,3
23730,2,3
23738,3,3
23743,3,3
23744,3,3
23746,3,3
23747,3,3
23749,3,3
23758,2,3
23769,3,3
23774,2,3
23775,3,3
23777,3,3
23779,3,3
23795,2,3
23812,2,3
23813,3,3
23815,3,3
23816,3,3
23818,3,3
23820,3,3
23821,3,3
23823,3,3
23824,3,3
23826,3,3
23827,3,3
23829,3,3
23843,2,3
23845,2,3
23847,2,3
23858,2,3
23860,3,3
23863,3,3
23866,2,3
23867,3,3
23869,3,3
23879,2,3
23881,3,3
23883,3,3
23896,3,3
23898,3,3
23899,3,3
23909,2,3
23911,2,3
23919,3,3
23923,2,1
23936,2,1
23942,3,1
23946,3,1
23948,3,1
23952,2,1
23966,3,1
23968,2,1
23970,3,1
23972,3,1
23974,3,1
23992,3,1
23996,3,1
23999,3,1
24103,1,3
24105,1,3
24106,1,3
24107,2,3
24109,2,3
24111,1,3
24113,2,3
24114,1,3
24116,1,3
24118,1,3
24119,2,3
24143,1,3
24145,1,3
24146,1,3
24147,1,3
24148,1,3
24149,1,3
24159,1,3
24161,2,3
24211,2,3
24214,2,3
24217,3,3
24220,2,3
24222,2,3
24223,2,3
24226,2,3
24229,2,3
24232,2,3
24235,2,3
24238,3,3
24239,3,3
24241,3,3
24242,3,3
24244,3,3
24245,3,3
24247,2,3
24248,2,3
24250,3,3
24251,2,3
24253,3,3
24254,3,3
24256,3,3
24257,3,3
24259,3,3
24306,2,3
24321,2,3
24326,3,3
24327,3,3
24329,3,3
24340,2,3
24351,3,3
24354,3,3
24357,3,3
24358,3,3
24360,3,3
24361,3,3
24363,3,3
24364,3,3
24366,3,3
24367,3,3
24369,3,3
24376,2,3
24392,3,3
24395,3,3
24398,3,3
24399,2,3
24401,3,3
24402,3,3
24404,3,3
24405,3,3
24407,3,3
24409,3,3
24534,1,3
24536,3,3
24537,1,3
24539,1,3
24558,2,3
24568,2,3
24576,2,3
24582,2,3
24589,2,3
24594,3,3
24598,2,3
24601,3,3
24610,2,3
24613,3,3
24616,3,3
24619,3,3
24620,2,3
24622,3,3
24623,3,3
24625,3,3
24626,3,3
24628,3,3
24629,2,3
24631,3,3
24632,3,3
24634,2,3
24635,3,3
24637,3,3
24638,3,3
24640,3,3
24641,3,3
24643,3,3
24644,3,3
24646,3,3
24647,3,3
24649,3,3
24768,2,3
24782,2,3
24783,2,3
24784,2,3
24787,2,3
24790,2,3
24791,3,3
24793,3,3
24794,2,3
24796,3,3
24797,3,3
24799,3,3
24800,3,3
24802,3,3
24803,3,3
24805,3,3
24806,3,3
24808,3,3
24809,2,3
24811,3,3
24813,2,3
24814,3,3
24816,3,3
24817,3,3
24819,3,3
24837,2,3
24848,2,3
24850,2,3
24852,3,3
24855,3,3
24857,2,3
24860,3,3
24861,3,3
24863,3,3
24864,3,3
24866,2,3
24867,2,3
24869,3,3
24870,3,3
24872,3,3
24873,3,3
24876,3,3
24878,3,3
24879,3,3
24881,3,3
24882,3,3
24884,3,3
24885,3,3
24887,3,3
24888,3,3
24890,3,3
24891,3,3
24893,3,3
24894,3,3
24896,3,3
24897,3,3
24899,3,3
24937,1,3
24939,1,3
24941,1,3
24943,1,3
24944,1,3
24955,2,3
24960,2,3
24963,2,3
24966,3,3
24969,3,3
24972,3,3
24975,3,3
24976,3,3
24977,3,3
24980,3,3
24983,3,3
24986,3,3
24988,3,3
24989,3,3
24991,3,3
24992,3,3
24994,3,3
24996,3,3
24997,3,3
24999,2,3
25335,1,3
25336,2,3
25337,2,3
25348,2,3
25355,2,3
25358,3,3
25361,3,3
25364,3,3
25365,2,3
25368,2,3
25370,3,3
25371,3,3
25373,3,3
25376,3,3
25377,3,3
25379,3,3
25421,2,3
25436,2,3
25451,2,3
25462,2,3
25469,2,3
25474,2,3
25479,2,3
25482,2,3
25485,3,3
25486,3,3
25488,3,3
25489,3,3
25491,3,3
25492,2,3
25494,2,3
25495,2,3
25497,2,3
25499,3,3
25524,2,3
25541,2,3
25548,2,3
25551,2,3
25554,2,3
25557,3,3
25560,3,3
25563,2,3
25566,3,3
25569,3,3
25572,3,3
25573,3,3
25575,3,3
25576,3,3
25578,3,3
25579,3,3
25581,3,3
25582,3,3
25584,3,3
25585,3,3
25587,3,3
25588,2,3
25590,3,3
25591,3,3
25593,3,3
25594,3,3
25596,3,3
25597,3,3
25599,3,3
25693,3,3
25704,2,3
25709,2,3
25712,3,3
25715,3,3
25718,3,3
25719,3,3
25721,3,3
25724,3,3
25725,3,3
25727,3,3
25729,3,3
25746,2,3
25761,2,3
25764,3,3
25767,3,3
25770,3,3
25774,3,3
25776,3,3
25779,3,3
25782,3,3
25785,3,3
25786,3,3
25788,3,3
25791,3,3
25792,3,3
25794,3,3
25795,3,3
25797,3,3
25799,3,3
25813,2,3
25821,2,3
25826,3,3
25832,3,3
25836,3,3
25840,3,3
25842,3,3
25845,3,3
25849,3,3
25850,3,3
25852,3,3
25853,3,3
25855,3,3
25856,3,3
25858,3,3
25859,3,3
25860,3,3
25862,3,3
25863,3,3
25864,3,3
25866,2,3
25867,3,3
25869,3,3
25870,3,3
25872,3,3
25873,3,3
25876,3,3
25878,3,3
25879,3,3
25881,3,3
25882,3,3
25884,3,3
25885,3,3
25887,3,3
25889,3,3
25899,2,3
25917,2,3
25920,3,3
25923,3,3
25924,3,3
25926,3,3
25927,3,3
25938,2,3
25946,3,3
25980,2,3
25992,3,3
25996,2,3
25997,3,3
25999,3,3
26105,1,3
26121,1,3
26122,1,3
26123,1,3
26125,1,3
26127,1,3
26129,1,3
26131,1,3
26133,1,3
26135,1,3
26160,2,3
26169,3,3
26180,2,3
26188,2,3
26197,3,3
26203,2,3
26209,2,3
26215,3,3
26219,2,3
26316,2,3
26340,2,3
26345,2,3
26349,3,3
26382,2,3
26384,1,3
26386,1,3
26388,1,3
26389,1,3
26409,3,3
26419,2,3
26427,2,3
26434,3,3
26441,2,3
26446,3,3
26452,3,3
26465,3,3
26474,3,3
26486,3,3
26487,3,3
26489,3,3
26506,2,3
26524,2,3
26529,2,3
26532,3,3
26548,2,3
26553,3,3
26556,3,3
26571,3,3
26579,3,3
26603,2,3
26605,2,3
26607,2,3
26624,2,3
26629,3,3
26632,3,3
26639,3,3
26655,2,3
26670,3,3
26676,2,3
26683,3,3
26689,3,3
26721,2,3
26723,2,3
26725,2,3
26736,3,3
26757,3,3
26759,2,3
26789,2,3
26802,2,3
26810,2,3
26817,3,3
26826,2,3
26831,3,3
26835,2,3
26842,2,3
26844,3,3
26845,3,3
26847,3,3
26849,3,3
26871,2,3
26892,2,3
26897,3,3
26899,3,3
26901,3,3
26903,3,3
26904,3,3
26906,3,3
26907,3,3
26909,3,3
26919,2,3
26931,2,3
26935,3,3
26936,3,3
26937,3,3
26939,3,3
26954,2,3
26969,3,3
27211,2,3
27232,2,3
27239,2,3
27243,2,3
27245,3,3
27246,3,3
27248,3,3
27249,3,3
27251,3,3
27252,3,3
27254,3,3
27257,3,3
27259,3,3
27283,2,3
27299,2,3
27305,3,3
27308,3,3
27313,3,3
27318,3,3
27321,3,3
27324,3,3
27327,3,3
27330,3,3
27333,3,3
27336,3,3
27337,3,3
27339,3,3
27356,2,3
27367,3,3
27374,3,3
27383,2,3
27386,3,3
27389,3,3
27404,2,3
27412,3,3
27419,2,3
27432,2,3
27442,3,3
27446,3,3
27449,3,3
27472,2,3
27474,2,3
27476,2,3
27478,2,3
27498,3,3
27499,1,3
27568,1,3
27570,1,3
27572,1,3
27574,1,3
27576,1,3
27578,1,3
27580,1,3
27607,3,3
27612,2,3
27616,3,3
27619,2,3
27624,3,3
27628,3,3
27639,3,3
27711,2,3
27721,2,3
27726,3,3
27729,2,3
27749,1,3
27751,2,3
27753,2,3
27755,2,3
27777,2,3
27793,2,3
27798,2,3
27801,3,3
27804,3,3
27809,2,3
28195,1,3
28197,1,3
28199,1,3
28201,1,3
28203,1,3
28205,1,3
28207,1,3
28209,1,3
28211,1,3
28213,1,3
28215,1,3
28217,1,3
28219,1,3
28237,1,3
28239,1,3
28259,1,3
28277,1,3
28279,1,3
28307,1,3
28309,1,3
28325,1,3
28327,1,3
28329,1,3
28355,1,3
28357,1,3
28359,1,3
28717,1,3
28719,1,3
28755,1,3
28757,1,3
28759,1,3
28777,1,3
28779,1,3
28790,2,3
28816,2,3
28832,2,3
28844,2,3
28857,2,3
28865,2,3
28870,3,3
28876,2,3
28879,3,3
29221,2,3
29223,1,3
29225,1,3
29227,1,3
29229,1,3
29303,2,3
29308,2,3
29313,2,3
29320,3,3
29323,2,3
29328,3,3
29331,2,3
29336,2,3
29339,2,3
29342,3,3
29345,2,3
29348,3,3
29351,3,3
29352,3,3
29353,2,3
29355,3,3
29356,3,3
29358,3,3
29359,3,3
29361,3,3
29362,3,3
29364,3,3
29365,3,3
29367,3,3
29369,3,3
29378,3,3
29379,3,3
29386,3,3
29389,3,3
29392,3,3
29393,3,3
29394,3,3
29396,3,3
29399,3,3
29410,2,1
29413,3,1
29416,3,1
29439,2,3
29451,3,3
29456,3,3
29459,3,3
29462,3,3
29465,3,3
29468,3,3
29471,3,3
29472,3,3
29473,3,3
29475,3,3
29476,3,3
29478,3,3
29479,3,3
29481,3,3
29482,3,3
29484,3,3
29485,3,3
29487,3,3
29488,3,3
29490,3,3
29491,3,3
29493,3,3
29494,3,3
29496,3,3
29497,3,3
29499,3,3
29525,2,3
29549,2,3
29553,3,3
29556,3,3
29559,3,3
29562,3,3
29565,3,3
29571,3,3
29574,3,3
29575,3,3
29576,3,3
29578,3,3
29579,3,3
29581,3,3
29582,3,3
29584,3,3
29585,3,3
29587,3,3
29588,3,3
29590,3,3
29591,3,3
29593,3,3
29594,3,3
29597,3,3
29599,3,3
29614,2,3
29633,2,3
29640,2,3
29643,3,3
29646,3,3
29649,3,3
29664,2,3
29683,2,3
29690,2,3
29693,3,3
29699,2,3
30159,1,3
30161,1,3
30163,1,3
30165,1,3
30167,1,3
30169,1,3
30171,1,3
30173,1,3
30175,1,3
30177,1,3
30179,1,3
30419,1,3
30449,1,3
30451,1,3
30453,1,3
30455,1,3
30457,1,3
30459,1,3
30519,1,3
30521,1,3
30539,1,3
30559,1,3
30625,1,3
30627,1,3
30629,1,3
30655,1,3
30657,1,3
30659,1,3
30669,2,3
30823,2,3
30826,2,3
30827,2,3
30851,2,3
30853,2,3
30855,2,3
30880,2,3
30890,2,3
30900,2,3
30916,2,3
30926,2,3
30938,2,3
30952,2,3
30966,2,3
30974,2,3
30982,2,3
30989,2,3
31008,2,3
31020,3,3
31028,3,3
31036,3,3
31061,2,3
31073,3,3
31079,3,3
31084,3,3
31089,3,3
31134,1,3
31135,1,3
31137,1,3
31139,1,3
31141,1,3
31157,2,3
31162,2,3
31167,2,3
31171,2,3
31174,3,3
31177,2,3
31180,2,3
31185,3,3
31188,3,3
31191,3,3
31195,3,3
31199,2,3
31224,2,3
31226,2,3
31228,2,3
31234,3,3
31241,2,3
31246,2,3
31249,3,3
31275,2,3
31303,2,3
31311,2,3
31319,2,3
31515,2,3
31535,3,3
31542,2,3
31547,3,3
31552,2,3
31553,3,3
31555,2,3
31556,3,3
31558,3,3
31559,2,3
31582,2,3
31592,3,3
31595,3,3
31600,3,3
31603,3,3
31604,3,3
31606,3,3
31608,3,3
31609,3,3
31613,3,3
31618,3,3
31619,3,3
31621,3,3
31622,3,3
31623,2,3
31626,2,3
31627,2,3
31628,3,3
31629,3,3
31632,3,3
31633,3,3
31634,3,3
31636,3,3
31637,3,3
31638,3,3
31655,2,3
31675,2,3
31683,2,3
31688,2,3
31691,2,3
31693,2,3
31698,3,3
31699,2,3
31700,3,3
31702,3,3
31707,2,3
31708,2,3
31710,2,3
31711,3,3
31712,3,3
31714,3,3
31715,3,3
31717,3,3
31718,3,3
31719,3,3
31737,2,3
31749,3,3
31785,2,3
31787,2,3
31789,2,3
31812,2,3
31832,3,3
31840,3,3
31848,3,3
31855,3,3
31860,3,3
31863,3,3
31867,2,3
31868,3,3
32049,2,3
32051,2,3
32052,2,3
32105,2,3
32107,2,3
32108,2,3
32120,2,3
32130,2,3
32139,2,3
32257,2,3
32278,2,3
32289,3,3
32312,2,3
32339,2,3
32351,3,3
32361,3,3
32369,3,3
32423,2,3
32425,2,3
32427,2,3
32429,2,3
32457,2,3
32469,3,3
32479,3,3
32545,2,3
32547,2,3
32549,2,3
32584,2,3
32602,2,3
32609,2,3
32657,2,3
32676,3,3
32683,3,3
32689,3,3
32694,3,3
32699,3,3
32756,2,3
32758,2,3
32760,2,3
32791,2,3
32805,2,3
32816,3,3
32825,2,3
32832,2,3
32839,2,3
33014,2,3
33034,2,3
33039,3,3
33098,1,3
33100,1,3
33102,1,3
33104,1,3
33106,1,3
33129,3,3
33142,3,3
33154,3,3
33161,2,3
33165,3,3
33175,2,3
33178,2,3
33181,3,3
33184,2,3
33189,2,3
33330,1,3
33332,2,3
33333,2,3
33334,2,3
33335,2,3
33378,2,3
33397,3,3
33415,2,3
33428,2,3
33442,2,3
33449,2,3
33602,1,3
33604,1,3
33605,1,3
33607,1,3
33609,1,3
33611,1,3
33613,1,3
33615,1,3
33617,1,3
33619,1,3
33647,1,3
33649,1,3
33659,1,3
33689,1,3
33699,1,3
33719,1,3
33729,1,3
33739,1,3
33758,2,3
33775,2,3
33790,2,3
33803,2,3
33813,2,3
33818,2,3
33824,2,3
33829,3,3
34117,1,3
34119,1,3
34121,1,3
34123,1,3
34125,1,3
34127,1,3
34128,1,3
34130,1,3
34131,1,3
34132,1,3
34134,1,3
34212,2,3
34225,2,3
34233,2,3
34246,2,3
34253,2,3
34260,2,3
34266,2,3
34270,2,3
34277,2,3
34281,2,3
34286,3,3
34289,3,3
34292,2,3
34295,3,3
34298,3,3
34302,2,3
34305,3,3
34308,3,3
34311,3,3
34314,3,3
34317,3,3
34320,3,3
34323,3,3
34326,3,3
34327,3,3
34329,3,3
34346,2,3
34355,3,3
34359,2,3
34369,2,3
34376,3,3
34379,3,3
34385,3,3
34388,3,3
34393,3,3
34396,3,3
34399,3,3
34414,3,3
34431,3,3
34434,3,3
34439,3,3
34454,2,3
34466,2,3
34471,3,3
34474,3,3
34477,3,3
34479,3,3
34497,2,3
34508,3,3
34513,3,3
34516,3,3
34519,3,3
34537,2,3
34549,3,3
34560,2,3
34576,2,3
34582,3,3
34587,2,3
34590,3,3
34593,3,3
34596,3,3
34599,3,3
34613,3,3
34621,3,3
34626,3,3
34628,3,3
34630,3,3
34632,3,3
34633,3,3
34637,3,3
34639,3,3
35037,2,3
35039,1,3
35041,1,3
35043,1,3
35066,2,3
35075,2,3
35080,3,3
35083,3,3
35085,3,3
35088,3,3
35091,3,3
35094,3,3
35096,2,3
35099,3,3
35102,3,3
35104,3,3
35108,2,3
35110,3,3
35112,3,3
35114,3,3
35116,3,3
35117,3,3
35119,3,3
35216,2,3
35232,3,3
35236,3,3
35239,3,3
35260,2,3
35274,2,3
35279,2,3
35282,3,3
35285,3,3
35287,3,3
35288,3,3
35305,2,3
35315,3,3
35321,3,3
35325,3,3
35327,3,3
35329,3,3
35390,1,3
35392,1,3
35394,1,3
35396,1,3
35398,1,3
35410,3,3
35415,2,3
35418,2,3
35423,2,3
35428,2,3
35435,2,3
35440,2,3
35444,2,3
35447,3,3
35452,2,3
35457,2,3
35460,2,3
35463,3,3
35466,3,3
35469,3,3
35510,2,3
35516,3,3
35519,2,3
35576,1,3
35578,2,3
35579,1,3
35580,1,3
35581,1,3
35582,1,3
35583,1,3
35584,1,3
35585,1,3
35586,1,3
35606,2,3
35614,2,3
35619,2,3
35625,2,3
35630,2,3
35633,2,3
35638,3,3
35641,3,3
35644,3,3
35647,2,3
35649,3,3
35683,2,3
35684,3,3
35685,3,3
35686,3,3
35687,3,3
35688,3,3
35689,3,3
35690,3,3
35708,2,3
35713,2,3
35716,2,3
35719,2,3
35745,2,3
35753,3,3
35756,2,3
35759,3,3
35764,2,3
35767,3,3
35768,3,3
35781,2,3
35789,3,3
35792,2,3
35794,3,3
35796,3,3
35799,3,3
36037,2,3
36039,1,3
36041,1,3
36043,1,3
36088,2,3
36093,2,3
36100,2,3
36103,2,3
36110,3,3
36115,3,3
36119,3,3
36124,3,3
36129,3,3
36132,3,3
36137,3,3
36142,3,3
36145,3,3
36148,3,3
36151,3,3
36154,3,3
36157,3,3
36160,3,3
36163,3,3
36166,3,3
36167,3,3
36169,3,3
36179,2,3
36199,2,3
36205,3,3
36208,3,3
36211,3,3
36214,3,3
36217,3,3
36219,3,3
36251,2,3
36266,3,3
36269,3,3
36272,3,3
36275,3,3
36277,3,3
36280,3,3
36282,2,3
36284,3,3
36286,3,3
36287,3,3
36289,3,3
36304,2,3
36318,3,3
36320,3,3
36323,3,3
36325,3,3
36326,3,3
36329,3,3
36341,2,3
36355,3,3
36358,3,3
36364,3,3
36367,3,3
36369,3,3
36381,2,3
36391,3,3
36396,3,3
36399,3,3
36404,3,3
36414,3,3
36419,3,3
36433,2,3
36448,2,3
36452,3,3
36456,3,3
36457,3,3
36460,3,3
36466,3,3
36469,3,3
37073,1,3
37075,1,3
37077,1,3
37079,1,3
37081,1,3
37083,1,3
37085,1,3
37115,2,3
37120,2,3
37124,2,3
37127,3,3
37130,3,3
37133,3,3
37136,3,3
37139,3,3
37154,2,3
37170,3,3
37176,3,3
37181,3,3
37186,3,3
37191,3,3
37194,3,3
37197,3,3
37199,3,3
37213,3,3
37214,3,3
37215,3,3
37216,3,3
37217,3,3
37218,3,3
37235,2,3
37242,2,3
37247,3,3
37249,3,3
37269,2,3
37276,3,3
37281,3,3
37284,3,3
37287,3,3
37290,3,3
37293,3,3
37296,3,3
37297,3,3
37299,3,3
37308,2,3
37318,3,3
37327,2,3
37339,3,3
37345,3,3
37351,3,3
37355,3,3
37359,3,3
37412,2,3
37431,2,3
37434,3,3
37441,2,3
37444,3,3
37445,3,3
37520,2,3
37539,3,3
37574,2,3
37581,2,3
37586,3,3
37589,3,3
37603,2,3
37619,3,3
37620,3,3
37627,3,3
37632,3,3
37633,3,3
37635,3,3
37639,3,3
37640,3,3
37642,3,3
37643,3,3
37647,3,3
37649,3,3
37671,2,3
37688,2,3
37691,3,3
37696,3,3
37697,2,3
37699,3,3
38100,1,3
38102,1,3
38104,1,3
38106,1,3
38108,1,3
38110,1,3
38112,1,3
38114,1,3
38116,1,3
38118,1,3
38120,1,3
38122,1,3
38124,1,3
38126,1,3
38154,2,3
38159,2,3
38162,3,3
38165,3,3
38170,3,3
38173,3,3
38176,3,3
38179,2,3
38226,2,3
38228,1,3
38229,1,3
38239,1,3
38259,1,3
38268,2,3
38271,3,3
38272,3,3
38274,3,3
38275,3,3
38277,3,3
38279,3,3
38300,2,3
38302,2,3
38304,2,3
38312,2,3
38315,3,3
38319,3,3
38321,3,3
38322,3,3
38324,3,3
38325,3,3
38327,3,3
38329,3,3
38350,2,3
38364,2,3
38368,3,3
38372,2,3
38373,3,3
38375,3,3
38376,3,3
38378,3,3
38379,3,3
38381,3,3
38382,3,3
38384,3,3
38387,3,3
38440,1,3
38442,1,3
38444,1,3
38446,1,3
38448,1,3
38458,2,3
38459,3,3
38461,2,3
38462,3,3
38464,3,3
38465,3,3
38467,3,3
38468,3,3
38470,3,3
38471,2,3
38473,3,3
38474,3,3
38476,3,3
38477,3,3
38479,3,3
38486,3,1
38489,3,1
38518,2,3
38524,3,3
38527,3,3
38528,3,3
38530,2,3
38531,3,3
38533,3,3
38536,3,3
38539,3,3
38542,3,3
38543,3,3
38547,2,3
38550,2,3
38551,3,3
38553,2,3
38554,3,3
38556,3,3
38557,3,3
38559,3,3
38640,2,3
38642,2,3
38644,2,3
38667,2,3
38678,2,3
38685,3,3
38690,2,3
38700,3,3
38704,3,3
38707,3,3
38709,2,3
38723,2,3
38729,3,3
38820,2,1
38822,3,1
38828,3,1
38829,3,1
38835,3,1
38836,3,1
38838,3,1
38855,2,1
38871,2,1
38875,3,1
38877,3,1
38879,2,1
38889,2,1
38895,2,1
38899,3,1
39104,1,1
39106,1,1
39108,1,1
39110,1,1
39112,1,1
39114,1,1
39116,1,1
39118,1,1
39120,1,1
39122,1,1
39124,1,1
39126,1,1
39128,1,1
39130,1,1
39164,3,1
39167,3,1
39171,3,1
39175,2,1
39179,2,1
39217,2,1
39218,2,1
39221,3,1
39240,2,1
39245,3,1
39249,3,1
39261,2,1
39264,3,1
39279,3,1
39288,2,1
39291,3,1
39307,2,1
39317,3,1
39319,3,1
39326,2,1
39340,2,1
39343,3,1
39345,3,1
39356,3,1
39359,3,1
39365,3,1
39387,2,1
39393,3,1
39397,3,1
39418,2,1
39435,3,1
39439,3,1
39443,2,1
39444,3,1
39446,2,1
39448,3,1
39517,3,1
39524,3,1
39539,3,1
39576,2,1
39579,3,1
39590,2,1
39596,3,1
39606,3,1
39615,3,1
39619,3,1
39624,3,1
39628,3,1
39629,3,1
39638,3,1
39646,3,1
39649,3,1
40210,1,1
40211,1,1
40212,1,1
40213,1,3
40215,1,3
40217,1,3
40219,1,3
40221,1,3
40223,1,3
40225,1,3
40227,1,3
40229,1,3
40231,1,3
40233,1,3
40235,1,3
40237,1,3
40239,1,3
40468,1,3
40470,1,3
40472,1,3
40474,1,3
40476,1,3
40477,1,3
40479,1,3
40489,1,3
40545,1,3
40547,1,3
40549,1,3
40589,1,3
40591,1,3
40593,1,3
40595,1,3
40597,1,3
40599,1,3
40625,1,3
40627,1,3
40629,1,3
40667,2,3
40668,2,3
40670,2,3
40699,2,3
40721,1,3
40723,2,3
40724,2,3
40764,1,3
40789,2,3
40822,2,3
40878,1,3
40880,2,3
40882,2,3
40883,2,3
40885,2,3
41061,1,3
41063,1,3
41065,1,3
41066,1,3
41068,1,3
41069,1,3
41169,1,3
41179,1,3
41189,1,3
41199,1,3
41236,1,3
41238,1,3
41239,1,3
41334,2,3
41352,2,3
41363,2,3
41366,2,3
41372,2,3
41379,2,3
41460,1,3
41462,1,3
41464,1,3
41466,1,3
41468,1,3
41469,1,3
41470,1,3
41472,1,3
41515,2,3
41516,2,3
41517,2,3
41539,2,3
41540,2,3
41541,2,3
41542,2,3
41564,2,3
41569,2,3
41747,2,3
41748,2,3
41749,2,3
41751,2,3
41812,2,3
41836,2,3
41844,2,3
41849,2,3
42103,1,3
42105,1,3
42107,1,3
42109,1,3
42111,1,3
42113,1,3
42115,1,3
42117,1,3
42119,1,3
42275,1,3
42277,1,3
42279,1,3
42281,1,3
42283,1,3
42285,1,3
42287,1,3
42289,1,3
42327,1,3
42329,1,3
42349,1,3
42369,1,3
42389,1,3
42399,1,3
42477,2,3
42489,2,3
42499,2,3
42549,2,3
42551,2,3
42553,2,3
42555,2,3
42579,2,3
42651,1,3
42653,1,3
42655,1,3
42657,1,3
42659,1,3
42697,1,3
42699,1,3
42719,1,3
42781,2,3
42799,1,3
42853,1,3
42855,1,3
42857,1,3
42859,1,3
42897,1,3
42899,1,3
42929,2,3
44135,1,3
44137,1,3
44139,1,3
44141,1,3
44143,1,3
44145,1,3
44147,1,3
44149,1,3
44225,1,3
44227,1,3
44229,1,3
44263,1,3
44265,1,3
44267,1,3
44269,1,3
44287,1,3
44289,1,3
44309,1,3
44319,1,3
44328,1,3
44329,1,3
44339,1,3
44357,1,3
44359,1,3
44369,1,3
44379,1,3
44388,1,3
44532,1,3
44534,2,3
44536,2,3
44575,1,3
44577,2,3
44579,2,3
44581,2,3
44623,1,3
44625,1,3
44627,1,3
44628,1,3
44629,1,3
44649,1,3
44651,1,3
44652,1,3
44653,1,3
44787,1,3
44789,1,3
44791,1,3
44793,1,3
44795,1,3
44797,1,3
44799,1,3
44801,1,3
44803,1,3
44805,1,3
44807,1,3
44809,1,3
44866,1,3
44867,1,3
44869,1,3
44879,1,3
44892,1,3
44894,1,3
45121,1,3
45127,1,3
45128,1,3
45130,1,3
45131,1,3
45133,1,3
45134,1,3
45136,1,3
45138,1,3
45139,1,3
45141,1,3
45143,1,3
45144,1,3
45145,1,3
45147,1,3
45149,1,3
45219,1,3
45239,1,3
45257,1,3
45259,1,3
45276,1,3
45277,1,3
45279,1,3
45289,1,3
45307,1,3
45309,1,3
45326,1,3
45327,1,3
45329,1,3
45355,1,3
45356,1,3
45357,1,3
45359,1,3
45468,1,3
45470,1,3
45472,1,3
45473,1,3
45475,1,3
45476,1,3
45478,1,3
45479,1,3
45481,1,3
45525,1,3
45527,2,3
45529,2,3
45549,2,3
45657,1,3
45659,1,3
45661,1,3
45663,1,3
45665,1,3
45699,1,3
45701,2,3
45711,2,3
45721,2,3
45731,2,3
45739,2,3
45768,2,3
45770,2,3
45772,1,3
45879,1,3
45881,1,3
45883,1,3
45884,1,3
45886,1,3
45888,1,3
45889,1,3
45891,1,3
45892,1,3
45894,1,3
45896,1,3
45897,1,3
45899,1,3
45964,1,3
45966,2,3
45968,2,3
46045,1,3
46047,1,3
46049,1,3
46117,1,3
46119,1,3
46145,1,3
46147,1,3
46149,1,3
46236,1,3
46238,1,3
46240,1,3
46242,1,3
46244,1,3
46282,2,3
46284,2,3
46286,2,3
46325,2,3
46342,2,3
46348,2,3
46354,3,3
46359,2,3
46395,1,3
46397,1,3
46399,1,3
46414,2,3
46419,2,3
46446,2,3
46459,3,3
46483,2,3
46485,2,3
46487,2,3
46499,2,3
46509,2,3
46514,2,3
46519,3,3
46535,1,3
46537,2,3
46539,2,3
46562,2,3
46569,2,3
47051,1,3
47053,1,3
47055,1,3
47057,1,3
47058,1,3
47059,1,3
47119,1,3
47137,1,3
47138,1,3
47139,1,3
47166,1,3
47167,1,3
47169,1,3
47178,1,3
47179,1,3
47198,1,3
47199,1,3
47226,1,3
47228,1,3
47229,1,3
47239,1,3
47249,1,3
47259,1,3
47269,1,3
47279,1,3
47441,1,3
47443,1,3
47445,1,3
47447,1,3
47475,2,3
47495,2,3
47506,2,3
47509,3,3
47533,2,3
47546,3,3
47551,2,3
47559,2,3
47574,2,3
47589,2,3
47608,2,3
47623,2,3
47624,3,3
47625,3,3
47626,3,3
47627,3,3
47638,2,3
47647,2,3
47652,2,3
47661,3,3
47665,2,3
47669,2,3
47798,1,3
47799,1,3
47800,1,3
47802,1,3
47803,1,3
47804,1,3
47805,1,3
47807,1,3
47809,1,3
47829,1,3
47839,1,3
47877,2,3
47906,2,3
47918,2,3
47929,2,3
48143,1,3
48145,1,3
48147,1,3
48149,1,3
48151,1,3
48153,1,3
48155,1,3
48157,1,3
48159,1,3
48161,1,3
48163,1,3
48165,1,3
48167,1,3
48231,2,3
48249,2,3
48268,2,3
48282,2,3
48291,2,3
48301,2,3
48308,2,3
48317,3,3
48324,2,3
48329,2,3
48336,2,3
48341,2,3
48346,2,3
48351,2,3
48356,2,3
48361,3,3
48366,2,3
48369,2,3
48429,2,3
48431,2,3
48432,2,3
48455,2,3
48465,2,3
48477,2,3
48480,2,3
48485,2,3
48488,2,3
48493,2,3
48496,3,3
48499,2,3
48527,2,3
48529,2,3
48531,2,3
48565,2,3
48599,2,3
48607,2,3
48612,3,3
48619,2,3
48624,3,3
48629,2,3
48653,2,3
48683,2,3
48691,2,3
48703,2,3
48712,2,3
48720,3,3
48727,2,3
48734,3,3
48739,3,3
49074,1,3
49076,1,3
49078,1,3
49080,1,3
49082,1,3
49084,1,3
49086,1,3
49088,1,3
49090,1,3
49124,2,3
49134,2,3
49143,3,3
49152,2,3
49163,3,3
49170,2,3
49176,3,3
49179,3,3
49186,2,3
49191,2,3
49196,2,3
49201,2,3
49205,2,3
49214,2,3
49219,3,3
49324,2,3
49326,3,3
49328,3,3
49356,2,3
49377,2,3
49393,2,3
49401,2,3
49406,2,3
49413,2,3
49419,3,3
49424,3,3
49429,2,3
49434,3,3
49439,2,3
49448,2,3
49451,2,3
49453,3,3
49456,3,3
49457,3,3
49459,3,3
49477,2,3
49479,2,3
49492,2,3
49497,2,3
49504,2,3
49509,2,3
49525,2,3
49536,3,3
49545,3,3
49549,3,3
49565,3,3
49577,2,3
49584,2,3
49586,3,3
49593,2,3
49594,3,3
49596,3,3
49597,3,3
49599,3,3
49610,2,3
49624,2,3
49626,3,3
49632,2,3
49635,3,3
49637,3,3
49638,3,3
49661,2,3
49681,2,3
49685,2,3
49688,3,3
49692,3,3
49696,2,3
49699,3,3
49716,2,3
49733,3,3
49740,2,3
49744,3,3
49751,2,3
49757,2,3
49762,2,3
49767,3,3
49770,3,3
49774,3,3
49777,3,3
49779,3,3
49808,2,3
49809,2,3
49811,2,3
49824,2,3
49828,2,3
49832,3,3
49835,2,3
49838,3,3
49843,3,3
49844,3,3
49846,3,3
49847,3,3
49849,3,3
50126,2,3
50127,2,3
50129,2,3
50169,3,3
50170,3,3
50171,2,3
50181,2,3
50189,2,3
50226,2,3
50259,2,3
50321,2,3
50354,2,3
50374,2,3
50389,2,3
50667,1,3
50668,1,3
50670,1,3
50672,1,3
50674,1,3
50676,1,3
50677,1,3
50678,1,3
50679,1,3
50733,1,3
50735,1,3
50737,1,3
50739,1,3
50765,1,3
50767,1,3
50769,1,3
50823,1,3
50825,1,3
50827,1,3
50829,1,3
50858,1,3
50859,1,3
50931,1,3
50933,1,3
50935,1,3
50937,1,3
50939,1,3
50968,1,3
50969,1,3
50996,1,3
50997,1,3
50999,1,3
51061,1,3
51063,1,3
51065,1,3
51067,1,3
51069,1,3
51103,1,3
51105,1,3
51107,1,3
51109,1,3
51143,1,3
51145,1,3
51147,1,3
51149,1,3
51371,1,3
51373,1,3
51375,1,3
51377,1,3
51379,1,3
51381,1,3
51399,2,3
51427,1,3
51429,1,3
51465,1,3
51467,1,3
51469,1,3
51491,2,3
51503,2,3
51515,2,3
51519,2,3
51545,2,3
51570,2,3
51580,3,3
51588,2,3
51597,3,3
51598,3,3
51643,2,3
51645,2,3
51647,2,3
51674,2,3
51688,2,3
51702,2,3
51709,2,3
51766,2,3
51789,2,3
52058,1,3
52062,1,3
52064,1,3
52066,1,3
52068,1,3
52070,1,3
52072,1,3
52074,1,3
52076,1,3
52078,1,3
52080,1,3
52134,2,3
52146,2,3
52152,3,3
52156,3,3
52159,2,3
52222,2,3
52223,2,3
52224,2,3
52249,2,3
52349,1,3
52351,1,3
52353,1,3
52355,1,3
52372,2,3
52379,2,3
52382,2,3
52385,3,3
52388,3,3
52391,3,3
52393,3,3
52396,3,3
52399,2,3
52428,2,3
52441,2,3
52445,3,3
52457,2,3
52459,2,3
52477,2,3
52499,2,3
52511,2,3
52525,2,3
52531,2,3
52538,3,3
53111,1,3
53113,1,3
53115,1,3
53117,1,3
53119,1,3
53121,1,3
53123,1,3
53125,1,3
53127,1,3
53129,1,3
53173,1,3
53175,1,3
53177,1,3
53179,1,3
53225,1,3
53227,1,3
53229,1,3
53332,2,3
53340,2,3
53343,2,3
53347,2,3
53359,2,3
53424,2,3
53426,3,3
53474,2,3
53489,2,3
53498,2,3
53501,2,3
53505,3,3
53506,3,3
53507,3,3
53508,3,3
53518,3,3
53520,3,3
53533,3,3
53534,3,3
53539,3,3
53545,2,3
53547,2,3
53557,2,3
53560,2,3
53562,2,3
53567,2,3
53572,2,3
53577,3,3
53578,2,3
53579,2,3
53604,2,3
53619,2,3
53639,2,3
53721,1,3
53757,1,3
53773,2,3
53783,2,3
53797,2,3
53804,3,3
53809,3,3
53819,2,3
53840,1,3
53842,2,3
53844,2,3
53859,2,3
53879,2,3
53881,2,3
53894,2,3
53902,3,3
53909,3,3
53913,2,3
53919,2,3
53925,2,3
53937,3,3
53940,3,3
53945,3,3
53947,3,3
53949,3,3
54290,1,3
54292,1,3
54293,1,3
54294,1,3
54295,1,3
54296,1,3
54298,2,3
54306,3,3
54308,2,3
54309,3,3
54310,3,3
54311,3,3
54313,3,3
54314,3,3
54316,3,3
54317,2,3
54318,2,3
54320,2,3
54329,2,3
54331,3,3
54332,2,3
54338,2,3
54340,2,3
54341,3,3
54343,3,3
54344,2,3
54346,3,3
54347,3,3
54349,3,3
54411,3,3
54413,3,3
54421,3,3
54422,3,3
54424,3,3
54426,3,3
54427,3,3
54429,3,3
54439,2,3
54441,2,3
54450,3,3
54451,3,3
54453,2,3
54455,3,3
54456,3,3
54457,3,3
54459,3,3
54470,2,3
54472,3,3
54483,3,3
54484,2,3
54486,2,3
54487,3,3
54492,3,3
54497,3,3
54498,3,3
54516,2,3
54518,3,3
54523,3,3
54524,3,3
54526,3,3
54528,3,3
54529,3,3
54531,3,3
54533,3,3
54534,3,3
54536,3,3
54538,3,3
54539,3,3
54550,2,3
54552,3,3
54558,3,3
54568,2,3
54570,3,3
54574,3,3
54576,3,3
54578,3,3
54579,3,3
54584,3,3
54585,3,3
54586,3,3
54587,3,3
54589,3,3
54595,3,3
54597,3,3
54608,3,3
54610,3,3
54611,3,3
54612,3,3
54614,3,3
54616,3,3
54617,3,3
54619,3,3
54634,2,3
54636,3,3
54646,3,3
54647,3,3
54649,3,3
54655,3,3
54657,3,3
54662,3,3
54664,3,3
54666,3,3
54668,2,3
54669,3,3
54673,3,3
54675,3,3
54687,3,3
54689,3,3
55116,1,3
55118,1,3
55120,1,3
55122,1,3
55124,1,3
55126,1,3
55127,1,3
55128,1,3
55129,1,3
55130,1,3
55131,1,3
55218,2,3
55232,2,3
55234,2,3
55237,3,3
55239,2,3
55246,1,3
55252,1,3
55257,2,3
55262,2,3
55263,2,3
55268,2,3
55270,2,3
55271,2,3
55276,2,3
55278,2,3
55283,2,3
55286,2,3
55288,2,3
55291,2,3
55294,2,3
55296,2,3
55299,2,3
55411,2,3
55413,2,3
55422,3,3
55424,2,3
55425,3,3
55430,3,3
55432,3,3
55435,2,3
55437,3,3
55442,3,3
55444,3,3
55450,2,3
55452,2,3
55457,2,3
55459,2,3
55469,2,3
55471,2,3
55481,3,3
55483,3,3
55487,3,3
55490,3,3
55491,3,3
55494,3,3
55496,3,3
55497,3,3
55499,3,3
55543,2,3
55545,2,3
55546,2,3
55559,2,3
55566,2,3
55568,2,3
55569,3,3
55571,2,3
55576,2,3
55578,3,3
55583,2,3
55585,2,3
55590,3,3
55592,3,3
55593,2,3
55595,2,3
55596,3,3
55597,2,3
55599,2,3
55606,2,3
55608,3,3
55618,3,3
55619,2,3
55621,3,3
55624,3,3
55626,3,3
55627,3,3
55629,3,3
55743,2,3
55756,3,3
55758,3,3
55765,2,3
55767,3,3
55768,3,3
55774,3,3
55776,3,3
55777,3,3
55779,3,3
56068,1,3
56070,1,3
56072,1,3
56073,1,3
56075,1,3
56076,1,3
56077,1,3
56112,2,3
56130,2,3
56132,2,3
56133,2,3
56154,2,3
56170,2,3
56179,2,3
56182,2,3
56191,2,3
56203,2,3
56204,2,3
56206,2,3
56218,2,3
56220,2,3
56235,2,3
56237,2,3
56242,3,3
56244,2,3
56249,3,3
56253,3,3
56254,3,3
56269,3,3
56271,2,3
56276,3,3
56281,2,3
56283,2,3
56288,2,3
56290,3,3
56291,2,3
56294,3,3
56295,3,3
56299,3,3
56305,3,3
56307,2,3
56316,3,3
56317,3,3
56321,2,3
56322,2,3
56323,3,3
56329,3,3
56330,2,3
56332,2,3
56333,2,3
56335,2,3
56337,2,3
56338,2,3
56340,2,3
56341,2,3
56346,3,3
56348,2,3
56349,3,3
56355,2,3
56357,2,3
56368,3,3
56370,3,3
56377,3,3
56379,3,3
56410,2,3
56412,3,3
56414,2,3
56422,2,3
56424,2,3
56427,2,3
56428,2,3
56457,2,3
56459,2,3
56462,2,3
56470,2,3
56472,2,3
56477,3,3
56479,2,3
56564,2,3
56566,2,3
56567,2,3
56575,2,3
56579,2,3
56581,2,3
56584,3,3
56587,2,3
56588,3,3
56589,3,3
56593,2,3
56594,2,3
56598,2,3
56599,2,3
56626,2,3
56630,2,3
56637,2,3
56642,2,3
56645,2,3
56648,2,3
56651,3,3
56653,3,3
56656,3,3
56659,3,3
56727,2,3
56729,3,3
56736,2,3
56743,2,3
56745,2,3
56746,3,3
56751,2,3
56753,3,3
56754,3,3
56759,3,3
56761,3,3
56766,3,3
56767,3,3
56769,3,3
56812,3,3
56814,3,3
56818,3,3
56820,3,3
56821,3,3
56823,3,3
56825,3,3
56826,3,3
56828,3,3
56829,3,3
56841,3,3
56843,3,3
56850,3,3
56856,3,3
56858,3,3
56859,3,3
56861,3,3
56862,3,3
56864,3,3
56865,3,3
56867,2,3
56869,3,3
57072,1,3
57074,1,3
57076,1,3
57078,1,3
57080,1,3
57223,2,3
57234,2,3
57250,2,3
57258,2,3
57271,2,3
57290,2,3
57299,3,3
57319,3,3
57334,3,3
57339,3,3
57368,2,3
57392,3,3
57399,3,3
57413,2,3
57439,2,3
57462,2,3
57482,3,3
57489,2,3
57518,2,3
57520,3,3
57537,2,3
57539,2,3
57548,2,3
57555,2,3
57562,2,3
57567,3,3
57572,3,3
57577,2,3
57578,3,3
57580,3,3
57581,3,3
57583,2,3
57584,2,3
57586,3,3
57587,3,3
57589,2,3
57610,2,3
57612,2,3
57614,2,3
57627,2,3
57629,2,3
57632,3,3
57635,3,3
57636,2,3
57638,3,3
57639,3,3
57641,3,3
57642,3,3
57644,3,3
57645,2,3
57647,2,3
57648,2,3
58089,1,3
58091,1,3
58093,1,3
58095,1,3
58097,1,3
58099,1,3
58119,1,3
58135,1,3
58239,2,3
58256,2,3
58285,2,3
58300,2,3
58313,2,3
58332,2,3
58339,2,3
58452,1,3
58453,1,3
58454,1,3
58455,1,3
58456,1,3
58507,1,3
58509,2,3
58511,2,3
58513,2,3
58515,2,3
58540,2,3
58553,2,3
58566,2,3
58579,2,3
58636,1,3
58638,1,3
58640,1,3
58642,1,3
58644,1,3
58675,2,3
58706,2,3
58708,2,3
58710,2,3
58730,2,3
58739,2,3
58762,2,3
58769,2,3
58791,2,3
58802,2,3
58809,2,3
58840,2,3
58849,3,3
59063,1,3
59065,1,3
59067,1,3
59069,1,3
59071,1,3
59073,1,3
59075,1,3
59077,1,3
59174,2,3
59192,2,3
59199,2,3
59227,2,3
59229,2,3
59269,2,3
59302,2,3
59320,3,3
59329,3,3
59348,2,3
59368,2,3
59379,2,3
59387,3,3
59394,3,3
59399,2,3
59423,1,3
59425,2,3
59427,2,3
59439,2,3
59457,2,3
59469,2,3
59494,2,3
59505,2,3
59510,3,3
59514,3,3
59519,3,3
59555,2,3
59556,2,3
59557,2,3
59558,2,3
59581,2,3
59590,2,3
59597,2,3
59602,3,3
59609,2,3
59755,2,3
59757,2,3
59759,2,3
59821,2,3
59823,2,3
59846,2,3
59872,2,3
59889,3,3
59909,2,3
59929,2,3
59939,2,3
59955,3,3
59964,3,3
59969,3,3
60306,1,3
60308,1,3
60310,1,3
60311,1,3
60313,1,3
60314,1,3
60316,1,3
60318,1,3
60320,1,3
60322,1,3
60323,1,3
60325,1,3
60326,1,3
60327,1,3
60329,1,3
60385,1,3
60386,1,3
60388,1,3
60389,1,3
60431,1,3
60433,1,3
60435,1,3
60437,1,3
60438,1,3
60439,1,3
60486,1,3
60487,1,3
60488,1,3
60489,1,3
60528,1,3
60529,1,3
60549,1,3
60594,1,3
60596,1,3
60598,1,3
60599,1,3
61118,2,3
61130,2,3
61137,2,3
61138,2,3
61169,2,3
61184,2,3
61191,2,3
61194,2,3
61197,3,3
61200,2,3
61203,2,3
61206,2,3
61209,2,3
61231,2,3
61239,2,3
61250,2,3
61267,2,3
61273,2,3
61276,3,3
61279,3,3
61343,2,3
61348,2,3
61350,2,3
61352,2,3
61381,2,3
61389,2,3
61440,1,3
61449,1,3
61462,2,3
61476,2,3
61479,3,3
63065,1,3
63067,1,3
63069,1,3
63071,1,3
63073,1,3
63075,1,3
63110,2,3
63128,2,3
63150,2,3
63165,2,3
63179,2,3
63225,2,3
63263,2,3
63303,2,3
63322,2,3
63329,2,3
63450,1,3
63452,1,3
63454,1,3
63456,1,3
63457,1,3
63477,2,3
63486,2,3
63500,2,3
63505,2,3
63512,2,3
63517,2,3
63526,2,3
63533,2,3
63538,2,3
63543,2,3
63546,3,3
63549,3,3
63571,2,3
63579,2,3
63584,2,3
63589,2,3
63594,2,3
63599,3,3
63607,2,3
63619,2,3
63628,2,3
63633,3,3
63636,3,3
63637,3,3
63639,3,3
63654,3,3
63667,2,3
63674,2,3
63679,3,3
63683,3,3
63688,3,3
63691,3,3
63694,2,3
63695,3,3
63697,3,3
63699,3,3
63701,1,2
63739,1,2
63741,1,2
63743,1,2
63755,2,2
63762,2,2
63768,2,2
63773,2,2
63776,2,2
63785,2,2
63791,2,2
63796,2,2
63801,2,2
63808,2,2
63811,2,2
63814,2,2
63820,2,2
63825,2,2
63826,3,2
63828,3,2
63829,2,2
63831,3,2
63834,2,2
63839,2,2
63840,3,2
63843,2,2
63846,2,2
63849,3,2
63853,3,2
63856,3,2
63857,3,2
63860,3,2
63863,3,2
63864,2,2
63867,3,2
63868,2,2
63869,3,2
63871,3,2
63872,3,2
63874,3,2
63875,3,2
63877,2,2
63879,3,2
63897,2,2
63906,2,2
63911,2,2
63916,3,2
63920,2,2
63924,2,2
63925,3,2
63927,2,2
63928,3,2
63930,3,2
63931,3,2
63933,3,2
63934,3,2
63936,3,2
63937,3,2
63939,2,2
64283,1,3
64285,1,3
64287,1,3
64289,1,3
64291,1,3
64293,1,3
64295,1,3
64297,1,3
64319,2,3
64331,2,3
64342,2,3
64347,2,3
64354,2,3
64367,2,3
64372,2,3
64380,2,3
64385,3,3
64390,2,3
64395,3,3
64397,3,3
64401,3,3
64404,2,3
64405,3,3
64407,3,3
64409,3,3
64521,2,3
64546,2,3
64560,2,3
64569,2,3
64572,2,3
64579,2,3
64584,2,3
64589,2,3
64625,2,3
64646,2,3
64653,2,3
64658,2,3
64665,2,3
64668,2,3
64673,2,3
64678,2,3
64683,2,3
64686,2,3
64689,3,3
64711,2,3
64720,2,3
64732,2,3
64739,2,3
64747,2,3
64750,3,3
64753,3,3
64754,2,3
64756,3,3
64757,3,3
64760,3,3
64807,2,3
64823,2,3
64832,2,3
64839,2,3
64846,2,3
64850,2,3
64853,3,3
64859,2,3
65183,1,3
65185,1,3
65187,1,3
65189,1,3
65191,1,3
65193,1,3
65195,1,3
65197,1,3
65199,1,3
65201,1,3
65203,1,3
65205,1,3
65207,1,3
65232,2,3
65239,2,3
65307,2,3
65321,3,3
65326,2,3
65329,3,3
65343,2,3
65344,2,3
65345,2,3
65346,2,3
65347,2,3
65366,2,3
65375,2,3
65385,2,3
65388,3,3
65391,2,3
65396,2,3
65399,2,3
65428,1,3
65439,1,3
65451,2,3
65462,1,3
65468,3,3
65474,2,3
65479,1,3
65510,2,3
65520,2,3
65527,2,3
65529,3,3
65549,2,3
65550,2,3
65551,2,3
65552,2,3
65553,2,3
65554,2,3
65555,2,3
65556,2,3
65558,2,3
65582,2,3
65589,2,3
65594,3,3
65597,3,3
65599,3,3
65604,2,3
65606,3,3
65611,2,3
65614,2,3
65618,2,3
65620,3,3
65623,2,3
65624,2,3
65626,2,3
65627,3,3
65629,2,3
65719,1,3
65760,2,3
65779,2,3
65795,2,3
65812,2,3
65817,2,3
65824,2,3
65830,1,3
65835,2,3
65843,2,3
65929,1,3
65931,1,3
65933,1,3
65934,1,3
65936,1,3
66111,1,3
66113,1,3
66115,1,3
66117,1,3
66119,1,3
66121,1,3
66123,1,3
66125,1,3
66126,1,3
66127,1,3
66128,1,3
66129,1,3
66130,1,3
66131,1,3
66132,1,3
66133,1,3
66265,2,3
66271,2,3
66280,2,3
66287,2,3
66292,2,3
66299,2,3
66333,2,3
66346,2,3
66352,2,3
66359,2,3
66386,2,3
66399,3,3
66424,2,3
66440,3,3
66450,2,3
66453,3,3
66459,3,3
66482,2,3
66484,2,3
66497,2,3
66500,3,3
66501,3,3
66503,2,3
66504,3,3
66506,3,3
66507,3,3
66509,2,3
66538,2,3
66539,2,3
66540,2,3
66557,2,3
66564,2,3
66571,2,3
66578,2,3
66583,2,3
66589,2,3
66606,2,3
66620,3,3
66625,3,3
66629,3,3
66636,3,3
66640,2,3
66646,2,3
66649,2,3
66663,2,3
66679,3,3
66687,3,3
66693,3,3
66701,2,3
66706,2,3
66709,2,3
66740,2,3
66763,2,3
66773,2,3
66780,2,3
66787,2,3
66793,2,3
66798,2,3
66802,2,3
66806,2,3
66809,2,3
66822,2,3
66839,2,3
66849,2,3
66851,3,3
66862,3,3
66869,2,3
66871,2,3
66877,2,3
66879,2,3
66882,3,3
66885,2,3
66887,2,3
66892,2,3
66894,2,3
66901,2,3
66903,2,3
66904,3,3
66907,3,3
66909,3,3
66914,2,3
66916,3,3
66917,3,3
66919,3,3
66953,2,3
66954,2,3
66955,2,3
66957,2,3
66969,2,3
66976,2,3
66978,3,3
66981,3,3
66987,3,3
66989,3,3
66994,3,3
66996,3,3
66999,3,3
67059,1,3
67061,1,3
67063,1,3
67065,1,3
67067,1,3
67069,1,3
67071,1,3
67098,2,3
67105,2,3
67112,2,3
67117,2,3
67122,2,3
67125,2,3
67126,2,3
67127,2,3
67133,2,3
67134,2,3
67136,2,3
67141,2,3
67146,2,3
67147,2,3
67149,2,3
67150,2,3
67152,2,3
67157,2,3
67158,2,3
67159,2,3
67161,2,3
67165,2,3
67166,2,3
67167,2,3
67169,2,3
67227,1,3
67229,2,3
67240,2,3
67245,2,3
67246,2,3
67251,2,3
67256,3,3
67258,2,3
67259,2,3
67269,2,3
67271,2,3
67273,2,3
67278,2,3
67280,3,3
67281,2,3
67283,2,3
67292,2,3
67294,2,3
67295,3,3
67297,3,3
67304,2,3
67305,3,3
67307,2,3
67308,3,3
67310,2,3
67311,3,3
67316,2,3
67317,2,3
67319,2,3
67346,2,3
67354,2,3
67360,2,3
67361,3,3
67363,2,3
67365,3,3
67366,2,3
67368,2,3
67373,2,3
67374,3,3
67376,3,3
67377,3,3
67378,2,3
67433,2,3
67434,2,3
67435,2,3
67454,2,3
67459,2,3
67466,2,3
67468,2,3
67471,3,3
67472,3,3
67473,2,3
67475,3,3
67480,2,3
67482,3,3
67483,2,3
67487,2,3
67489,2,3
67547,2,3
67549,2,3
67550,2,3
67551,2,3
67574,2,3
67575,2,3
67577,3,3
67578,2,3
67580,2,3
67582,3,3
67583,2,3
67585,3,3
67586,3,3
67587,3,3
67590,3,3
67591,2,3
67592,3,3
67593,2,3
67595,3,3
67596,3,3
67598,2,3
67599,2,3
67655,1,3
67657,1,3
67659,1,3
67661,1,3
67663,1,3
67677,2,3
67678,3,3
67680,3,3
67681,3,3
67685,2,3
67686,2,3
67688,2,3
67691,3,3
67693,3,3
67697,2,3
67699,3,3
67700,3,3
67701,3,3
67705,3,3
67706,3,3
67707,3,3
67714,3,3
67715,3,3
67716,3,3
67718,3,3
67722,3,3
67724,3,3
67725,3,3
67727,3,3
67728,3,3
67729,3,3
67731,2,3
67732,2,3
67734,2,3
67735,2,3
67737,3,3
67742,3,3
67744,3,3
67745,3,3
67746,3,3
67748,3,3
67749,3,3
67752,3,3
67753,3,3
67754,3,3
67756,3,3
67757,3,3
67759,3,3
67806,3,3
67808,3,3
67811,3,3
67813,3,3
67814,3,3
67816,3,3
67817,3,3
67819,3,3
67821,3,3
67822,3,3
67823,3,3
67824,3,3
67826,3,3
67827,3,3
67829,3,3
68159,1,2
68161,1,2
68163,1,2
68165,1,2
68167,1,2
68169,1,2
68199,1,2
68219,1,2
68229,1,2
68239,1,2
68259,1,2
68305,1,2
68307,1,2
68309,1,2
68519,2,3
68526,2,2
68535,2,2
68542,2,2
68549,2,2
68623,2,3
68642,2,3
68647,2,3
68649,3,3
68723,2,2
68753,2,2
68766,2,2
68775,2,2
68782,2,2
68789,2,2
68794,2,2
68799,2,2
68804,2,2
68809,2,2
69115,1,2
69117,1,2
69118,1,2
69120,1,2
69121,1,2
69123,1,2
69124,1,2
69126,1,2
69151,2,2
69168,2,2
69181,2,2
69190,2,2
69198,2,2
69207,2,2
69214,2,2
69221,2,2
69226,2,2
69231,2,2
69234,2,2
69239,2,3
69242,2,2
69245,2,2
69250,3,2
69251,2,2
69253,3,2
69254,2,2
69256,2,2
69257,2,2
69259,3,2
69412,2,2
69427,3,2
69429,3,2
69434,3,3
69436,3,2
69437,3,2
69439,3,2
69469,2,2
69483,3,3
69488,2,3
69493,2,2
69502,2,2
69509,2,3
69514,2,2
69517,2,3
69518,3,3
70173,1,2
70174,1,2
70176,1,2
70178,1,2
70180,1,2
70182,1,2
70184,1,2
70186,1,2
70188,1,2
70190,1,2
70191,1,2
70192,1,2
70193,1,2
70195,1,2
70197,1,2
70199,1,2
70327,1,2
70329,1,2
70372,1,2
70374,1,2
70376,1,2
70378,1,2
70435,1,2
70437,1,2
70439,1,2
70469,1,2
70499,1,2
70563,1,2
70565,1,2
70567,1,2
70569,1,2
70597,1,2
70599,1,2
70619,1,2
70629,2,2
70734,1,2
70736,2,2
70771,2,2
70794,2,2
70806,2,2
70825,2,2
70839,2,2
71032,1,2
71034,2,2
71063,1,2
71065,1,2
71067,1,2
71069,1,2
71083,2,2
71088,2,2
71093,2,2
71101,2,2
71106,2,2
71111,2,2
71116,2,2
71120,2,2
71126,2,2
71131,2,2
71134,2,2
71139,2,2
71144,2,2
71149,2,2
71154,2,2
71155,2,2
71157,2,2
71159,3,2
71229,2,2
71254,2,2
71263,2,2
71272,2,2
71277,2,2
71282,2,2
71287,2,2
71292,2,2
71296,2,2
71297,2,2
71299,2,2
71332,1,2
71334,2,2
71336,2,2
71364,2,2
71384,2,2
71394,1,2
71397,2,2
71404,1,2
71409,2,2
71522,2,2
71540,2,2
71543,3,2
71546,2,2
71549,2,2
71554,2,2
71560,3,2
71563,2,2
71566,3,2
71570,3,2
71573,2,2
71576,2,2
71577,3,2
71579,3,2
71634,1,2
71636,1,2
71638,1,2
71640,1,2
71642,1,2
71665,2,2
71672,2,2
71679,1,2
71686,2,2
71691,2,2
71696,1,2
71701,2,2
71706,2,2
71711,2,2
71717,2,2
71720,2,2
71723,2,2
71726,2,2
71729,2,2
71732,2,2
71735,3,2
71737,2,2
71739,3,2
72070,1,2
72072,1,2
72074,1,2
72076,1,2
72108,2,2
72116,2,2
72119,2,2
72124,2,2
72127,2,2
72131,2,2
72135,2,2
72138,2,2
72141,2,2
72144,2,2
72145,3,2
72147,2,2
72149,3,2
72160,3,2
72172,3,2
72175,3,2
72178,3,2
72181,3,2
72184,3,2
72186,3,2
72189,3,2
72202,2,2
72213,3,2
72218,2,2
72221,3,2
72224,2,2
72226,3,2
72227,3,2
72229,2,2
72250,2,2
72270,3,2
72275,3,2
72280,2,2
72285,3,2
72290,3,2
72293,3,2
72294,3,2
72296,3,2
72297,3,2
72299,3,2
72336,2,2
72348,3,2
72351,2,2
72355,3,2
72356,3,2
72358,3,2
72359,3,2
72361,3,2
72362,3,2
72364,3,2
72365,3,2
72367,3,2
72369,3,2
72379,2,2
72393,3,2
72401,3,2
72406,2,2
72411,2,2
72414,3,2
72415,3,2
72417,3,2
72419,2,2
72458,2,2
72459,2,2
72461,2,2
72469,3,2
72474,2,2
72475,3,2
72477,3,2
72479,2,2
72488,2,2
72501,2,2
72505,3,2
72510,3,2
72511,3,2
72513,3,2
72514,3,2
72516,3,2
72517,3,2
72519,3,2
72525,2,2
72531,3,2
72532,3,2
72534,3,2
72535,3,2
72537,3,2
72539,3,2
72555,2,2
72574,2,2
72581,2,2
72582,3,2
72584,2,2
72585,2,2
72587,3,2
72589,3,2
72622,2,2
72631,2,2
72636,2,2
72639,2,2
72644,2,2
72649,2,2
72654,2,2
72655,3,2
72657,2,2
72658,2,2
72660,2,2
72661,2,2
72663,2,2
72664,3,2
72666,2,2
72667,2,2
72669,2,2
72760,1,2
72762,1,2
72764,1,2
72766,1,2
72768,1,2
72770,1,2
72793,2,2
72800,2,2
72805,2,2
72810,2,2
72813,3,2
72818,3,2
72820,3,2
72827,2,2
72829,3,2
73033,1,2
73035,2,2
73037,2,2
73054,1,2
73061,2,2
73066,2,2
73072,2,2
73079,1,2
73084,1,2
73087,2,2
73092,2,2
73095,2,2
73098,2,2
73099,3,2
73101,2,2
73102,2,2
73104,2,2
73105,2,2
73107,2,2
73108,2,2
73110,2,2
73111,3,2
73113,3,2
73114,3,2
73116,2,2
73117,2,2
73119,2,2
73207,2,2
73230,2,2
73235,2,2
73240,2,2
73249,2,2
73252,2,2
73257,2,2
73262,2,2
73265,2,2
73266,2,2
73268,2,2
73269,3,2
73271,2,2
73272,3,2
73274,2,2
73275,2,2
73277,2,2
73278,2,2
73312,2,2
73326,2,2
73329,2,2
73333,2,2
73337,3,2
73340,3,2
73342,2,2
73344,3,2
73345,3,2
73347,3,2
73349,3,2
73430,2,2
73431,2,2
73432,2,2
73433,2,2
73434,2,2
73441,2,2
73447,2,2
73450,3,2
73453,3,2
73457,3,2
73460,2,2
73463,3,2
73466,3,2
73467,3,2
73469,3,2
73479,2,2
73485,3,2
73486,3,2
73488,3,2
73489,3,2
73491,3,2
73492,3,2
73494,3,2
73495,3,2
73497,3,2
73499,3,2
73525,2,2
73527,3,2
73529,2,2
73540,2,2
73547,2,2
73550,2,2
73553,3,2
73557,2,2
73560,2,2
73563,2,2
73565,2,2
73566,3,2
73568,2,2
73569,3,2
73571,2,2
73572,3,2
73574,2,2
73575,2,2
73577,3,2
73579,3,2
73614,2,2
73630,2,2
73635,2,2
73642,2,2
73650,2,2
73655,2,2
73660,2,2
73663,2,2
73666,2,2
73667,3,2
73669,2,2
73728,1,2
73730,1,2
73732,1,2
73733,1,2
73734,1,2
73760,1,2
73765,2,2
73770,1,2
73773,2,2
73776,2,2
73779,2,2
74072,1,2
74074,1,2
74076,1,2
74078,1,2
74080,1,2
74081,1,2
74172,2,2
74177,2,2
74182,2,2
74189,2,2
74193,2,2
74196,2,2
74199,2,2
74206,2,2
74211,2,2
74214,3,2
74219,2,2
74223,2,2
74226,2,2
74229,2,2
74232,2,2
74235,2,2
74238,3,2
74239,3,2
74243,3,2
74245,3,2
74246,3,2
74248,2,2
74249,3,2
74251,2,2
74252,2,2
74254,2,2
74255,3,2
74257,2,2
74259,3,2
74321,2,2
74336,2,2
74343,2,2
74348,2,2
74354,2,2
74357,2,2
74360,2,2
74363,2,2
74366,2,2
74369,2,2
74372,2,2
74374,2,2
74376,2,2
74379,2,2
74382,3,2
74385,2,2
74388,2,2
74389,3,2
74391,2,2
74392,3,2
74394,2,2
74395,2,2
74397,2,2
74399,2,2
74405,2,2
74417,3,2
74420,3,2
74423,2,2
74424,2,2
74426,3,2
74427,3,2
74429,3,2
74523,2,2
74532,3,2
74535,3,2
74538,3,2
74541,3,2
74542,3,2
74544,3,2
74545,3,2
74547,3,2
74549,3,2
74564,2,2
74572,3,2
74575,3,2
74579,3,2
74582,3,2
74585,3,2
74586,3,2
74589,3,2
74592,3,2
74594,3,2
74595,3,2
74597,3,2
74599,3,2
74613,2,2
74626,2,2
74629,2,2
74632,3,2
74635,3,2
74638,3,2
74639,3,2
74653,2,2
74670,3,2
74673,3,2
74676,2,2
74677,3,2
74679,2,2
74706,3,2
74722,2,2
74731,2,2
74736,3,2
74740,3,2
74743,3,2
74744,3,2
74746,3,2
74747,3,2
74749,3,2
74821,2,2
74831,2,2
74834,3,2
74838,3,2
74842,3,2
74847,2,2
74850,3,2
74855,2,2
74858,3,2
74861,3,2
74862,3,2
74864,3,2
74865,2,2
74867,2,2
74869,2,2
74889,2,2
74906,2,2
74909,2,2
74912,3,2
74915,3,2
74918,2,2
74921,3,2
74924,3,2
74925,3,2
74927,3,2
74928,3,2
74930,3,2
74931,3,2
74933,3,2
74934,3,2
74936,3,2
74937,3,2
74939,2,2
75015,2,2
75031,3,2
75038,2,2
75045,2,2
75050,2,2
75053,2,2
75056,3,2
75057,3,2
75059,3,2
75172,1,2
75173,1,2
75175,1,2
75177,1,2
75179,1,2
75180,1,2
75181,1,2
75196,2,2
75203,2,2
75210,2,2
75217,2,2
75223,2,2
75228,2,2
75233,3,2
75236,2,2
75239,2,2
75242,2,2
75245,2,2
75248,2,2
75249,2,2
75305,2,2
75323,2,2
75328,2,2
75331,3,2
75334,2,2
75335,3,2
75337,3,2
75339,2,2
75365,2,2
75378,2,2
75382,2,2
75385,3,2
75387,3,2
75389,3,2
75391,2,2
75392,3,2
75394,3,2
75395,3,2
75397,2,2
75399,3,2
75417,2,2
75428,2,2
75433,3,2
75438,2,2
75443,2,2
75446,2,2
75447,3,2
75449,3,2
76131,1,2
76133,1,2
76135,1,2
76137,1,2
76139,1,2
76149,1,2
76185,1,2
76187,1,2
76189,1,2
76199,1,2
76227,1,2
76228,1,2
76229,1,2
76275,2,2
76287,2,2
76297,2,2
76307,2,2
76316,2,2
76327,2,2
76332,3,2
76337,2,2
76344,2,2
76351,2,2
76356,2,2
76359,3,2
76437,2,2
76448,2,2
76456,2,2
76461,2,2
76467,2,2
76470,2,2
76473,2,2
76474,2,2
76476,2,2
76477,3,2
76479,3,2
76530,2,2
76532,2,2
76534,2,2
76547,2,2
76549,2,2
76571,2,2
76593,2,2
76596,3,2
76597,3,2
76599,2,2
76646,2,2
76661,2,2
76669,2,2
76676,2,2
76684,2,2
76689,2,2
76694,2,2
76698,2,2
76703,3,2
76706,3,2
76707,2,2
76709,2,2
76726,2,3
76744,2,3
76751,2,3
76756,2,3
76761,2,3
76764,2,3
76767,2,3
76768,3,3
76770,2,3
76771,2,3
76773,2,3
76774,3,3
76776,3,3
76777,3,3
76779,3,3
76829,2,3
76831,2,3
76833,2,3
76835,2,3
76846,3,3
76848,3,3
76855,2,3
76857,2,3
76863,2,3
76865,3,3
76870,2,3
76872,3,3
76877,2,3
76879,2,3
76887,2,3
76889,2,3
76891,3,3
77652,2,2
77654,1,2
77656,1,2
77694,2,2
77704,2,2
77709,2,2
77716,2,2
77723,2,2
77728,3,2
77731,3,2
77736,2,2
77740,3,2
77743,2,2
77746,2,2
77749,2,2
77756,3,2
77761,3,2
77767,2,2
77770,2,2
77773,3,2
77776,3,2
77781,3,2
77784,3,2
77787,3,2
77790,2,2
77791,2,2
77793,3,2
77794,2,2
77796,3,2
77797,2,2
77799,2,2
77815,2,2
77830,2,2
77833,2,2
77836,3,2
77839,3,2
77855,2,2
77866,3,2
77871,2,2
77876,2,2
77880,2,2
77883,3,2
77886,2,2
77887,2,2
77889,3,2
77933,2,2
77948,2,2
77955,2,2
77960,2,2
77963,3,2
77966,3,2
77971,2,2
77972,2,2
77974,3,2
77975,2,2
77977,3,2
77978,3,2
78048,1,2
78050,2,2
78052,1,2
78054,1,2
78056,1,2
78073,2,2
78078,3,2
78083,3,2
78086,2,2
78087,3,2
78089,3,2
78098,2,2
78112,2,2
78120,2,2
78126,3,2
78132,3,2
78136,2,2
78141,3,2
78144,2,2
78147,3,2
78148,3,2
78166,2,2
78176,2,2
78183,2,2
78187,3,2
78194,3,2
78199,3,2
78224,2,2
78234,2,2
78239,2,2
78244,2,2
78247,3,2
78250,3,2
78253,3,2
78256,3,2
78259,3,2
78262,2,2
78266,2,2
78267,3,2
78269,3,2
78315,2,2
78333,2,2
78337,2,2
78343,2,2
78345,2,2
78351,3,2
78354,3,2
78355,3,2
78357,3,2
78359,3,2
78462,1,2
78464,1,2
78465,1,2
78467,1,2
78476,2,2
78479,2,2
78532,2,2
78549,2,2
78554,2,2
78559,3,2
78564,3,2
78567,3,2
78570,3,2
78573,2,2
78576,3,2
78579,3,2
78580,3,2
78582,2,2
78583,3,2
78585,3,2
78586,3,2
78588,2,2
78589,2,2
78591,3,2
78592,3,2
78594,3,2
78595,3,2
78597,3,2
78598,3,2
78600,3,2
78601,3,2
78603,3,2
78604,3,2
78606,3,2
78607,3,2
78609,3,2
78628,2,2
78647,2,2
78652,2,2
78655,3,2
78658,2,2
78661,3,2
78662,2,2
78664,3,2
78665,3,2
78667,2,2
78669,3,2
78713,2,2
78727,2,2
78730,3,2
78733,3,2
78736,3,2
78737,2,2
78739,3,2
79098,1,2
79100,1,2
79102,1,2
79104,1,2
79106,1,2
79108,1,2
79110,1,2
79111,1,2
79112,1,2
79114,1,2
79115,1,2
79117,1,2
79183,2,2
79189,2,2
79194,2,2
79199,2,2
79206,2,2
79211,2,2
79215,2,2
79219,2,2
79224,2,2
79227,2,2
79232,2,2
79235,3,2
79238,2,2
79241,3,2
79244,3,2
79249,2,2
79252,2,2
79254,3,2
79256,3,2
79258,2,2
79261,2,2
79263,3,2
79268,2,2
79271,3,2
79274,3,2
79276,2,2
79279,2,2
79280,2,2
79282,2,2
79283,2,2
79285,2,2
79286,3,2
79288,3,2
79289,3,2
79291,3,2
79292,2,2
79294,2,2
79295,2,2
79297,2,2
79299,2,2
79312,2,2
79331,2,2
79336,2,2
79341,2,2
79346,2,2
79348,3,2
79350,2,2
79353,3,2
79356,3,2
79359,3,2
79361,3,2
79362,2,2
79364,3,2
79365,3,2
79367,3,2
79369,3,2
79379,2,2
79395,2,2
79400,3,2
79410,2,2
79415,3,2
79418,3,2
79423,2,2
79424,2,2
79426,2,2
79427,2,2
79429,3,2
79539,1,2
79540,2,2
79541,2,2
79576,1,2
79585,2,2
79588,2,2
79589,2,2
79591,2,2
79592,3,2
79594,2,2
79595,2,2
79597,2,2
79599,2,2
79618,2,2
79639,2,2
79650,2,2
79664,2,2
79669,3,2
79674,3,2
79677,3,2
79682,3,2
79685,3,2
79686,2,2
79688,2,2
79689,2,2
79692,3,2
79694,3,2
79695,3,2
79713,2,2
79725,2,2
79730,2,2
79733,3,2
79736,3,2
79737,3,2
79739,3,2
79761,2,2
79771,3,2
79774,3,2
79777,3,2
79780,3,2
79787,2,2
79790,2,2
79793,2,2
79798,2,2
79801,2,2
79802,3,2
79804,2,2
79805,3,2
79807,3,2
79809,3,2
79822,2,2
79837,3,2
79843,3,2
79848,3,2
79853,3,2
79856,3,2
79859,3,2
79862,3,2
79865,3,2
79868,3,2
79871,3,2
79872,3,2
79874,3,2
79875,3,2
79877,3,2
79879,3,2
80313,1,2
80331,1,2
80333,1,2
80335,1,2
80336,1,2
80337,1,2
80339,1,2
80469,1,2
80538,1,2
80539,1,2
80634,1,2
80636,1,2
80637,1,2
80638,1,2
80639,1,2
80686,1,2
80687,1,2
80689,1,2
80796,1,2
80797,1,2
80798,1,2
80799,1,2
80801,1,2
80802,1,2
80803,1,2
80804,1,2
80805,1,2
80807,1,2
80809,1,2
80933,1,2
80935,1,2
80937,1,2
80939,1,2
80992,1,2
80993,1,2
80995,1,2
80997,1,2
80999,1,2
81241,1,2
81243,1,2
81245,1,2
81247,1,2
81249,1,2
81369,1,2
81371,1,2
81373,1,2
81375,1,2
81377,1,2
81379,1,2
81475,1,2
81476,1,2
81477,1,2
81479,1,2
81539,1,2
81541,1,2
81543,1,2
81545,1,2
81547,1,2
81549,1,2
81667,1,2
81669,1,2
81671,1,2
81673,1,2
81675,1,2
81677,1,2
81679,1,2
81735,1,2
81737,1,2
81739,1,2
81825,1,2
81827,1,2
81829,1,2
81925,1,2
81927,1,2
81929,1,2
82008,2,2
82024,2,2
82031,2,2
82035,2,2
82041,2,2
82049,2,2
82054,2,2
82057,2,2
82061,2,2
82064,2,2
82065,2,2
82067,2,2
82069,2,2
82110,2,2
82131,2,2
82140,2,2
82142,2,2
82152,2,2
82166,2,2
82178,2,2
82194,2,2
82205,2,2
82211,2,2
82216,2,2
82223,2,2
82229,2,2
82234,2,2
82237,2,2
82239,3,2
82256,2,2
82266,2,2
82269,3,2
82272,3,2
82275,2,2
82276,3,2
82278,3,2
82279,3,2
82281,3,2
82284,3,2
82285,3,2
82287,3,2
82288,3,2
82290,3,2
82291,3,2
82293,3,2
82294,3,2
82296,3,2
82297,3,2
82299,3,2
82319,2,2
82327,2,2
82335,2,2
82340,2,2
82341,2,2
82343,2,2
82346,3,2
82347,3,2
82349,2,2
82362,2,2
82377,2,2
82380,2,2
82383,3,2
82386,3,2
82387,3,2
82389,3,2
82390,3,2
82392,3,2
82393,3,2
82395,3,2
82396,3,2
82398,3,2
82399,3,2
82401,3,2
82402,3,2
82404,3,2
82405,3,2
82407,2,2
82409,3,2
82418,2,2
82431,3,2
82432,3,2
82433,3,2
82435,3,2
82436,3,2
82438,3,2
82439,3,2
82441,3,2
82442,3,2
82444,3,2
82445,3,2
82447,3,2
82449,3,2
82456,2,2
82467,3,2
82475,2,2
82481,2,2
82487,2,2
82488,3,2
82490,2,2
82491,2,2
82493,3,2
82494,3,2
82496,3,2
82497,3,2
82499,3,2
82515,2,2
82538,2,2
82541,3,2
82544,3,2
82547,3,2
82549,3,2
83013,1,2
83022,1,2
83024,1,2
83026,1,2
83043,2,2
83052,2,2
83059,2,2
83064,2,2
83071,2,2
83075,3,2
83080,3,2
83083,3,2
83088,2,2
83093,2,2
83098,2,2
83101,3,2
83104,3,2
83109,2,2
83112,3,2
83115,2,2
83119,3,2
83122,3,2
83123,3,2
83125,3,2
83126,2,2
83128,3,2
83129,3,2
83131,3,2
83132,3,2
83134,3,2
83135,3,2
83137,3,2
83139,3,2
83209,2,2
83219,2,2
83224,2,2
83229,3,2
83233,2,2
83236,3,2
83242,3,2
83243,3,2
83246,3,2
83250,2,2
83253,2,2
83254,3,2
83256,3,2
83257,3,2
83259,3,2
83278,2,2
83294,2,2
83301,2,2
83308,2,2
83313,3,2
83315,3,2
83317,3,2
83324,3,2
83329,3,2
83334,3,2
83339,3,2
83342,3,2
83346,2,2
83349,3,2
83352,2,2
83355,3,2
83358,3,2
83361,3,2
83362,3,2
83364,3,2
83365,3,2
83367,3,2
83368,2,2
83370,3,2
83371,2,2
83373,3,2
83374,2,2
83376,3,2
83377,2,2
83379,3,2
83395,2,2
83404,2,2
83410,2,2
83413,3,2
83416,3,2
83417,3,2
83435,2,2
83451,2,2
83454,3,2
83457,2,2
83458,3,2
83471,2,2
83483,2,2
83486,3,2
83487,3,2
83512,2,2
83527,2,2
83530,3,2
83533,2,2
83536,3,2
83539,3,2
83543,3,2
83544,3,2
83546,3,2
83547,3,2
83549,3,2
83550,3,2
83553,3,2
83555,3,2
83556,3,2
83558,3,2
83559,3,2
83561,3,2
83562,3,2
83564,3,2
83567,3,2
83569,3,2
83607,2,2
83620,2,2
83623,3,2
83624,2,2
83626,3,2
83627,3,2
83629,3,2
83646,2,2
83661,2,2
83666,3,2
83670,3,2
83671,2,2
83673,2,2
83674,2,2
83676,3,2
83677,2,2
83679,3,2
83684,2,2
83700,2,2
83703,2,2
83707,2,2
83708,2,2
83714,2,2
83727,2,2
83730,3,2
83734,2,2
83735,3,2
83737,3,2
84026,1,2
84028,1,2
84030,2,2
84032,2,2
84034,1,2
84036,2,2
84048,2,2
84051,3,2
84056,2,2
84061,2,2
84066,3,2
84069,2,2
84072,3,2
84076,3,2
84079,3,2
84082,3,2
84085,3,2
84088,3,2
84089,3,2
84091,3,2
84092,3,2
84094,3,2
84095,3,2
84097,3,2
84098,3,2
84100,2,2
84101,3,2
84103,3,2
84104,3,2
84106,3,2
84107,3,2
84109,2,2
84130,2,2
84137,2,2
84140,3,2
84144,2,2
84149,3,2
84152,3,2
84155,3,2
84160,2,2
84163,3,2
84164,3,2
84166,3,2
84168,3,2
84169,3,2
84171,3,2
84172,3,2
84174,3,2
84175,3,2
84177,3,2
84178,3,2
84180,3,2
84181,3,2
84183,3,2
84184,3,2
84186,3,2
84187,3,2
84189,3,2
84307,2,2
84323,3,2
84326,3,2
84329,3,2
84332,3,2
84333,3,2
84335,3,2
84337,3,2
84339,3,2
84347,2,2
84359,2,2
84364,3,2
84367,3,2
84371,3,2
84375,3,2
84378,3,2
84381,3,2
84384,3,2
84385,3,2
84387,3,2
84389,3,2
84405,2,2
84416,2,2
84419,3,2
84424,3,2
84427,3,2
84428,3,2
84431,3,2
84432,3,2
84434,3,2
84435,3,2
84437,3,2
84439,3,2
84453,2,2
84478,2,2
84489,2,2
84494,3,2
84503,2,2
84508,2,2
84513,2,2
84518,2,2
84524,2,2
84529,3,2
84533,3,2
84539,2,2
84543,2,2
84544,3,2
84546,3,2
84547,2,2
84549,3,2
84550,3,2
84552,3,2
84553,3,2
84555,3,2
84556,3,2
84558,3,2
84559,2,2
84561,2,2
84562,2,2
84564,3,2
84565,3,2
84567,3,2
84568,3,2
84570,3,2
84571,3,2
84573,3,2
84574,3,2
84576,3,2
84577,3,2
84579,2,2
85047,1,2
85049,1,2
85051,1,2
85053,1,2
85055,1,2
85057,1,2
85072,2,2
85077,2,2
85080,2,2
85084,3,2
85088,2,2
85092,2,2
85095,3,2
85098,2,2
85101,2,2
85104,3,2
85107,2,2
85110,3,2
85111,3,2
85113,3,2
85114,2,2
85116,3,2
85117,2,2
85119,3,2
85120,2,2
85122,3,2
85123,3,2
85125,3,2
85126,3,2
85128,3,2
85129,3,2
85131,3,2
85132,3,2
85134,3,2
85135,3,2
85137,3,2
85139,2,2
85221,2,2
85229,2,2
85232,3,2
85235,3,2
85238,3,2
85241,3,2
85244,3,2
85247,3,2
85250,3,2
85253,2,2
85254,3,2
85256,3,2
85258,3,2
85259,3,2
85276,2,2
85283,2,2
85290,2,2
85293,3,2
85296,3,2
85298,2,2
85301,3,2
85302,3,2
85304,2,2
85305,3,2
85307,3,2
85309,3,2
85350,2,2
85354,2,2
85356,2,2
85368,2,2
85371,2,2
85375,2,2
85376,2,2
85386,2,2
85391,3,2
85395,3,2
85399,2,2
85402,3,2
85405,3,2
85406,3,2
85408,3,2
85410,2,2
85411,3,2
85413,3,2
85414,3,2
85416,2,2
85417,2,2
85419,3,2
85435,2,2
85445,3,2
85447,3,2
85452,3,2
85456,3,2
85457,3,2
85459,3,2
85461,3,2
85462,3,2
85464,2,2
85465,3,2
85467,3,2
85469,3,2
85521,2,2
85540,2,2
85551,2,2
85560,2,2
85567,2,2
85570,2,2
85579,2,2
85586,2,2
85587,2,2
85591,2,2
85598,2,2
85599,2,2
85604,2,2
85609,2,2
85614,2,2
85617,3,2
85622,2,2
85625,3,2
85630,2,2
85635,2,2
85640,2,2
85643,3,2
85646,3,2
85649,3,2
85652,2,2
85653,3,2
85656,3,2
85658,3,2
85659,3,2
85661,3,2
85662,1,2
85664,3,2
85665,3,2
85667,3,2
85669,3,2
85716,2,2
85737,2,2
85748,2,2
85757,2,2
85764,2,2
85774,2,2
85777,3,2
85778,3,2
86150,1,2
86152,1,2
86153,1,2
86154,1,2
86156,1,2
86157,1,2
86159,1,2
86161,1,2
86163,1,2
86165,1,2
86167,1,2
86169,1,2
86179,1,2
86199,1,2
86316,2,2
86343,2,2
86356,2,2
86368,2,2
86381,2,2
86391,2,2
86399,2,2
86405,2,2
86415,2,2
86420,2,2
86424,3,2
86438,2,2
86441,3,2
86444,3,2
86447,3,2
86450,3,2
86453,3,2
86456,2,2
86459,3,2
86462,2,2
86465,3,2
86470,2,2
86473,3,2
86476,3,2
86477,3,2
86479,3,2
86480,3,2
86482,2,2
86483,3,2
86485,2,2
86486,3,2
86488,3,2
86489,3,2
86491,3,2
86492,3,2
86494,3,2
86495,3,2
86497,3,2
86498,3,2
86500,3,2
86502,3,2
86504,2,2
86505,3,2
86507,2,2
86508,3,2
86510,3,2
86511,3,2
86513,2,2
86514,3,2
86517,2,2
86519,3,2
86529,2,2
86551,2,2
86554,3,2
86556,3,2
86558,3,2
86559,3,2
86561,3,2
86562,3,2
86564,3,2
86565,3,2
86567,3,2
86568,3,2
86570,3,2
86571,3,2
86573,3,2
86574,3,2
86576,3,2
86577,3,2
86579,3,2
86609,2,2
86633,2,2
86637,2,2
86641,2,2
86643,3,2
86647,3,2
86650,3,2
86653,3,2
86655,3,2
86657,3,2
86660,3,2
86663,3,2
86666,3,2
86668,3,2
86669,3,2
86672,3,2
86673,3,2
86674,3,2
86675,3,2
86676,3,2
86678,3,2
86679,3,2
86681,3,2
86682,3,2
86684,3,2
86685,3,2
86687,3,2
86688,3,2
86690,3,2
86692,3,2
86694,3,2
86695,2,2
86697,3,2
86698,3,2
86700,3,2
86701,3,2
86703,3,2
86704,3,2
86706,3,2
86707,2,2
86709,3,2
86720,2,2
86732,2,2
86733,3,2
86735,3,2
86736,3,2
86738,3,2
86739,2,2
86741,3,2
86742,3,2
86744,2,2
86745,3,2
86747,3,2
86748,3,2
86750,3,2
86751,3,2
86753,3,2
86754,3,2
86756,3,2
86757,2,2
86759,3,2
86807,2,2
86825,2,2
86830,2,2
86833,3,2
86836,2,2
86842,2,2
86845,2,2
86850,3,2
86853,3,2
86854,3,2
86856,2,2
86857,3,2
86859,3,2
86860,3,2
86862,3,2
86863,3,2
86865,3,2
86866,3,2
86868,3,2
86869,3,2
86871,3,2
86872,3,2
86874,3,2
86875,3,2
86877,3,2
86879,3,2
86886,2,2
86899,2,2
86911,2,2
86916,2,2
86919,3,2
86920,3,2
86922,3,2
86923,3,2
86925,3,2
86926,3,2
86928,3,2
86929,3,2
86931,3,2
86932,3,2
86934,3,2
86935,3,2
86937,3,2
86938,3,2
86940,3,2
86941,3,2
86943,3,2
86944,3,2
86946,3,2
86947,3,2
86949,3,2
86956,2,2
86971,2,2
86972,2,2
86974,3,2
86975,3,2
86977,3,2
86978,2,2
86980,3,2
86981,3,2
86983,3,2
86984,3,2
86986,3,2
86987,3,2
86989,3,2
87435,1,2
87437,1,2
87439,1,2
87448,3,2
87452,3,2
87459,2,2
87463,3,2
87466,3,2
87471,1,2
87474,3,2
87477,3,2
87480,3,2
87484,3,2
87487,3,2
87488,3,2
87490,3,2
87493,3,2
87494,3,2
87496,3,2
87497,3,2
87499,3,2
87509,2,2
87527,2,2
87534,3,2
87538,3,2
87541,3,2
87544,2,2
87545,2,2
87547,3,2
87549,3,2
87561,2,2
87600,2,2
87616,2,2
87629,2,2
87634,3,2
87637,3,2
87640,3,2
87642,3,2
87645,2,2
87647,3,2
87648,3,2
87650,3,2
87651,3,2
87653,3,2
87654,3,2
87656,2,2
87657,3,2
87659,3,2
87660,3,2
87662,3,2
87663,3,2
87665,2,2
87666,2,2
87668,2,2
87669,3,2
87671,3,2
87672,3,2
87674,3,2
87675,3,2
87677,3,2
87679,3,2
87700,2,2
87719,2,2
87724,2,2
87727,2,2
87730,3,2
87733,3,2
87734,2,2
87736,3,2
87737,3,2
87739,3,2
87740,2,2
87742,3,2
87743,3,2
87745,3,2
87746,3,2
87748,3,2
87749,3,2
87751,3,2
87752,3,2
87754,3,2
87755,3,2
87757,3,2
87758,3,2
87760,3,2
87761,3,2
87763,3,2
87764,3,2
87766,2,2
87767,3,2
87769,3,2
87770,3,2
87772,3,2
87773,3,2
87775,3,2
87776,3,2
87778,3,2
87779,2,2
87781,3,2
87782,3,2
87784,3,2
87785,3,2
87787,3,2
87789,3,2
88045,2,2
88046,1,2
88048,1,2
88069,2,2
88074,2,2
88079,2,2
88085,2,2
88090,2,2
88094,3,2
88097,2,2
88099,3,2
88131,2,2
88138,3,2
88142,2,2
88145,3,2
88147,3,2
88149,2,2
88161,2,2
88167,3,2
88171,2,2
88175,3,2
88178,2,2
88179,3,2
88212,2,2
88213,2,2
88214,2,2
88239,2,2
88250,2,2
88255,2,2
88260,3,2
88263,3,2
88267,3,2
88271,3,2
88273,2,2
88276,2,2
88279,3,2
88281,3,2
88284,3,2
88285,3,2
88287,3,2
88289,3,2
88299,2,2
88316,2,2
88317,3,2
88319,3,2
88326,2,2
88339,2,2
88348,2,2
88353,2,2
88356,3,2
88361,3,2
88364,3,2
88367,3,2
88368,3,2
88370,3,2
88371,3,2
88373,3,2
88374,3,2
88376,3,2
88377,3,2
88379,3,2
88400,2,2
88410,3,2
88416,2,2
88422,3,2
88427,2,2
88430,3,2
88433,3,2
88436,3,2
88437,3,2
88441,2,2
88444,2,2
88447,2,2
88448,3,2
88450,3,2
88451,3,2
88453,3,2
88454,3,2
88456,3,2
88457,3,2
88459,3,2
88471,2,2
88477,3,2
88480,2,2
88481,3,2
88483,2,2
88484,3,2
88486,3,2
88487,2,2
88489,3,2
88499,2,2
88512,2,2
88515,3,2
88518,3,2
88521,3,2
88524,3,2
88525,3,2
88527,2,2
88529,3,2
88605,3,2
88630,2,2
88631,3,2
88633,3,2
88634,3,2
88636,3,2
88637,3,2
88639,3,2
88662,2,2
88677,2,2
88682,2,2
88690,2,2
88693,3,2
88696,3,2
88697,3,2
88699,3,2
88709,2,2
88718,2,2
88719,2,2
89073,1,2
89075,1,2
89077,1,2
89079,1,2
89081,1,2
89129,2,2
89134,2,2
89143,2,2
89150,2,2
89155,2,2
89160,3,2
89165,2,2
89168,3,2
89171,2,2
89173,3,2
89174,3,2
89176,3,2
89177,3,2
89179,3,2
89180,3,2
89182,3,2
89183,3,2
89185,3,2
89186,2,2
89188,3,2
89189,3,2
89191,3,2
89192,3,2
89194,3,2
89195,3,2
89197,3,2
89198,3,2
89210,1,2
89231,1,2
89233,1,2
89250,2,2
89257,2,2
89264,2,2
89269,2,2
89270,2,2
89275,2,2
89278,2,2
89281,3,2
89284,3,2
89287,2,2
89290,3,2
89291,3,2
89293,3,2
89294,3,2
89296,3,2
89297,3,2
89299,3,2
89312,2,2
89331,2,2
89335,2,2
89340,2,2
89343,3,2
89344,3,2
89346,3,2
89347,2,2
89349,3,2
89350,3,2
89352,3,2
89353,3,2
89355,3,2
89356,3,2
89358,3,2
89359,3,2
89361,3,2
89362,3,2
89364,3,2
89365,3,2
89367,2,2
89368,3,2
89407,2,2
89415,2,2
89420,2,2
89423,2,2
89426,3,2
89428,3,2
89429,3,2
89431,2,2
89434,3,2
89435,3,2
89437,3,2
89438,3,2
89440,3,2
89441,3,2
89443,3,2
89446,3,2
89447,3,2
89518,2,2
89520,2,2
89522,2,2
89537,2,2
89542,2,2
89547,2,2
89551,3,2
89555,2,2
89558,3,2
89561,3,2
89564,3,2
89567,2,2
89568,3,2
89584,2,2
89597,2,2
89601,3,2
89604,3,2
89605,3,2
89607,3,2
89608,3,2
89610,3,2
89611,3,2
89613,3,2
89614,3,2
89616,3,2
89617,3,2
89619,3,2
90402,1,2
90403,1,2
90408,1,2
90409,1,2
90411,1,2
90419,1,2
90425,1,2
90427,1,2
90429,1,2
90431,1,2
90439,1,2
90441,1,2
90443,1,2
90449,1,2
90451,1,2
90453,1,2
90455,1,2
90459,1,2
90461,1,2
90469,1,2
90471,1,2
90473,1,2
90475,3,2
90478,1,2
90480,1,2
90482,1,2
90489,1,2
90491,1,2
90513,1,2
90518,2,2
90522,1,2
90530,2,2
90537,2,2
90542,2,2
90547,2,2
90552,2,2
90556,2,2
90559,2,2
90562,2,2
90571,2,2
90574,2,2
90579,2,2
90580,2,2
90584,2,2
90587,2,2
90592,2,2
90596,2,2
90599,3,2
90602,3,2
90607,2,2
90610,3,2
90613,3,2
90614,3,2
90616,3,2
90617,3,2
90619,3,2
90744,1,2
90762,1,2
90763,1,2
90765,1,2
90766,1,2
90768,1,2
91051,1,2
91052,1,2
91054,2,2
91056,1,2
91058,1,2
91074,2,2
91077,2,2
91080,1,2
91083,2,2
91085,3,2
91086,2,2
91088,2,2
91090,2,2
91091,2,2
91093,2,2
91094,2,2
91096,2,2
91097,3,2
91099,2,2
91126,2,2
91154,2,2
91161,2,2
91166,2,2
91171,3,2
91174,3,2
91177,3,2
91180,3,2
91183,3,2
91186,2,2
91187,3,2
91189,3,2
91207,2,2
91217,2,2
91220,2,2
91224,3,2
91227,3,2
91230,3,2
91233,2,2
91235,3,2
91236,3,2
91238,3,2
91239,2,2
91241,3,2
91242,2,2
91244,2,2
91245,3,2
91247,3,2
91249,3,2
91257,2,2
91275,2,2
91278,3,2
91281,3,2
91282,3,2
91284,3,2
91286,3,2
91287,3,2
91289,3,2
91301,2,2
91315,2,2
91320,3,2
91322,2,2
91325,2,2
91327,3,2
91330,3,2
91332,3,2
91334,2,2
91336,2,2
91338,2,2
91341,2,2
91344,3,2
91346,3,2
91347,3,2
91349,3,2
91350,2,2
91352,3,2
91353,2,2
91355,3,2
91356,3,2
91358,3,2
91359,3,2
91361,3,2
91362,3,2
91364,3,2
91365,3,2
91367,2,2
91369,2,2
91413,2,2
91438,2,2
91443,3,2
91448,3,2
91452,3,2
91456,2,2
91459,3,2
91460,3,2
91462,3,2
91463,3,2
91465,3,2
91466,3,2
91468,3,2
91469,3,2
91471,3,2
91472,3,2
91474,3,2
91475,3,2
91477,3,2
91478,3,2
91480,3,2
91481,3,2
91483,3,2
91484,3,2
91486,3,2
91487,3,2
91489,3,2
91522,2,2
91541,2,2
91550,2,2
91555,2,2
91560,2,2
91564,2,2
91567,3,2
91572,3,2
91575,3,2
91578,3,2
91580,3,2
91583,3,2
91586,3,2
91587,3,2
91589,3,2
91590,3,2
91592,3,2
91593,3,2
91595,3,2
91596,3,2
91598,3,2
91599,3,2
91601,3,2
91602,3,2
91604,3,2
91605,3,2
91607,2,2
91608,3,2
91610,3,2
91611,3,2
91613,3,2
91614,3,2
91616,3,2
91617,3,2
91619,3,2
91620,3,2
91622,3,2
91623,3,2
91625,3,2
91626,3,2
91628,3,2
91629,3,2
91631,3,2
91632,3,2
91634,3,2
91635,3,2
91637,3,2
91639,3,2
91710,2,2
91717,3,2
91719,3,2
91720,3,2
91722,3,2
91723,3,2
91725,3,2
91726,3,2
91728,3,2
91729,3,2
91731,3,2
91732,3,2
91734,3,2
91735,3,2
91737,3,2
91738,3,2
91740,3,2
91741,3,2
91743,3,2
91744,3,2
91746,3,2
91747,3,2
91749,3,2
91757,2,2
91781,2,2
91785,3,2
91788,3,2
91790,3,2
91792,3,2
91793,3,2
91795,3,2
91796,3,2
91798,3,2
91799,3,2
91801,3,2
91802,3,2
91804,3,2
91805,3,2
91807,3,2
91809,3,2
92224,2,2
92237,2,2
92242,3,2
92245,2,2
92249,3,2
92253,3,2
92256,3,2
92259,3,2
92260,3,2
92262,3,2
92263,3,2
92265,3,2
92266,3,2
92268,3,2
92269,3,2
92271,3,2
92272,3,2
92274,3,2
92275,3,2
92277,3,2
92278,3,2
92280,3,2
92281,3,2
92283,3,2
92284,2,2
92286,3,2
92287,3,2
92289,3,2
92305,2,2
92318,2,2
92331,2,2
92334,3,2
92339,2,2
92342,3,2
92345,3,2
92348,3,2
92353,2,2
92355,3,2
92358,3,2
92360,3,2
92361,3,2
92363,3,2
92364,3,2
92366,3,2
92367,3,2
92369,2,2
92421,2,2
92431,2,2
92436,2,2
92439,3,2
92442,2,2
92444,3,2
92445,3,2
92447,3,2
92449,2,2
92507,3,2
92521,2,2
92526,3,2
92533,3,2
92536,3,2
92539,3,2
92540,3,2
92542,3,2
92543,3,2
92545,3,2
92546,3,2
92548,3,2
92549,3,2
92551,3,2
92552,3,2
92554,3,2
92555,3,2
92557,3,2
92559,3,2
92637,2,2
92648,3,2
92655,3,2
92660,2,2
92665,2,2
92670,3,2
92676,3,2
92677,3,2
92681,3,2
92685,3,2
92690,3,2
92693,3,2
92694,3,2
92696,3,2
92697,3,2
92699,3,2
92700,3,2
92702,3,2
92703,3,2
92705,3,2
92706,3,2
92708,3,2
92709,3,2
92711,3,2
92712,2,2
92714,3,2
92715,3,2
92717,3,2
92718,2,2
92720,3,2
92721,2,2
92723,3,2
92724,3,2
92726,3,2
92727,3,2
92729,3,2
93019,1,2
93047,1,2
93049,1,2
93051,1,2
93053,1,2
93055,1,2
93057,1,2
93059,1,2
93073,2,2
93077,2,2
93080,2,2
93083,2,2
93086,3,2
93087,2,2
93089,3,2
93090,3,2
93092,2,2
93093,2,2
93095,3,2
93096,2,2
93098,3,2
93099,3,2
93101,3,2
93102,3,2
93104,3,2
93105,2,2
93107,3,2
93109,3,2
93128,2,2
93133,2,2
93138,2,2
93142,2,2
93149,2,2
93152,2,2
93155,2,2
93158,2,2
93161,2,2
93164,3,2
93167,3,2
93170,3,2
93173,2,2
93176,3,2
93177,3,2
93179,3,2
93180,2,2
93182,3,2
93183,3,2
93185,3,2
93186,3,2
93188,3,2
93189,3,2
93191,3,2
93192,3,2
93194,3,2
93195,3,2
93197,2,2
93199,3,2
93309,2,2
93326,2,2
93333,2,2
93336,3,2
93339,3,2
93342,2,2
93343,3,2
93345,3,2
93346,2,2
93348,3,2
93349,3,2
93351,3,2
93352,3,2
93354,3,2
93356,3,2
93358,3,2
93359,3,2
93413,2,2
93426,2,2
93437,2,2
93444,3,2
93449,3,2
93453,3,2
93455,3,2
93458,3,2
93462,3,2
93464,3,2
93466,3,2
93468,3,2
93470,3,2
93471,3,2
93473,3,2
93474,3,2
93476,3,2
93477,3,2
93479,3,2
93480,3,2
93482,3,2
93483,3,2
93485,3,2
93486,3,2
93488,3,2
93489,3,2
93491,3,2
93492,3,2
93494,3,2
93495,3,2
93497,3,2
93499,3,2
94030,2,2
94032,1,2
94034,1,2
94036,1,2
94051,3,2
94060,2,2
94065,3,2
94072,3,2
94078,3,2
94081,3,2
94086,3,2
94089,3,2
94094,3,2
94099,3,2
94104,3,2
94107,3,2
94110,3,2
94113,3,2
94116,3,2
94118,3,2
94121,2,2
94124,3,2
94127,3,2
94130,3,2
94133,3,2
94136,3,2
94137,3,2
94139,3,2
94140,3,2
94142,3,2
94143,3,2
94145,3,2
94146,3,2
94148,3,2
94149,3,2
94151,3,2
94152,2,2
94154,3,2
94157,3,2
94158,3,2
94160,3,2
94161,3,2
94163,3,2
94164,3,2
94166,3,2
94167,3,2
94169,3,2
94209,2,2
94227,2,2
94234,2,2
94239,3,2
94244,3,2
94249,3,2
94250,3,2
94252,3,2
94253,3,2
94255,3,2
94256,3,2
94258,3,2
94259,3,2
94261,3,2
94262,3,2
94264,3,2
94265,3,2
94267,3,2
94269,3,2
94315,2,2
94327,2,2
94330,3,2
94333,3,2
94336,3,2
94339,3,2
94342,3,2
94344,3,2
94345,3,2
94347,3,2
94348,3,2
94350,3,2
94351,3,2
94353,3,2
94354,3,2
94356,3,2
94357,3,2
94359,3,2
94360,3,2
94362,3,2
94363,3,2
94365,3,2
94366,3,2
94368,3,2
94369,3,2
94371,3,2
94372,3,2
94374,3,2
94375,3,2
94377,3,2
94379,3,2
94405,2,2
94417,3,2
94419,3,2
94424,3,2
94428,3,2
94431,3,2
94436,3,2
94437,3,2
94439,3,2
94447,2,2
94469,2,2
94474,2,2
94475,3,2
94481,2,2
94486,2,2
94491,2,2
94496,3,2
94501,3,2
94505,3,2
94508,3,2
94513,3,2
94518,3,2
94522,2,2
94526,2,2
94527,3,2
94529,3,2
94530,3,2
94532,3,2
94533,3,2
94535,3,2
94536,3,2
94538,3,2
94539,3,2
94541,3,2
94542,3,2
94544,3,2
94545,3,2
94547,3,2
94548,3,2
94550,3,2
94551,3,2
94553,3,2
94554,3,2
94556,3,2
94557,2,2
94559,3,2
94560,2,2
94562,3,2
94563,3,2
94566,3,2
94568,3,2
94569,3,2
94571,3,2
94572,3,2
94574,3,2
94575,3,2
94577,3,2
94579,3,2
95015,2,2
95028,2,2
95030,2,2
95032,2,2
95100,2,2
95111,2,2
95119,2,2
95120,2,2
95126,2,2
95131,3,2
95138,3,2
95145,2,2
95152,3,2
95153,3,2
95158,3,2
95163,3,2
95168,3,2
95173,3,2
95176,3,2
95179,3,2
95180,3,2
95182,2,2
95183,3,2
95185,3,2
95186,3,2
95188,3,2
95189,3,2
95191,3,2
95192,3,2
95194,3,2
95195,3,2
95197,3,2
95199,3,2
95213,2,2
95233,3,2
95234,3,2
95236,3,2
95237,3,2
95239,3,2
95311,2,2
95326,2,2
95336,2,2
95339,3,2
95346,3,2
95349,3,2
95352,3,2
95353,3,2
95355,3,2
95356,3,2
95358,3,2
95359,3,2
95361,3,2
95362,3,2
95364,3,2
95365,3,2
95367,3,2
95369,3,2
95410,1,2
95444,1,2
95445,1,2
95447,1,2
95448,1,2
95460,3,2
95463,2,2
95466,3,2
95469,3,2
95473,3,2
95478,3,2
95480,3,2
95482,3,2
95485,3,2
95488,2,2
95490,3,2
95491,3,2
95493,3,2
95494,3,2
95496,3,2
95497,3,2
95499,3,2
95500,2,2
95502,3,2
95503,2,2
95505,3,2
95506,3,2
95508,3,2
95509,3,2
95511,2,2
95512,3,2
95514,3,2
95515,3,2
95517,3,2
95519,3,2
95615,2,2
95632,2,2
95643,2,2
95652,3,2
95659,3,2
95666,2,2
95671,3,2
95676,3,2
95679,2,2
95680,3,2
95682,3,2
95683,3,2
95685,3,2
95686,3,2
95688,3,2
95689,3,2
95691,3,2
95692,3,2
95694,3,2
95695,3,2
95697,3,2
95698,3,2
95700,3,2
95701,3,2
95703,3,2
95704,3,2
95706,3,2
95707,3,2
95709,3,2
96031,1,2
96047,1,2
96049,1,2
96050,1,2
96052,1,2
96103,2,2
96106,3,2
96110,3,2
96114,2,2
96117,2,2
96120,1,2
96123,3,2
96126,3,2
96129,2,2
96132,3,2
96135,2,2
96138,3,2
96142,3,2
96145,3,2
96146,2,2
96148,3,2
96149,2,2
96151,3,2
96152,3,2
96154,3,2
96155,2,2
96157,3,2
96158,3,2
96160,3,2
96161,3,2
96163,2,2
96164,2,2
96166,3,2
96167,3,2
96169,3,2
96170,3,2
96172,3,2
96173,2,2
96175,3,2
96176,3,2
96178,3,2
96179,2,2
96181,3,2
96182,3,2
96184,3,2
96185,3,2
96187,3,2
96188,3,2
96190,3,2
96191,2,2
96193,3,2
96194,2,2
96196,3,2
96197,3,2
96199,2,2
96215,2,2
96224,2,2
96231,2,2
96237,2,2
96242,2,2
96247,2,2
96250,3,2
96253,3,2
96257,3,2
96260,3,2
96264,2,2
96268,3,2
96269,3,2
96271,3,2
96272,3,2
96274,3,2
96275,2,2
96277,3,2
96279,2,2
96317,2,2
96328,2,2
96332,3,2
96337,3,2
96342,3,2
96346,3,2
96349,3,2
96352,3,2
96355,3,2
96358,3,2
96361,3,2
96364,3,2
96365,3,2
96367,3,2
96369,3,2
96450,2,2
96465,2,2
96472,2,2
96476,3,2
96479,2,2
96482,2,2
96484,3,2
96486,2,2
96487,2,2
96489,3,2
96515,2,3
96523,3,3
96524,3,3
96528,3,3
97070,1,2
97072,1,2
97074,1,2
97076,1,2
97078,1,2
97080,1,2
97082,1,2
97084,1,2
97199,2,2
97204,2,2
97209,2,2
97215,2,2
97218,2,2
97222,2,2
97225,2,2
97228,2,2
97230,2,2
97232,3,2
97234,3,2
97236,2,2
97237,3,2
97239,3,2
97241,3,2
97243,3,2
97244,3,2
97246,2,2
97247,3,2
97249,2,2
97250,3,2
97252,2,2
97253,3,2
97255,3,2
97256,3,2
97258,3,2
97259,3,2
97261,3,2
97262,3,2
97264,3,2
97265,2,2
97267,3,2
97268,3,2
97270,2,2
97271,3,2
97273,3,2
97274,3,2
97276,2,2
97277,3,2
97279,3,2
97280,3,2
97282,3,2
97283,3,2
97285,3,2
97286,2,2
97288,3,2
97289,3,2
97291,2,2
97292,3,2
97294,3,2
97295,2,2
97297,2,2
97299,2,2
97318,2,2
97320,2,2
97332,2,2
97334,3,2
97337,3,2
97340,2,2
97342,3,2
97346,3,2
97348,3,2
97350,3,2
97353,3,2
97355,3,2
97357,3,2
97359,3,2
97420,1,2
97421,1,2
97422,1,2
97424,1,2
97437,2,2
97440,3,2
97447,2,2
97450,3,2
97451,2,2
97453,3,2
97456,3,2
97461,3,2
97464,2,2
97469,2,2
97475,3,2
97478,3,2
97483,2,2
97486,3,2
97488,3,2
97490,3,2
97491,3,2
97493,2,2
97494,3,2
97496,3,2
97497,3,2
97499,3,2
97500,2,2
97502,3,2
97503,2,2
97505,2,2
97506,2,2
97508,3,2
97509,3,2
97511,3,2
97513,3,2
97514,3,2
97516,3,2
97517,3,2
97519,3,2
97520,2,2
97522,3,2
97523,3,2
97525,3,2
97526,2,2
97528,3,2
97529,3,2
97531,3,2
97532,3,2
97534,3,2
97535,3,2
97537,3,2
97539,3,2
97616,2,2
97618,2,2
97631,3,2
97633,3,2
97638,3,2
97640,3,2
97645,3,2
97647,3,2
97650,3,2
97653,3,2
97654,3,2
97656,3,2
97657,3,2
97659,3,2
97688,2,2
97702,3,2
97705,3,2
97708,3,2
97711,3,2
97714,3,2
97717,3,2
97720,2,2
97723,3,2
97724,3,2
97725,3,2
97727,3,2
97729,3,2
97737,2,2
97753,2,2
97762,3,2
97769,2,2
97772,3,2
97773,3,2
97775,3,2
97776,3,2
97778,3,2
97779,3,2
97780,3,2
97782,3,2
97783,3,2
97785,3,2
97786,3,2
97788,3,2
97789,3,2
97791,3,2
97792,3,2
97794,3,2
97795,3,2
97797,3,2
97799,3,2
97816,2,2
97828,2,2
97833,3,2
97834,3,2
97836,3,2
97837,3,2
97839,3,2
97840,2,2
97842,3,2
97843,3,2
97845,3,2
97846,3,2
97848,3,2
97849,3,2
97851,3,2
97852,3,2
97854,3,2
97855,3,2
97857,3,2
97859,3,2
97877,2,2
97892,2,2
97896,3,2
97900,3,2
97901,3,2
97903,3,2
97904,3,2
97906,2,2
97907,2,2
97909,2,2
97922,2,2
97941,2,2
97944,3,2
97947,3,2
97950,3,2
97953,3,2
97956,3,2
97957,3,2
97959,3,2
97980,2,2
97990,3,2
97993,3,2
97996,3,2
97999,2,2
98527,2,3
98528,2,3
98529,2,3
98530,3,3
98544,2,3
98547,3,3
98553,3,3
98554,3,3
98559,3,3
98574,2,3
98587,2,3
98590,3,3
98593,3,3
98596,3,3
98597,3,3
98617,2,3
98630,3,3
98631,3,3
98634,3,3
98639,3,3
98646,2,3
98660,3,3
98663,3,3
98666,3,3
98667,3,3
98669,3,3
98673,3,3
98693,2,3
98694,3,3
98701,3,3
98711,3,3
98716,3,3
98724,3,3
98743,3,3
98744,3,3
98746,3,3
99084,1,3
99085,1,3
99086,1,3
99087,1,3
99089,1,3
99090,1,3
99091,1,3
99092,1,3
99094,1,3
99095,1,3
99096,1,3
99097,1,3
99098,1,3
99099,1,3
99100,3,3
99102,3,3
99189,3,3
99192,3,3
99195,3,3
99198,3,3
99310,2,3
99326,3,3
99330,3,3
99334,3,3
99338,3,3
99423,2,3
99425,1,3
99427,1,3
99428,3,3
99438,2,3
99439,3,3
99441,2,3
99444,3,3
99448,3,3
99510,2,3
99518,3,3
99610,2,3
99625,3,3
99628,3,3
99631,3,3
99634,3,3
99636,3,3
99638,3,3
99706,2,3
99707,3,3
99713,3,3
99718,3,3
99734,2,3
99735,3,3
99752,3,3
99755,3,3
99759,3,3
99765,3,3
99768,2,3
99817,2,3
99819,3,3
99820,3,3
99826,3,3
99830,3,3
99831,3,3
99834,3,3
99837,3,3
99842,3,3
99846,2,3
99848,2,3
99867,2,3
99869,3,3
99880,2,3
99885,3,3
99887,3,3
99891,3,3
99894,3,3
99897,3,3
99947,2,3
99955,3,3
99958,3,3
99974,2,3
99976,3,3
99986,3,3
99988,3,3
99991,3,3
99994,3,3
99996,3,3
99998,3,3
